-0.00,-0.00,0.03,-0.00,-0.00
-0.00,-0.00,0.03,-0.00,-0.00
-0.00,-0.00,0.03,-0.00,0.00
2.56,2.56,2.60,0.08,2.66
15.18,15.18,14.20,4.58,10.60
22.63,22.63,38.27,5.74,17.40
17.50,17.50,41.46,3.21,17.93
19.43,19.43,67.99,2.08,29.07
10.69,10.69,87.55,-0.00,29.15
17.95,17.95,87.14,0.06,28.77
34.61,34.61,86.58,3.96,38.51
36.31,36.31,77.89,16.11,40.25
36.94,36.94,62.28,9.26,40.63
40.42,40.42,56.35,6.74,42.73
43.66,43.66,54.88,8.41,43.03
43.11,43.11,48.52,8.26,46.70
41.91,41.91,42.30,11.40,47.51
42.44,42.44,37.74,12.20,44.81
43.37,43.37,35.71,11.50,43.75
42.33,42.33,36.50,15.63,44.30
43.31,43.31,37.13,14.38,45.83
44.91,44.91,38.15,17.26,47.75
44.70,44.70,38.33,16.43,46.33
43.99,43.99,36.40,14.58,46.41
43.94,43.94,34.17,15.88,44.41
45.87,45.87,35.77,12.65,44.41
44.17,44.17,39.45,16.61,39.44
36.00,36.00,48.16,9.89,32.27
18.18,18.18,55.09,1.54,26.90
18.95,18.95,77.91,0.06,32.54
22.34,22.34,88.83,-0.00,30.42
30.87,30.87,84.77,0.57,30.69
40.95,40.95,87.17,6.02,36.26
38.89,38.89,73.87,5.44,30.74
41.20,41.20,63.07,6.95,23.43
50.93,50.93,59.55,3.99,20.22
71.15,71.15,70.69,1.21,26.67
77.84,77.84,87.67,0.01,26.22
79.39,79.39,84.03,-0.00,26.76
80.29,80.29,80.19,-0.00,27.79
80.03,80.03,69.56,-0.00,32.00
79.02,79.02,64.33,0.39,27.69
77.89,77.89,55.99,1.98,28.17
76.36,76.36,50.60,5.95,34.33
76.37,76.37,42.96,17.49,36.80
77.75,77.75,36.45,24.86,38.59
78.70,78.70,35.79,19.96,40.62
78.55,78.55,32.82,16.69,34.09
75.52,75.52,46.28,12.74,32.62
73.39,73.39,55.85,3.79,23.71
73.98,73.98,63.18,0.45,27.46
76.83,76.83,85.83,-0.00,33.38
78.00,78.00,87.72,-0.00,31.07
77.91,77.91,85.51,0.79,31.87
77.51,77.51,86.76,10.00,35.02
77.14,77.14,70.17,12.63,36.01
76.96,76.96,59.78,6.30,36.45
76.06,76.06,58.71,7.81,36.79
70.86,70.86,54.34,14.37,33.53
62.97,62.97,47.74,21.83,32.32
66.34,66.34,42.93,24.07,34.63
66.31,66.31,31.66,17.10,36.86
65.04,65.04,31.95,14.33,37.51
63.42,63.42,28.50,13.72,33.93
65.65,65.65,34.01,22.18,34.20
82.07,82.07,27.97,28.90,40.71
85.27,85.27,27.82,36.82,37.86
82.34,82.34,24.47,22.71,34.96
82.90,82.90,27.62,29.39,35.12
82.60,82.60,28.37,24.02,34.97
82.90,82.90,31.80,25.69,34.30
82.52,82.52,29.98,21.29,32.73
81.40,81.40,29.23,27.12,30.55
68.32,68.32,24.86,27.57,41.22
62.05,62.05,25.54,28.70,35.83
73.24,73.24,22.06,16.61,30.74
71.79,71.79,31.24,19.15,30.80
70.85,70.85,42.77,14.45,27.24
71.17,71.17,55.06,13.60,30.02
76.07,76.07,70.33,9.16,35.96
83.85,83.85,84.77,0.91,38.71
80.80,80.80,87.72,-0.00,38.72
81.05,81.05,85.30,1.54,37.54
81.01,81.01,86.74,9.63,35.67
79.04,79.04,69.48,9.86,32.93
73.32,73.32,58.73,12.61,37.71
68.51,68.51,57.94,11.73,37.53
67.30,67.30,51.83,10.53,32.33
65.60,65.60,44.11,16.84,34.51
70.29,70.29,38.63,24.51,39.72
71.11,71.11,24.11,19.73,34.85
70.60,70.60,37.34,22.30,37.05
72.35,72.35,53.19,15.12,31.07
67.84,67.84,66.97,12.84,25.94
68.02,68.02,72.99,7.77,18.86
69.28,69.28,87.44,2.94,15.57
78.76,78.76,84.38,0.02,17.89
80.06,80.06,80.34,1.97,22.41
80.34,80.34,68.08,2.19,25.25
80.68,80.68,60.46,0.54,24.14
81.88,81.88,60.06,0.15,24.12
82.69,82.69,67.11,0.24,22.05
82.68,82.68,88.72,0.01,19.98
75.79,75.79,87.53,0.00,21.22
55.68,55.68,85.50,0.82,24.24
57.61,57.61,83.00,4.10,26.54
63.06,63.06,66.18,8.75,34.94
74.88,74.88,59.98,9.75,35.39
80.62,80.62,56.41,9.28,30.92
80.89,80.89,51.95,12.69,32.14
80.98,80.98,47.39,19.34,32.26
80.24,80.24,35.76,19.65,32.81
77.05,77.05,36.70,22.63,36.08
71.64,71.64,29.40,24.36,36.01
64.90,64.90,27.05,22.11,41.28
66.26,66.26,27.97,21.03,45.02
67.21,67.21,32.68,25.93,49.06
68.63,68.63,34.91,30.55,47.74
68.01,68.01,32.02,24.42,46.99
65.78,65.78,28.99,25.58,40.64
62.95,62.95,33.77,20.99,35.46
62.53,62.53,46.98,17.01,29.37
61.56,61.56,59.74,12.32,31.85
77.61,77.61,79.21,6.08,37.90
83.67,83.67,88.15,1.99,38.26
81.05,81.05,85.95,1.39,34.93
81.14,81.14,86.44,12.13,37.13
80.88,80.88,80.22,17.11,38.31
81.68,81.68,64.32,13.03,38.94
81.30,81.30,57.94,12.35,40.28
81.94,81.94,54.97,15.97,38.94
81.60,81.60,51.53,21.19,40.14
81.90,81.90,47.52,29.83,43.25
81.39,81.39,32.09,29.82,44.81
83.48,83.48,34.71,23.29,41.16
80.97,80.97,31.33,23.04,41.13
80.45,80.45,29.32,22.90,39.91
80.01,80.01,27.74,23.06,40.14
81.37,81.37,28.49,24.80,38.41
81.07,81.07,27.39,23.40,36.78
82.04,82.04,28.82,21.82,38.42
80.30,80.30,27.00,23.43,35.84
78.40,78.40,25.76,22.62,33.24
76.50,76.50,27.40,22.77,32.30
76.40,76.40,28.27,23.19,33.98
69.19,69.19,25.99,27.89,38.51
66.36,66.36,25.09,26.36,33.30
67.60,67.60,30.76,26.16,37.76
68.74,68.74,22.89,26.91,36.04
71.41,71.41,32.32,19.70,34.04
72.36,72.36,51.10,18.81,35.56
70.07,70.07,60.49,11.06,28.47
66.38,66.38,69.23,5.35,23.20
64.68,64.68,87.56,2.87,23.12
60.85,60.85,85.80,7.15,24.27
57.52,57.52,81.28,5.19,24.99
51.37,51.37,72.68,1.66,29.05
48.38,48.38,64.96,2.97,25.11
50.98,50.98,57.18,4.23,32.24
53.39,53.39,51.33,8.84,40.34
54.03,54.03,46.12,13.28,43.13
58.10,58.10,40.37,16.18,44.28
61.07,61.07,34.88,20.05,43.53
62.15,62.15,32.65,17.15,42.45
61.97,61.97,45.16,15.97,38.48
59.84,59.84,56.12,7.75,32.76
52.04,52.04,60.99,0.06,26.46
46.21,46.21,80.61,0.03,29.41
40.13,40.13,88.31,-0.00,29.25
50.41,50.41,84.28,2.17,36.06
52.36,52.36,87.23,6.82,42.48
49.22,49.22,73.04,15.81,43.84
50.21,50.21,60.30,9.82,47.86
45.40,45.40,58.55,11.72,40.77
48.25,48.25,53.87,8.96,38.78
63.37,63.37,45.59,9.66,41.20
73.96,73.96,37.75,12.95,38.92
68.23,68.23,39.44,10.68,40.08
67.66,67.66,30.94,13.69,37.91
71.14,71.14,36.97,16.54,44.35
72.29,72.29,32.83,31.11,42.75
81.49,81.49,33.22,38.07,41.41
78.55,78.55,32.97,32.21,33.53
76.63,76.63,31.59,27.67,34.34
76.98,76.98,28.14,21.88,36.42
78.82,78.82,27.21,25.19,36.90
77.27,77.27,28.44,27.70,36.66
77.82,77.82,24.01,19.58,30.33
78.75,78.75,29.04,22.38,27.57
79.67,79.67,31.30,22.66,33.42
79.05,79.05,29.12,23.92,37.68
75.09,75.09,23.39,20.42,39.61
66.04,66.04,21.01,24.69,34.25
62.69,62.69,33.41,25.70,30.52
63.10,63.10,28.53,25.13,32.18
79.99,79.99,26.29,25.04,35.72
85.32,85.32,31.99,26.72,32.22
84.07,84.07,35.53,27.60,33.46
83.11,83.11,26.76,20.05,35.81
81.53,81.53,24.99,19.71,36.84
81.12,81.12,41.32,16.53,36.25
80.43,80.43,48.37,10.01,30.28
80.76,80.76,60.44,7.45,22.09
80.21,80.21,75.87,4.28,23.28
73.81,73.81,88.59,0.29,18.03
66.62,66.62,86.35,-0.00,21.85
70.38,70.38,86.80,0.56,27.86
69.05,69.05,79.60,5.74,28.98
69.85,69.85,56.47,7.92,30.39
68.10,68.10,61.10,7.43,28.01
65.51,65.51,63.87,2.99,20.77
73.90,73.90,86.75,0.09,24.08
75.80,75.80,85.67,0.03,25.13
77.48,77.48,82.49,0.00,24.00
78.67,78.67,73.89,-0.00,25.15
78.13,78.13,63.20,2.00,27.05
79.02,79.02,64.46,3.39,27.03
80.25,80.25,61.10,5.98,28.71
79.72,79.72,54.28,12.74,32.96
72.50,72.50,48.79,17.83,35.19
60.20,60.20,43.49,21.77,32.49
60.67,60.67,34.90,22.52,32.83
63.07,63.07,32.69,24.10,36.15
66.84,66.84,35.80,25.35,38.64
71.06,71.06,40.86,26.55,45.35
71.92,71.92,38.22,26.31,45.60
76.59,76.59,30.48,29.53,45.91
82.90,82.90,24.43,24.23,36.91
80.91,80.91,26.56,22.92,38.07
79.11,79.11,28.25,28.75,37.50
76.10,76.10,29.60,25.70,37.26
72.13,72.13,28.63,24.30,37.74
70.34,70.34,30.55,20.21,37.17
69.77,69.77,37.33,17.76,38.61
67.55,67.55,41.21,26.49,39.09
68.92,68.92,35.43,25.10,38.97
70.35,70.35,40.18,22.18,37.41
66.11,66.11,51.78,15.96,29.63
61.93,61.93,55.58,7.82,23.23
67.53,67.53,68.34,3.15,29.64
84.76,84.76,88.78,0.52,29.04
80.02,80.02,86.53,1.20,29.45
77.82,77.82,86.02,6.04,35.36
77.95,77.95,82.06,14.26,38.85
78.14,78.14,65.34,16.66,35.20
77.71,77.71,60.87,19.17,35.01
77.66,77.66,56.20,23.20,37.88
79.20,79.20,52.62,25.76,36.20
79.34,79.34,47.10,25.53,35.76
79.08,79.08,35.89,26.49,35.78
78.97,78.97,31.84,21.18,31.99
77.49,77.49,29.97,23.58,33.18
77.87,77.87,33.42,21.20,34.04
77.37,77.37,30.14,20.68,31.84
77.82,77.82,29.45,22.17,29.32
78.41,78.41,28.79,24.17,29.41
79.46,79.46,25.70,24.34,29.74
79.58,79.58,28.94,21.13,28.39
78.95,78.95,35.31,20.14,29.05
78.67,78.67,49.41,14.74,26.81
78.87,78.87,58.64,8.18,23.13
75.65,75.65,74.24,1.80,22.99
72.12,72.12,88.03,-0.00,21.97
64.04,64.04,86.68,0.28,23.67
62.13,62.13,86.85,3.74,30.49
64.39,64.39,79.33,12.24,30.54
62.31,62.31,63.77,10.81,31.40
63.14,63.14,58.93,5.79,21.84
77.45,77.45,71.78,5.49,19.52
80.74,80.74,87.15,14.23,23.36
80.54,80.54,84.83,14.94,27.87
77.83,77.83,82.15,11.76,25.95
76.99,76.99,73.97,3.12,27.55
78.83,78.83,64.66,2.39,28.47
77.73,77.73,60.92,5.23,28.73
78.84,78.84,52.22,7.13,29.85
80.18,80.18,47.03,15.82,32.90
80.23,80.23,41.45,23.27,40.16
77.30,77.30,32.69,22.26,36.48
69.48,69.48,35.76,22.55,44.43
71.69,71.69,38.34,19.70,30.42
71.61,71.61,52.60,10.69,24.12
70.86,70.86,63.21,7.01,25.29
73.46,73.46,80.37,2.42,32.17
76.53,76.53,88.90,-0.00,32.73
79.40,79.40,85.63,-0.00,33.49
79.30,79.30,85.56,1.93,38.10
79.46,79.46,75.59,8.83,37.80
79.11,79.11,61.76,9.06,36.51
75.86,75.86,57.55,9.75,35.33
59.56,59.56,54.74,14.62,35.20
55.93,55.93,49.83,19.64,37.37
56.07,56.07,40.32,26.59,35.66
58.76,58.76,35.16,34.71,38.75
63.69,63.69,27.54,30.94,36.00
63.94,63.94,27.56,32.90,27.41
64.15,64.15,22.46,27.07,28.11
67.23,67.23,29.65,26.32,36.87
76.25,76.25,35.94,42.11,45.87
79.10,79.10,41.82,36.55,39.85
82.47,82.47,37.37,27.41,38.89
83.25,83.25,28.75,29.45,41.19
81.48,81.48,31.44,28.48,40.09
81.38,81.38,37.18,32.83,42.03
81.43,81.43,30.48,24.96,43.09
80.60,80.60,28.37,26.82,42.44
80.72,80.72,29.92,23.85,42.01
80.31,80.31,34.73,29.57,44.78
80.82,80.82,36.26,30.33,43.28
81.84,81.84,44.58,26.93,38.35
83.15,83.15,51.95,16.27,33.05
83.54,83.54,58.80,14.30,32.83
81.58,81.58,80.53,11.32,38.93
80.70,80.70,88.54,5.53,37.13
78.51,78.51,84.19,9.45,36.39
77.86,77.86,87.27,14.07,41.82
81.00,81.00,73.14,18.29,40.87
81.14,81.14,60.70,18.62,42.62
79.49,79.49,58.55,17.97,39.86
80.56,80.56,53.89,16.54,38.13
82.55,82.55,49.46,19.59,39.61
76.66,76.66,40.82,23.69,39.37
69.51,69.51,36.54,21.34,37.44
66.89,66.89,32.29,28.60,35.68
62.82,62.82,41.41,25.13,33.66
66.51,66.51,55.26,20.77,28.00
69.35,69.35,65.79,12.48,26.86
73.45,73.45,86.87,6.01,30.73
79.08,79.08,85.00,9.88,32.20
79.08,79.08,81.66,9.80,30.83
79.77,79.77,72.55,4.28,30.92
81.88,81.88,59.65,1.73,29.36
81.42,81.42,57.75,0.12,26.34
80.72,80.72,60.51,-0.00,26.04
80.78,80.78,84.33,-0.00,31.20
79.79,79.79,86.94,0.01,27.59
79.07,79.07,85.25,2.82,29.15
78.35,78.35,87.22,7.92,33.26
77.84,77.84,71.05,14.05,35.37
79.23,79.23,58.45,13.68,32.19
78.50,78.50,58.09,17.28,32.27
76.22,76.22,53.56,17.99,33.07
73.32,73.32,46.54,25.70,36.70
68.47,68.47,40.84,28.61,41.58
69.84,69.84,32.99,21.36,38.74
68.67,68.67,33.04,20.60,38.40
65.62,65.62,27.95,26.16,38.76
65.59,65.59,27.08,29.22,45.22
64.37,64.37,30.75,28.42,43.29
62.62,62.62,28.91,34.51,39.96
60.93,60.93,28.24,35.52,41.37
57.10,57.10,29.17,36.49,37.49
54.69,54.69,31.48,33.57,34.79
51.78,51.78,39.75,26.36,25.19
53.67,53.67,49.76,13.98,21.46
66.31,66.31,60.39,3.69,24.82
79.94,79.94,87.01,1.83,33.99
81.75,81.75,87.58,0.17,31.90
80.95,80.95,85.42,5.44,32.96
80.56,80.56,85.21,15.65,36.51
82.26,82.26,67.74,14.69,33.92
82.93,82.93,58.78,13.43,32.08
82.28,82.28,57.69,16.43,31.69
82.62,82.62,52.60,25.04,32.53
82.17,82.17,44.24,16.94,35.32
82.26,82.26,44.44,33.61,44.67
81.56,81.56,32.58,26.34,40.50
81.78,81.78,30.70,26.40,37.80
79.64,79.64,29.16,22.34,37.25
80.49,80.49,30.36,20.10,35.11
79.65,79.65,27.54,23.28,34.58
80.64,80.64,30.62,21.21,33.87
81.64,81.64,27.46,20.91,36.26
81.91,81.91,25.40,21.56,34.95
84.00,84.00,27.09,23.71,35.61
82.01,82.01,28.28,24.80,40.98
77.55,77.55,26.14,22.04,41.70
69.20,69.20,31.76,26.45,42.48
65.89,65.89,27.59,34.66,42.42
67.87,67.87,25.90,26.66,35.60
66.75,66.75,25.43,18.33,37.54
67.57,67.57,37.61,17.82,45.69
68.39,68.39,49.92,13.26,38.19
70.47,70.47,58.01,8.64,23.87
69.66,69.66,70.78,11.40,25.47
75.16,75.16,86.80,6.98,29.58
83.57,83.57,85.09,-0.00,27.78
82.44,82.44,81.74,-0.00,29.44
82.80,82.80,73.17,0.40,29.38
83.15,83.15,65.13,1.11,32.84
83.57,83.57,63.40,2.49,31.32
83.01,83.01,57.72,7.42,34.81
83.06,83.06,50.34,16.00,33.37
82.81,82.81,43.07,18.48,35.36
82.47,82.47,39.58,26.12,36.45
82.86,82.86,37.62,29.88,42.81
83.23,83.23,38.86,23.21,33.67
83.12,83.12,49.33,11.12,29.42
82.49,82.49,59.15,4.23,26.20
78.86,78.86,75.98,0.15,29.90
74.00,74.00,87.65,0.00,28.64
71.72,71.72,87.21,0.46,27.48
69.46,69.46,86.82,8.36,32.85
69.16,69.16,78.51,15.71,32.15
68.60,68.60,63.25,13.53,35.19
70.63,70.63,57.16,8.62,34.06
70.31,70.31,55.59,9.08,34.18
70.04,70.04,49.35,13.81,36.59
70.33,70.33,45.69,20.51,36.01
69.04,69.04,32.22,17.33,37.89
68.84,68.84,34.57,18.81,35.09
69.36,69.36,37.59,19.10,33.85
72.02,72.02,31.07,18.54,36.97
72.40,72.40,31.23,21.32,38.26
78.22,78.22,29.09,34.35,37.02
83.68,83.68,36.22,35.30,30.82
83.59,83.59,35.74,31.21,31.89
81.30,81.30,28.48,27.71,32.38
80.62,80.62,30.15,27.03,33.42
79.42,79.42,30.61,20.17,28.74
80.72,80.72,29.35,26.11,31.83
74.05,74.05,32.14,29.28,35.57
67.95,67.95,36.95,28.64,32.66
67.71,67.71,33.38,27.25,36.59
71.68,71.68,31.57,36.03,37.42
74.01,74.01,27.25,28.57,38.26
74.52,74.52,31.16,28.22,40.07
76.40,76.40,27.26,36.23,48.92
81.15,81.15,23.19,30.13,35.92
82.63,82.63,27.95,29.63,33.00
82.01,82.01,24.67,28.25,34.14
81.17,81.17,25.96,22.16,33.08
79.92,79.92,31.62,25.33,33.70
70.35,70.35,52.92,28.69,37.84
70.09,70.09,60.32,13.57,23.55
65.68,65.68,73.71,4.36,19.70
62.66,62.66,88.79,0.60,22.74
58.17,58.17,86.00,0.62,22.22
68.64,68.64,86.63,4.92,31.32
70.36,70.36,81.34,9.95,31.90
73.78,73.78,53.76,8.72,28.48
74.30,74.30,58.00,4.74,23.26
72.29,72.29,64.40,2.33,19.30
70.42,70.42,82.74,0.78,18.22
65.73,65.73,86.46,0.01,19.26
71.19,71.19,83.73,0.00,21.23
74.67,74.67,77.94,0.03,22.72
76.73,76.73,64.76,2.02,21.69
78.49,78.49,63.69,5.54,23.47
79.33,79.33,60.95,8.02,25.18
79.99,79.99,55.67,14.17,28.65
79.98,79.98,50.04,14.06,27.06
80.13,80.13,38.64,16.68,28.77
80.36,80.36,37.29,13.84,25.90
79.60,79.60,44.30,18.73,29.44
79.46,79.46,52.11,10.87,23.44
79.11,79.11,58.84,3.31,24.53
77.98,77.98,78.81,0.24,31.10
78.32,78.32,87.86,-0.00,28.81
75.40,75.40,86.23,0.47,28.00
76.12,76.12,85.61,4.76,36.06
77.94,77.94,74.87,13.74,32.53
76.74,76.74,57.14,12.29,32.46
74.29,74.29,56.77,15.23,36.41
65.45,65.45,51.89,22.52,38.44
62.20,62.20,46.86,23.61,42.16
62.20,62.20,35.14,29.55,31.85
62.62,62.62,31.68,32.17,32.03
60.54,60.54,27.66,29.80,29.96
57.27,57.27,36.51,23.17,30.67
63.04,63.04,61.39,18.43,37.48
60.13,60.13,64.16,3.46,20.43
68.53,68.53,87.46,0.13,21.33
70.74,70.74,87.60,-0.00,20.29
76.07,76.07,85.51,2.19,28.57
79.13,79.13,85.45,10.41,30.99
78.31,78.31,69.19,13.59,30.49
77.90,77.90,59.90,12.24,25.76
77.48,77.48,58.27,14.69,24.19
77.17,77.17,53.27,15.79,29.08
76.99,76.99,48.01,21.93,28.99
76.32,76.32,38.46,22.76,31.50
75.74,75.74,35.35,30.54,32.98
73.45,73.45,29.43,28.33,31.51
70.37,70.37,28.30,27.90,31.20
69.81,69.81,30.60,23.28,28.44
69.10,69.10,28.48,21.62,28.81
68.39,68.39,28.41,27.28,27.59
70.06,70.06,30.92,35.58,27.46
69.70,69.70,28.20,35.32,29.39
64.28,64.28,35.76,31.30,28.96
59.65,59.65,45.47,18.20,26.09
52.89,52.89,51.85,11.97,21.50
43.62,43.62,59.35,11.92,28.74
45.51,45.51,88.30,5.78,32.14
37.96,37.96,87.13,9.74,29.09
48.20,48.20,85.71,8.70,34.88
47.45,47.45,83.50,15.21,34.20
48.56,48.56,66.16,15.01,32.82
48.94,48.94,60.24,10.57,26.54
62.72,62.72,61.36,2.73,23.34
77.33,77.33,83.78,0.11,26.06
79.38,79.38,86.75,0.52,32.54
80.12,80.12,83.41,0.55,26.81
79.02,79.02,78.12,0.50,28.99
76.29,76.29,64.35,5.82,25.97
77.22,77.22,60.02,8.95,26.25
80.58,80.58,55.46,7.53,32.07
81.54,81.54,49.72,14.58,31.72
81.50,81.50,39.81,15.34,28.68
81.30,81.30,37.54,21.06,32.11
81.11,81.11,38.41,31.00,35.86
76.00,76.00,42.83,19.59,36.34
70.76,70.76,50.93,8.69,28.44
67.25,67.25,56.54,1.26,23.81
71.14,71.14,73.63,0.00,32.59
80.77,80.77,87.44,-0.00,31.26
82.55,82.55,86.95,1.02,33.84
81.73,81.73,86.41,13.41,37.13
82.76,82.76,78.13,15.31,33.36
81.93,81.93,64.19,16.09,33.03
79.21,79.21,58.41,12.11,32.72
75.51,75.51,55.61,6.77,30.74
63.64,63.64,52.32,22.09,32.27
55.12,55.12,47.58,18.73,25.60
57.73,57.73,38.82,19.37,25.06
67.26,67.26,23.71,17.05,32.88
72.17,72.17,28.58,17.95,33.58
69.29,69.29,30.88,18.05,36.32
71.16,71.16,31.08,25.81,36.82
81.74,81.74,31.47,32.42,36.97
83.69,83.69,37.81,32.48,34.45
82.78,82.78,33.30,25.99,36.79
83.26,83.26,34.31,21.81,39.42
82.44,82.44,32.42,24.92,42.99
82.07,82.07,32.49,32.79,43.71
81.36,81.36,37.59,28.08,40.24
82.41,82.41,31.75,28.47,39.81
83.30,83.30,32.72,25.32,37.65
83.18,83.18,23.26,25.92,39.47
81.85,81.85,22.94,14.45,34.55
75.06,75.06,38.78,22.86,35.53
71.39,71.39,51.55,16.46,30.98
71.64,71.64,59.48,12.41,29.52
72.30,72.30,74.96,3.07,38.03
75.71,75.71,87.67,-0.00,36.53
76.91,76.91,87.13,0.55,34.52
77.91,77.91,86.66,6.93,41.46
77.66,77.66,78.95,12.64,40.68
78.09,78.09,63.46,13.36,39.25
78.49,78.49,57.10,12.37,37.67
78.57,78.57,56.28,19.32,36.67
79.54,79.54,50.38,22.91,37.30
79.37,79.37,48.06,23.27,37.45
78.63,78.63,34.68,22.30,37.09
78.72,78.72,30.50,19.07,31.76
75.48,75.48,42.04,18.15,26.50
76.44,76.44,53.79,15.61,23.38
77.64,77.64,63.12,8.90,24.04
78.20,78.20,84.08,4.80,27.06
74.85,74.85,86.16,0.00,28.26
76.23,76.23,83.60,-0.00,32.69
77.21,77.21,78.42,-0.00,36.83
76.59,76.59,63.04,-0.00,34.09
74.44,74.44,59.54,-0.00,25.62
68.67,68.67,61.47,-0.00,22.10
74.30,74.30,77.89,-0.00,26.59
73.37,73.37,87.30,0.05,27.18
68.89,68.89,86.92,2.94,28.83
68.29,68.29,85.97,4.89,36.67
67.67,67.67,76.03,7.30,36.51
66.42,66.42,57.18,7.21,38.26
70.99,70.99,56.43,11.55,37.90
80.59,80.59,51.63,15.17,35.66
82.72,82.72,43.74,18.60,33.54
82.89,82.89,42.44,25.43,34.33
80.37,80.37,27.58,25.65,33.27
70.97,70.97,32.60,22.92,36.00
64.29,64.29,32.13,26.54,37.74
64.86,64.86,40.93,21.41,36.73
63.42,63.42,34.22,26.44,36.59
64.32,64.32,39.08,31.90,43.20
63.38,63.38,33.57,32.91,41.14
66.05,66.05,32.03,31.80,37.78
66.65,66.65,32.78,23.91,36.50
66.29,66.29,42.10,23.20,33.56
63.86,63.86,54.95,13.26,32.95
63.35,63.35,62.74,1.14,24.48
78.39,78.39,83.63,0.02,27.27
79.79,79.79,86.98,-0.00,24.95
78.21,78.21,85.29,2.40,27.14
78.41,78.41,87.27,10.69,29.91
78.34,78.34,71.54,16.55,26.89
77.09,77.09,60.33,11.98,24.41
76.69,76.69,58.76,14.28,25.73
77.03,77.03,53.81,17.21,27.34
76.12,76.12,49.65,18.33,29.36
77.57,77.57,38.75,26.23,37.32
78.80,78.80,35.63,25.56,32.07
79.71,79.71,34.61,22.82,34.41
79.11,79.11,30.27,26.27,35.55
79.70,79.70,32.72,18.99,26.76
79.32,79.32,28.02,24.01,31.35
79.49,79.49,27.98,27.35,39.53
77.17,77.17,27.42,22.20,37.45
72.77,72.77,29.16,25.88,37.77
62.46,62.46,31.82,28.44,32.57
62.40,62.40,30.91,25.89,32.72
62.59,62.59,35.11,28.83,32.93
63.30,63.30,28.98,29.69,34.96
62.40,62.40,37.32,26.82,39.29
63.31,63.31,45.76,19.85,42.14
64.23,64.23,56.32,27.18,49.66
65.19,65.19,49.64,23.93,43.99
65.90,65.90,52.66,23.69,42.79
66.18,66.18,60.32,17.17,36.80
55.13,55.13,60.67,14.09,33.84
54.18,54.18,82.56,14.96,38.68
52.71,52.71,86.37,8.28,36.31
53.54,53.54,84.42,6.16,37.98
54.54,54.54,78.90,1.40,42.07
50.04,50.04,65.83,3.38,43.65
56.36,56.36,61.55,5.49,46.81
61.25,61.25,58.21,9.89,48.90
65.13,65.13,53.44,14.89,46.11
67.14,67.14,49.62,15.36,46.18
67.96,67.96,43.06,17.30,45.87
68.68,68.68,38.90,13.86,43.86
69.18,69.18,41.24,13.44,44.59
69.40,69.40,50.97,9.70,44.55
67.06,67.06,58.80,2.33,41.58
69.25,69.25,69.77,0.90,41.83
64.54,64.54,88.73,1.30,36.69
64.43,64.43,86.26,6.55,31.95
65.87,65.87,86.33,10.58,37.43
66.10,66.10,81.28,15.76,39.94
64.24,64.24,64.59,18.41,40.88
64.94,64.94,60.70,10.42,44.65
61.14,61.14,54.62,12.60,46.86
55.44,55.44,51.19,12.44,45.02
47.89,47.89,47.12,7.93,40.82
49.31,49.31,35.12,10.77,39.20
52.77,52.77,20.63,18.01,36.60
65.43,65.43,25.17,24.37,34.06
73.53,73.53,30.92,26.59,40.03
87.38,87.38,36.29,35.98,35.75
86.21,86.21,36.67,30.46,33.71
82.26,82.26,33.17,22.89,31.53
80.76,80.76,27.67,23.45,31.36
80.08,80.08,31.85,22.53,31.19
80.85,80.85,30.58,21.34,33.29
81.03,81.03,30.97,18.29,37.17
77.13,77.13,32.69,19.87,40.58
70.13,70.13,27.93,29.39,37.80
65.96,65.96,28.97,28.79,39.21
75.08,75.08,27.69,24.61,39.98
72.07,72.07,32.42,25.71,37.88
69.84,69.84,25.73,24.29,38.38
70.94,70.94,26.13,25.57,42.20
73.05,73.05,27.40,29.93,39.89
78.45,78.45,30.08,24.79,37.10
80.29,80.29,33.81,23.71,34.61
78.63,78.63,30.86,20.93,34.18
76.20,76.20,27.75,19.68,34.89
75.41,75.41,34.73,16.66,34.17
73.22,73.22,49.22,12.67,33.04
66.00,66.00,60.56,8.90,32.22
59.19,59.19,68.36,6.85,33.25
66.85,66.85,88.59,0.12,35.45
67.56,67.56,87.54,-0.00,33.94
70.49,70.49,85.71,1.23,35.41
71.56,71.56,83.65,4.55,34.93
70.34,70.34,59.61,4.19,34.34
74.30,74.30,56.88,2.49,34.38
73.80,73.80,65.04,0.48,24.02
80.96,80.96,77.72,-0.00,18.22
81.69,81.69,86.63,-0.00,17.37
79.32,79.32,84.26,-0.00,20.33
79.99,79.99,79.59,-0.00,26.45
79.76,79.76,66.79,0.01,28.66
79.85,79.85,67.11,1.63,28.28
79.81,79.81,59.76,4.44,28.80
81.01,81.01,56.04,5.53,26.61
80.58,80.58,49.84,16.94,31.36
81.36,81.36,45.14,24.48,37.68
81.63,81.63,35.90,21.30,32.83
74.99,74.99,33.24,17.14,33.29
68.23,68.23,30.00,22.51,33.86
79.47,79.47,26.81,25.34,39.27
82.43,82.43,28.49,26.17,34.49
82.08,82.08,31.62,30.75,34.61
81.75,81.75,28.19,23.77,35.45
80.98,80.98,32.95,25.53,36.01
79.28,79.28,29.46,28.96,36.13
78.92,78.92,29.65,25.53,35.16
75.60,75.60,32.53,28.78,41.73
70.83,70.83,28.20,28.67,37.48
57.83,57.83,25.75,31.85,34.68
69.04,69.04,26.56,29.62,39.28
69.50,69.50,25.38,29.09,39.65
69.90,69.90,33.32,27.39,37.73
73.40,73.40,48.59,19.95,31.67
72.38,72.38,57.68,12.16,26.18
75.07,75.07,65.60,0.01,14.20
79.59,79.59,82.85,0.00,14.94
77.69,77.69,88.32,2.09,17.29
76.72,76.72,84.46,6.89,17.52
75.43,75.43,87.14,9.49,25.84
75.27,75.27,72.93,15.56,25.65
74.90,74.90,58.96,18.85,33.17
74.42,74.42,58.02,17.87,36.31
75.19,75.19,53.78,21.51,37.93
74.10,74.10,46.31,21.39,33.42
72.84,72.84,43.16,19.62,33.06
72.61,72.61,29.55,18.69,27.35
72.48,72.48,31.14,22.48,23.83
73.72,73.72,31.21,23.73,25.25
74.45,74.45,29.11,20.45,29.34
74.11,74.11,31.13,19.45,26.24
75.60,75.60,28.05,23.47,31.40
74.92,74.92,27.95,20.37,31.73
75.17,75.17,31.31,19.77,31.29
76.87,76.87,34.01,16.55,31.35
74.74,74.74,53.11,17.51,28.70
57.63,57.63,54.20,9.56,25.66
59.21,59.21,56.88,0.41,25.69
67.93,67.93,87.53,0.07,29.80
57.57,57.57,87.85,1.36,26.64
57.82,57.82,85.73,4.19,28.77
57.50,57.50,84.91,4.95,29.82
58.26,58.26,69.14,4.53,23.76
57.93,57.93,60.22,1.19,23.71
78.48,78.48,65.07,0.21,25.79
82.90,82.90,76.17,0.00,27.24
79.21,79.21,86.96,0.01,35.32
78.54,78.54,84.91,0.02,34.12
77.83,77.83,80.70,1.81,34.16
77.77,77.77,66.30,8.33,32.27
76.30,76.30,59.29,10.43,29.20
77.71,77.71,54.98,11.18,29.87
77.50,77.50,46.94,11.66,30.08
78.35,78.35,40.91,23.74,38.63
80.86,80.86,37.83,21.35,36.38
77.43,77.43,31.54,13.76,32.54
80.05,80.05,37.83,16.01,30.54
80.31,80.31,49.72,11.17,28.61
80.76,80.76,56.41,4.97,28.69
81.25,81.25,67.26,0.07,36.26
79.42,79.42,87.88,-0.00,35.97
80.11,80.11,86.69,0.28,38.64
80.70,80.70,85.78,5.98,41.03
80.88,80.88,82.74,10.89,41.80
81.06,81.06,65.85,11.17,39.06
81.02,81.02,61.16,11.17,34.10
80.76,80.76,56.57,13.45,32.32
80.76,80.76,51.63,14.97,34.31
79.62,79.62,48.54,16.66,34.37
80.44,80.44,32.15,19.67,35.52
73.76,73.76,36.81,20.72,40.45
70.65,70.65,24.03,22.18,41.65
72.47,72.47,26.14,22.94,37.97
74.38,74.38,27.87,31.04,44.33
82.48,82.48,34.12,33.64,44.49
83.49,83.49,32.25,27.96,38.47
81.66,81.66,33.40,27.42,38.76
81.20,81.20,32.27,24.50,36.86
80.37,80.37,33.51,22.37,34.81
80.16,80.16,25.52,25.04,35.95
80.95,80.95,33.76,26.75,36.98
81.53,81.53,31.74,27.06,35.12
81.54,81.54,30.88,26.06,36.35
81.16,81.16,26.61,26.30,38.20
79.43,79.43,27.05,22.24,34.88
80.96,80.96,35.10,19.51,35.08
82.87,82.87,44.83,12.34,30.20
83.04,83.04,58.31,4.78,27.05
83.36,83.36,69.35,3.35,35.33
81.19,81.19,87.57,6.33,37.51
75.33,75.33,86.70,12.30,33.31
69.14,69.14,85.70,17.76,36.65
70.64,70.64,82.75,21.12,37.95
69.04,69.04,64.29,17.58,35.23
67.55,67.55,59.40,20.00,38.46
68.30,68.30,52.93,22.61,48.48
69.25,69.25,51.35,20.27,47.14
69.63,69.63,46.92,26.26,42.78
69.04,69.04,27.92,24.32,36.77
68.93,68.93,32.89,25.23,40.47
69.40,69.40,41.66,23.68,39.52
65.61,65.61,57.70,20.21,40.57
60.19,60.19,61.93,15.72,21.18
81.87,81.87,78.40,14.94,21.64
82.55,82.55,86.43,11.57,27.88
78.70,78.70,85.00,9.19,28.82
79.08,79.08,80.34,12.18,28.51
78.23,78.23,66.72,12.15,28.61
79.59,79.59,67.43,8.45,29.46
80.32,80.32,62.39,12.75,24.07
80.03,80.03,69.14,12.62,24.76
80.13,80.13,88.49,7.88,25.91
79.67,79.67,85.97,11.13,25.91
79.90,79.90,86.19,16.68,29.26
79.64,79.64,81.84,21.28,29.16
79.37,79.37,62.29,23.04,30.01
79.24,79.24,60.90,29.01,33.35
79.73,79.73,60.07,32.88,33.19
79.30,79.30,52.05,27.18,33.95
80.48,80.48,49.91,25.42,34.45
81.30,81.30,47.00,24.83,36.25
82.71,82.71,40.45,29.48,34.98
81.66,81.66,36.45,29.95,33.91
77.53,77.53,34.32,29.36,35.52
71.75,71.75,32.94,32.97,39.23
64.40,64.40,25.09,33.19,38.22
64.55,64.55,28.09,27.13,32.82
64.78,64.78,31.62,29.46,31.92
64.75,64.75,27.41,29.44,32.51
65.30,65.30,37.28,25.50,29.81
66.79,66.79,47.30,17.26,28.34
77.13,77.13,64.14,4.41,34.66
85.02,85.02,77.98,0.01,35.96
81.71,81.71,87.12,0.02,31.84
79.61,79.61,86.65,3.14,32.08
78.85,78.85,85.40,10.93,34.93
78.27,78.27,75.76,15.04,33.75
79.30,79.30,60.74,14.11,31.06
80.20,80.20,58.43,9.45,29.76
81.12,81.12,54.56,15.24,31.55
81.97,81.97,49.06,21.60,35.54
82.43,82.43,47.87,21.51,34.79
81.40,81.40,38.27,24.41,36.62
81.41,81.41,38.04,30.93,35.95
81.36,81.36,41.05,34.02,36.63
80.88,80.88,30.37,28.27,34.84
79.69,79.69,25.23,25.07,38.09
80.04,80.04,23.78,26.20,36.82
81.70,81.70,32.30,29.70,35.68
81.64,81.64,29.95,26.60,34.61
81.30,81.30,34.56,32.83,31.53
80.66,80.66,33.35,28.83,32.01
79.40,79.40,34.04,27.31,33.10
77.26,77.26,39.15,32.11,32.51
77.01,77.01,40.25,33.40,35.58
71.11,71.11,40.66,33.27,35.49
66.67,66.67,45.25,36.59,38.08
64.84,64.84,35.10,29.32,31.95
65.08,65.08,41.39,27.23,26.27
65.25,65.25,49.94,20.98,23.97
69.49,69.49,66.61,13.87,22.90
70.49,70.49,78.48,4.41,26.61
78.52,78.52,87.00,1.77,29.58
83.71,83.71,84.28,2.74,32.85
83.66,83.66,79.70,0.80,37.75
80.30,80.30,67.52,0.13,36.89
80.36,80.36,62.32,2.91,33.69
81.29,81.29,56.04,7.30,32.87
81.35,81.35,50.55,10.77,33.00
81.50,81.50,43.76,13.56,35.16
81.34,81.34,40.39,12.57,36.33
82.42,82.42,34.89,19.90,41.11
82.53,82.53,36.18,14.67,35.10
81.20,81.20,46.74,12.65,33.05
81.40,81.40,56.09,4.14,29.06
82.16,82.16,64.41,0.01,31.18
81.48,81.48,88.33,-0.00,33.63
76.21,76.21,87.66,0.02,28.85
67.70,67.70,85.63,3.30,32.08
66.14,66.14,83.48,11.49,34.85
66.54,66.54,68.35,15.58,33.88
67.07,67.07,60.27,11.75,32.43
67.11,67.11,58.07,6.98,34.57
66.26,66.26,52.21,12.75,34.60
66.74,66.74,45.14,16.71,35.75
66.98,66.98,35.57,20.76,34.77
65.14,65.14,29.75,23.08,27.19
56.94,56.94,29.60,26.41,21.74
52.21,52.21,25.72,21.32,23.39
62.33,62.33,30.47,23.17,32.49
72.09,72.09,30.61,29.59,39.73
85.57,85.57,37.78,36.91,38.43
82.37,82.37,35.95,29.18,32.19
80.84,80.84,39.02,28.48,34.34
81.18,81.18,41.25,25.77,33.80
81.99,81.99,51.23,20.96,29.38
81.38,81.38,57.56,5.00,27.63
80.21,80.21,67.73,0.10,35.25
79.55,79.55,88.50,0.12,39.23
79.82,79.82,86.41,5.31,34.74
78.69,78.69,85.85,7.01,39.08
77.29,77.29,82.15,11.55,40.04
79.19,79.19,63.99,10.60,34.43
81.40,81.40,60.55,7.05,27.29
80.58,80.58,63.97,5.96,23.30
78.54,78.54,84.96,2.24,25.51
77.55,77.55,85.73,-0.00,27.73
76.76,76.76,83.29,-0.00,30.35
73.87,73.87,76.97,-0.00,33.71
70.76,70.76,64.16,0.88,30.46
66.07,66.07,61.05,7.82,32.45
63.82,63.82,54.23,13.78,33.58
66.26,66.26,47.32,16.89,39.25
66.79,66.79,39.09,18.46,36.08
63.72,63.72,37.82,23.35,36.78
62.28,62.28,29.12,21.53,33.32
63.74,63.74,36.95,14.38,38.93
82.10,82.10,53.47,11.89,40.88
84.02,84.02,56.25,7.44,28.81
82.47,82.47,69.85,1.06,26.26
80.22,80.22,87.85,0.05,28.45
79.63,79.63,85.04,0.63,26.87
79.20,79.20,80.49,0.38,27.43
77.32,77.32,68.78,0.66,28.33
74.15,74.15,66.86,5.86,28.67
54.07,54.07,62.27,12.83,25.91
55.16,55.16,57.79,13.08,32.36
70.81,70.81,47.83,13.84,25.58
69.71,69.71,45.15,16.85,22.88
68.23,68.23,41.53,16.57,23.07
66.26,66.26,43.53,11.11,21.81
68.61,68.61,52.19,6.36,27.66
79.01,79.01,63.69,-0.00,21.35
82.92,82.92,62.35,-0.00,21.64
80.59,80.59,88.71,-0.00,26.25
79.30,79.30,87.47,0.00,23.91
79.41,79.41,85.39,1.26,22.34
78.60,78.60,83.48,11.43,23.54
74.56,74.56,64.22,11.62,28.16
65.18,65.18,58.62,9.51,29.26
63.90,63.90,53.46,12.38,34.72
62.56,62.56,48.38,20.85,40.19
66.63,66.63,41.75,28.10,46.27
65.91,65.91,38.20,25.19,47.03
63.66,63.66,44.00,27.56,47.65
63.15,63.15,50.01,28.59,44.09
61.79,61.79,53.98,29.18,36.59
61.37,61.37,63.08,41.95,26.51
73.57,73.57,78.76,59.26,27.96
79.11,79.11,83.75,64.13,27.72
77.99,77.99,84.59,68.98,26.06
76.56,76.56,87.33,70.72,29.56
75.05,75.05,77.78,77.93,27.06
75.01,75.01,64.78,77.04,30.00
75.05,75.05,59.77,76.51,31.69
74.24,74.24,55.22,75.82,32.96
75.31,75.31,48.65,80.22,33.72
74.23,74.23,40.71,78.09,37.31
76.84,76.84,33.19,76.94,34.75
74.80,74.80,26.13,79.18,32.19
74.80,74.80,21.20,80.93,32.49
73.93,73.93,21.62,77.63,31.94
73.09,73.09,22.25,77.81,32.12
71.29,71.29,21.90,77.28,29.54
72.67,72.67,21.29,78.58,33.47
74.66,74.66,23.79,74.94,35.33
75.45,75.45,26.75,70.10,34.56
75.87,75.87,42.35,64.14,31.44
74.44,74.44,57.99,57.46,28.92
73.19,73.19,64.26,44.04,37.13
72.13,72.13,81.20,37.70,45.22
70.53,70.53,88.69,24.34,40.66
71.64,71.64,84.78,17.00,38.64
71.18,71.18,87.10,24.24,39.35
70.21,70.21,74.70,20.14,36.78
70.55,70.55,62.70,18.57,27.98
69.78,69.78,61.94,13.56,24.77
65.11,65.11,73.29,9.38,30.25
63.95,63.95,87.43,3.55,31.11
62.02,62.02,84.63,3.68,28.15
62.62,62.62,80.38,11.05,28.59
59.42,59.42,69.95,25.05,29.71
54.49,54.49,64.09,27.80,25.62
52.24,52.24,54.33,22.80,28.47
52.21,52.21,49.16,20.65,29.97
53.29,53.29,42.88,21.90,30.58
53.28,53.28,37.18,22.30,31.14
52.60,52.60,36.89,23.21,31.36
49.01,49.01,39.42,24.31,31.12
44.79,44.79,41.07,21.34,26.33
38.60,38.60,42.69,30.71,24.79
34.60,34.60,48.53,47.97,36.03
26.89,26.89,83.48,65.89,47.07
29.24,29.24,85.48,68.71,40.52
31.02,31.02,83.84,72.70,42.10
31.21,31.21,87.00,75.78,44.81
33.52,33.52,71.14,75.35,43.80
34.05,34.05,63.52,79.72,38.83
30.60,30.60,58.91,77.90,41.08
31.97,31.97,56.37,78.13,44.08
29.65,29.65,43.79,78.10,42.31
28.95,28.95,40.43,80.67,38.56
30.94,30.94,37.19,79.91,43.28
29.37,29.37,23.82,78.98,42.15
28.27,28.27,18.69,79.06,42.77
25.92,25.92,16.03,81.60,42.39
29.17,29.17,16.93,79.40,42.84
31.72,31.72,20.87,79.02,43.56
31.59,31.59,22.23,78.79,42.69
31.00,31.00,20.65,77.79,44.01
30.74,30.74,19.50,74.64,49.37
24.61,24.61,21.72,70.79,49.53
15.39,15.39,26.18,65.92,49.72
11.09,11.09,32.84,63.80,50.31
12.24,12.24,28.26,59.30,47.05
14.10,14.10,35.93,55.48,44.72
19.91,19.91,39.64,52.46,42.92
18.66,18.66,39.22,45.18,38.11
16.75,16.75,42.42,38.04,33.08
11.35,11.35,43.72,26.74,22.71
14.04,14.04,44.83,12.73,24.83
17.55,17.55,83.13,9.45,30.42
15.30,15.30,87.65,8.70,26.50
23.32,23.32,85.64,7.68,29.68
32.42,32.42,86.96,12.90,34.50
23.86,23.86,69.30,14.17,28.70
16.29,16.29,58.23,9.37,23.98
14.95,14.95,56.91,1.77,22.43
15.37,15.37,50.04,2.30,18.13
14.73,14.73,38.63,6.49,20.47
15.76,15.76,31.12,1.52,16.30
19.31,19.31,32.55,8.52,19.35
19.02,19.02,34.52,7.48,20.45
17.44,17.44,28.39,12.59,17.70
8.95,8.95,34.29,33.20,19.77
14.67,14.67,59.54,50.17,30.98
10.59,10.59,87.14,66.26,35.48
9.40,9.40,85.52,70.60,38.59
15.74,15.74,79.32,78.32,40.94
25.29,25.29,66.40,80.64,41.57
22.51,22.51,63.58,77.03,38.20
16.03,16.03,64.50,78.48,34.21
15.11,15.11,73.10,74.97,37.19
14.26,14.26,88.19,76.60,41.84
11.55,11.55,87.13,70.75,33.73
22.32,22.32,85.25,72.66,35.91
28.17,28.17,83.52,76.71,39.73
26.39,26.39,66.04,74.61,39.44
25.43,25.43,59.74,78.01,38.65
28.77,28.77,47.58,78.01,38.82
29.71,29.71,44.12,78.23,40.00
28.60,28.60,47.12,78.64,38.36
27.42,27.42,37.92,79.17,40.74
32.10,32.10,21.74,79.80,40.73
28.69,28.69,19.06,77.83,40.32
30.80,30.80,17.05,80.66,40.25
27.73,27.73,15.80,79.63,40.49
27.89,27.89,16.34,79.29,42.31
27.36,27.36,16.52,81.58,41.69
29.91,29.91,14.46,79.92,42.90
28.43,28.43,20.90,79.00,43.53
33.94,33.94,36.84,81.84,37.02
33.10,33.10,59.60,77.61,34.80
23.98,23.98,66.06,73.77,32.40
17.68,17.68,78.45,75.67,41.51
9.40,9.40,87.28,74.96,42.22
12.79,12.79,86.23,74.82,42.12
24.42,24.42,85.77,68.71,46.25
30.77,30.77,80.48,69.50,46.04
34.49,34.49,70.29,75.47,45.53
36.96,36.96,58.51,75.37,47.52
37.75,37.75,56.40,75.73,47.96
38.89,38.89,47.77,78.42,46.56
41.09,41.09,42.58,77.72,51.06
43.70,43.70,40.03,77.18,49.70
46.30,46.30,28.28,76.78,50.58
47.50,47.50,24.67,80.89,48.06
49.12,49.12,25.47,79.73,48.72
51.40,51.40,26.55,78.69,50.82
53.58,53.58,29.51,78.27,50.45
54.08,54.08,29.61,80.12,47.70
52.49,52.49,28.31,76.41,48.20
53.85,53.85,29.17,73.01,49.25
53.36,53.36,30.48,66.26,50.82
51.05,51.05,32.65,60.70,51.78
45.40,45.40,32.21,59.15,52.40
39.31,39.31,33.57,46.20,51.23
36.17,36.17,35.51,41.49,51.12
36.98,36.98,40.51,40.72,48.86
39.33,39.33,38.32,34.45,46.37
38.75,38.75,41.24,35.62,40.80
41.81,41.81,46.01,29.43,32.01
46.61,46.61,51.76,21.19,19.77
62.00,62.00,73.42,30.08,20.37
73.87,73.87,87.30,38.25,31.74
75.17,75.17,85.90,39.47,34.33
76.25,76.25,81.05,41.70,33.41
77.53,77.53,73.77,36.34,29.85
77.32,77.32,65.82,40.83,26.04
76.84,76.84,58.08,29.98,18.29
78.66,78.66,53.80,23.20,21.50
79.88,79.88,47.19,23.27,22.83
80.16,80.16,43.13,20.18,30.84
79.04,79.04,40.77,16.22,38.83
72.61,72.61,37.99,24.18,30.40
72.58,72.58,46.70,30.59,29.67
73.52,73.52,56.34,26.20,31.12
79.49,79.49,64.17,41.78,38.22
81.72,81.72,81.88,58.85,49.73
78.03,78.03,87.47,63.21,44.38
76.85,76.85,85.31,72.43,46.54
77.06,77.06,85.22,77.01,47.67
77.62,77.62,77.84,71.97,45.41
61.52,61.52,62.09,77.96,37.16
60.05,60.05,58.79,77.90,35.40
57.76,57.76,55.14,76.30,37.26
61.63,61.63,35.33,76.19,40.07
67.18,67.18,43.18,80.51,40.15
66.12,66.12,39.62,77.69,41.50
68.97,68.97,37.56,78.22,50.08
67.02,67.02,33.17,77.90,48.99
68.99,68.99,27.06,81.08,41.74
78.70,78.70,26.70,79.92,39.88
84.52,84.52,28.96,78.04,39.09
81.40,81.40,31.63,81.13,35.14
82.05,82.05,33.15,80.00,39.74
82.99,82.99,30.87,76.26,45.38
82.37,82.37,30.32,73.87,50.35
82.61,82.61,30.50,72.82,53.64
82.59,82.59,33.24,70.53,55.08
82.93,82.93,32.56,66.12,53.99
82.75,82.75,34.14,63.38,51.41
82.51,82.51,32.79,60.62,49.56
81.69,81.69,32.78,57.26,49.49
81.45,81.45,31.59,55.33,47.28
80.95,80.95,30.44,53.02,46.41
81.44,81.44,33.95,49.33,47.25
82.42,82.42,36.26,44.80,46.93
83.11,83.11,40.13,41.44,45.36
84.02,84.02,40.27,36.83,44.62
84.18,84.18,36.38,28.26,43.84
83.88,83.88,40.01,24.22,40.18
81.38,81.38,51.26,16.27,34.96
79.92,79.92,59.13,6.45,32.62
81.15,81.15,74.09,3.06,42.54
79.94,79.94,87.96,1.72,39.32
74.84,74.84,86.31,7.22,35.31
68.17,68.17,86.80,21.84,39.65
70.07,70.07,79.70,27.80,40.53
77.77,77.77,53.81,31.67,35.95
84.83,84.83,58.69,40.09,27.74
81.60,81.60,67.51,59.93,32.21
80.65,80.65,87.57,72.27,35.21
80.54,80.54,83.96,76.76,37.17
78.82,78.82,81.68,74.74,38.06
78.54,78.54,75.76,78.70,38.61
78.85,78.85,64.12,78.81,35.82
77.53,77.53,63.96,76.86,35.71
75.90,75.90,60.11,80.65,36.04
70.72,70.72,52.26,79.07,39.21
73.88,73.88,39.28,78.92,43.00
75.02,75.02,39.06,79.26,43.62
73.16,73.16,35.26,80.01,44.81
67.93,67.93,30.81,78.59,43.78
65.22,65.22,34.90,78.00,46.08
74.91,74.91,34.96,81.33,48.65
79.69,79.69,34.04,77.91,46.73
79.41,79.41,33.12,77.91,45.50
78.74,78.74,28.85,81.35,46.32
79.30,79.30,29.49,79.79,46.21
79.80,79.80,28.91,78.76,43.00
78.71,78.71,30.48,81.14,43.60
78.98,78.98,29.80,78.74,44.20
78.56,78.56,28.99,78.83,44.34
78.25,78.25,28.34,80.32,44.42
78.00,78.00,26.89,79.95,43.29
76.71,76.71,25.70,79.78,42.21
77.71,77.71,41.50,78.06,39.51
80.94,80.94,58.61,80.77,35.39
81.17,81.17,72.25,74.46,36.80
80.00,80.00,76.71,73.78,47.19
80.21,80.21,86.56,64.62,44.25
80.83,80.83,85.62,70.44,44.58
80.47,80.47,85.59,70.38,45.96
80.04,80.04,80.42,77.50,44.77
80.04,80.04,69.43,77.56,45.83
80.54,80.54,60.37,75.16,45.13
80.66,80.66,57.69,78.37,43.77
80.78,80.78,51.28,78.15,46.65
80.38,80.38,38.58,77.22,45.51
81.50,81.50,36.22,76.53,45.12
78.78,78.78,32.60,80.13,43.64
70.65,70.65,21.64,76.92,42.55
67.69,67.69,22.64,77.46,40.90
69.14,69.14,26.35,78.08,41.71
70.53,70.53,25.74,80.91,40.29
71.87,71.87,24.52,78.66,41.30
71.69,71.69,23.79,75.64,40.63
71.45,71.45,27.91,73.88,41.53
72.34,72.34,42.48,68.83,39.00
72.96,72.96,53.95,62.16,33.22
71.25,71.25,59.26,49.46,26.85
71.67,71.67,72.47,38.72,30.01
69.98,69.98,87.92,31.19,26.26
68.17,68.17,86.83,16.48,24.28
67.98,67.98,87.03,23.94,30.19
68.58,68.58,79.43,24.21,30.40
68.00,68.00,62.97,25.58,24.00
72.33,72.33,60.85,24.09,26.15
67.17,67.17,65.90,30.01,28.36
77.23,77.23,85.94,36.58,34.00
82.42,82.42,85.21,37.95,34.02
83.60,83.60,81.70,37.22,33.74
81.40,81.40,73.47,30.08,38.46
79.89,79.89,64.00,41.24,32.49
79.33,79.33,60.47,31.28,30.22
78.85,78.85,52.02,20.16,33.38
79.64,79.64,45.05,15.09,32.20
79.48,79.48,41.18,15.97,36.20
79.54,79.54,36.17,13.05,42.80
79.50,79.50,32.77,11.95,38.70
81.36,81.36,40.30,16.48,37.94
79.99,79.99,51.81,27.17,36.19
80.97,80.97,61.26,45.30,39.23
81.45,81.45,78.69,59.32,46.97
80.64,80.64,87.65,68.89,43.27
80.59,80.59,85.78,73.00,46.15
79.90,79.90,85.44,74.20,44.83
79.59,79.59,77.47,73.07,43.02
77.80,77.80,65.74,78.84,39.44
70.62,70.62,57.90,77.29,41.16
71.53,71.53,53.29,75.71,42.33
66.00,66.00,37.06,77.27,41.97
66.62,66.62,40.13,79.71,41.82
67.05,67.05,34.75,77.64,45.83
65.99,65.99,31.33,76.91,47.95
65.03,65.03,33.11,79.42,50.56
67.28,67.28,33.03,80.60,51.71
67.62,67.62,24.56,78.79,45.75
75.61,75.61,25.37,78.39,41.11
83.95,83.95,28.22,81.01,37.91
83.61,83.61,29.00,80.67,36.44
83.18,83.18,22.85,75.27,40.02
81.43,81.43,20.29,74.60,38.20
78.34,78.34,21.78,71.04,35.55
74.00,74.00,26.30,68.92,35.74
53.84,53.84,27.70,62.01,36.49
52.23,52.23,32.76,59.01,35.74
52.73,52.73,31.96,57.19,39.68
65.36,65.36,37.23,51.90,40.08
72.00,72.00,43.78,45.74,37.87
71.78,71.78,52.00,35.98,36.81
71.88,71.88,65.08,25.93,40.14
74.38,74.38,81.18,14.27,45.25
78.87,78.87,88.29,10.39,37.09
79.87,79.87,84.17,16.44,35.59
78.21,78.21,87.17,18.02,38.48
77.54,77.54,73.34,12.45,34.33
76.58,76.58,60.90,12.56,32.44
73.19,73.19,58.65,8.04,32.38
72.41,72.41,53.41,4.60,31.33
73.54,73.54,49.75,8.00,35.67
74.21,74.21,38.48,11.22,42.22
75.80,75.80,32.67,10.23,38.59
73.09,73.09,36.75,11.51,38.02
70.26,70.26,43.98,17.14,31.56
64.76,64.76,56.24,32.05,30.85
64.93,64.93,63.10,43.95,35.14
70.43,70.43,85.85,69.53,38.69
78.69,78.69,86.40,78.50,37.72
79.73,79.73,79.74,79.24,37.59
79.53,79.53,73.17,76.67,35.67
79.87,79.87,64.66,79.54,29.34
80.57,80.57,65.94,77.04,30.30
79.76,79.76,72.22,73.84,39.10
79.90,79.90,83.26,72.36,45.93
79.26,79.26,87.65,72.96,38.00
77.50,77.50,86.56,70.46,34.13
77.70,77.70,85.24,66.53,38.03
77.61,77.61,73.82,75.72,40.12
80.28,80.28,64.16,75.53,40.24
77.86,77.86,58.19,75.44,39.95
77.51,77.51,51.34,79.41,40.95
78.39,78.39,42.02,77.63,42.28
78.57,78.57,42.78,76.16,41.10
78.09,78.09,34.38,79.70,40.58
78.51,78.51,24.01,79.49,41.67
79.17,79.17,23.49,76.93,41.39
80.99,80.99,24.75,80.70,39.46
80.49,80.49,25.42,78.02,40.13
67.61,67.61,21.25,78.95,37.11
61.79,61.79,22.93,79.31,36.96
63.78,63.78,25.27,80.20,38.97
64.01,64.01,36.72,79.09,35.04
61.60,61.60,52.73,78.25,31.09
63.03,63.03,64.01,73.74,34.41
62.26,62.26,75.24,72.10,38.86
77.63,77.63,83.95,65.92,44.00
79.56,79.56,85.44,66.12,37.20
78.18,78.18,84.53,71.44,36.64
76.36,76.36,84.98,74.09,36.25
75.51,75.51,70.00,72.78,34.28
76.07,76.07,60.47,76.82,33.56
75.62,75.62,55.06,76.31,33.81
77.61,77.61,53.12,76.00,34.93
77.90,77.90,39.55,75.45,37.16
77.88,77.88,29.75,78.32,38.60
77.89,77.89,29.21,78.23,38.43
76.71,76.71,26.21,78.32,39.21
75.45,75.45,25.63,77.81,36.97
76.37,76.37,29.00,77.15,34.26
77.80,77.80,26.87,78.45,32.36
79.34,79.34,25.18,75.19,33.25
78.77,78.77,26.19,72.44,30.62
77.45,77.45,25.85,69.50,33.38
78.32,78.32,28.04,66.57,35.38
78.90,78.90,27.48,61.32,34.06
78.33,78.33,26.54,59.30,35.16
62.13,62.13,21.92,47.91,34.37
60.37,60.37,30.57,46.10,36.89
60.96,60.96,38.75,47.36,40.30
62.84,62.84,42.99,46.79,44.30
64.52,64.52,38.77,44.40,43.87
67.86,67.86,50.30,45.02,39.76
66.77,66.77,62.87,33.54,32.28
72.56,72.56,71.82,39.85,28.74
82.38,82.38,86.35,53.61,34.27
84.14,84.14,85.17,55.32,33.46
81.91,81.91,82.31,56.93,37.03
80.16,80.16,74.13,59.11,38.87
81.34,81.34,62.78,54.20,32.28
82.74,82.74,64.27,47.85,26.25
80.69,80.69,55.94,50.82,24.63
79.60,79.60,50.41,40.70,29.50
81.24,81.24,44.94,34.02,32.14
80.72,80.72,40.44,31.63,35.76
79.40,79.40,42.19,32.09,31.24
73.55,73.55,49.89,32.37,30.73
68.93,68.93,51.70,34.35,26.90
72.41,72.41,60.90,48.13,27.70
78.98,78.98,83.16,63.86,38.25
82.36,82.36,86.90,65.21,38.26
79.89,79.89,88.04,63.57,36.20
79.65,79.65,86.30,70.10,37.66
79.59,79.59,78.04,74.56,38.07
79.60,79.60,63.51,70.96,37.28
79.48,79.48,50.58,77.54,38.09
78.37,78.37,55.49,76.83,38.26
78.02,78.02,51.20,75.76,39.28
78.52,78.52,46.73,76.73,40.32
78.83,78.83,27.05,80.49,38.26
73.48,73.48,34.57,77.53,35.73
74.60,74.60,27.64,79.14,34.39
74.30,74.30,22.62,78.65,34.31
74.87,74.87,24.98,81.70,34.46
80.28,80.28,30.70,78.49,39.86
79.29,79.29,28.00,82.00,35.15
78.28,78.28,24.95,74.97,37.67
77.26,77.26,21.77,75.83,36.96
78.14,78.14,18.34,75.64,37.71
81.28,81.28,16.60,71.79,33.17
79.29,79.29,16.91,70.17,29.07
70.72,70.72,17.45,66.81,32.63
59.54,59.54,20.35,62.16,28.44
59.31,59.31,24.58,59.61,32.66
68.88,68.88,28.26,56.47,33.85
66.27,66.27,28.38,54.23,28.03
65.90,65.90,51.51,50.49,25.21
67.91,67.91,53.14,47.82,29.32
69.32,69.32,45.98,44.82,31.60
78.64,78.64,35.76,42.20,34.48
84.12,84.12,37.16,39.75,29.49
82.53,82.53,34.98,35.31,28.05
80.63,80.63,41.22,34.12,29.14
81.30,81.30,45.53,22.70,26.46
81.63,81.63,55.45,16.43,28.64
80.55,80.55,69.94,23.24,39.55
79.80,79.80,88.28,16.36,36.99
76.90,76.90,86.09,21.17,29.70
71.13,71.13,86.32,26.43,32.17
71.30,71.30,81.43,34.20,25.82
74.89,74.89,51.24,29.49,20.69
74.78,74.78,54.56,35.49,27.20
72.61,72.61,62.88,56.06,39.94
77.17,77.17,84.68,73.79,53.48
79.85,79.85,86.29,75.02,56.92
79.84,79.84,82.67,79.29,56.73
80.35,80.35,76.19,76.99,56.78
80.33,80.33,66.90,75.93,50.45
79.93,79.93,62.30,79.16,50.53
79.91,79.91,58.87,78.22,54.36
79.90,79.90,55.54,76.59,54.80
79.77,79.77,49.40,78.83,54.51
79.49,79.49,41.84,78.28,53.75
80.52,80.52,41.15,79.23,55.10
79.00,79.00,46.65,77.89,53.27
79.03,79.03,59.92,79.66,51.19
76.88,76.88,72.20,75.15,48.59
78.10,78.10,81.67,74.12,57.79
79.36,79.36,85.69,69.41,54.69
77.19,77.19,86.22,74.35,53.70
79.13,79.13,85.85,73.04,52.50
78.60,78.60,74.82,76.79,51.82
79.37,79.37,52.65,77.43,53.95
80.26,80.26,55.67,75.93,54.95
80.82,80.82,50.46,79.49,54.21
81.24,81.24,44.10,77.48,54.36
80.94,80.94,40.74,77.92,55.35
81.59,81.59,29.37,78.09,53.94
81.21,81.21,32.86,80.16,54.68
81.66,81.66,51.91,78.63,57.90
79.99,79.99,62.53,77.11,54.46
80.31,80.31,67.22,71.66,54.71
79.29,79.29,84.77,72.82,56.65
79.02,79.02,87.13,72.30,51.99
79.22,79.22,84.92,69.79,51.71
77.78,77.78,84.75,74.57,51.53
78.03,78.03,67.97,75.62,48.76
76.97,76.97,56.59,75.79,48.92
78.13,78.13,57.00,77.61,45.87
78.58,78.58,54.35,77.03,44.40
76.85,76.85,53.53,78.99,44.47
75.11,75.11,50.48,77.73,44.40
74.62,74.62,42.97,78.58,43.79
73.13,73.13,35.92,79.33,43.10
70.73,70.73,32.92,78.19,42.04
67.77,67.77,31.84,74.60,39.27
64.34,64.34,31.65,69.30,38.12
61.99,61.99,27.72,66.32,37.36
62.75,62.75,28.15,62.52,36.07
61.86,61.86,29.49,58.27,32.77
58.91,58.91,36.66,53.02,30.26
53.90,53.90,49.52,45.93,27.93
50.48,50.48,51.53,34.90,31.71
51.49,51.49,56.50,23.29,44.02
51.72,51.72,88.38,22.94,47.19
46.37,46.37,87.16,23.10,35.51
46.07,46.07,85.69,25.53,37.40
47.75,47.75,83.44,30.23,34.11
45.28,45.28,65.63,27.05,27.58
42.97,42.97,61.24,33.53,30.03
41.38,41.38,55.37,46.21,32.49
40.95,40.95,81.62,63.36,44.47
42.52,42.52,85.93,72.92,45.14
40.45,40.45,83.87,70.76,43.69
42.99,42.99,77.95,67.48,42.43
40.80,40.80,60.62,67.84,31.31
32.46,32.46,54.45,65.22,23.17
32.36,32.36,49.36,61.91,26.85
31.17,31.17,39.17,62.10,29.54
33.25,33.25,32.23,60.36,27.95
33.23,33.23,35.61,52.27,28.09
32.58,32.58,35.01,51.95,24.26
32.59,32.59,39.13,56.91,25.06
26.38,26.38,40.61,47.56,24.09
23.84,23.84,49.51,44.77,34.27
29.94,29.94,72.21,61.10,51.46
35.10,35.10,87.42,70.43,48.36
40.56,40.56,85.74,73.81,45.12
43.57,43.57,87.41,74.23,46.37
43.96,43.96,79.01,76.22,47.00
43.09,43.09,65.54,77.62,46.16
43.86,43.86,56.30,78.74,44.80
45.15,45.15,56.28,78.28,45.88
44.19,44.19,54.28,79.80,45.23
42.83,42.83,45.63,79.50,44.13
43.74,43.74,42.39,80.40,45.74
44.01,44.01,29.96,80.09,45.82
43.73,43.73,28.58,79.33,47.08
42.73,42.73,28.86,80.26,46.96
39.17,39.17,21.27,80.34,43.97
34.20,34.20,14.97,78.67,37.53
27.08,27.08,15.34,73.38,34.28
20.32,20.32,14.02,71.77,36.82
18.39,18.39,16.36,65.90,36.04
18.40,18.40,17.87,64.66,31.04
14.53,14.53,21.45,58.82,27.33
13.44,13.44,27.68,56.15,29.26
14.00,14.00,31.15,53.76,34.51
12.98,12.98,38.32,51.77,33.88
12.38,12.38,34.48,43.61,27.60
13.21,13.21,34.04,31.43,27.77
18.74,18.74,32.28,17.69,23.07
14.84,14.84,34.16,11.31,19.64
10.07,10.07,36.98,7.77,28.86
15.56,15.56,64.36,9.42,39.50
15.49,15.49,87.84,14.49,38.39
22.22,22.22,87.08,18.40,32.61
33.91,33.91,86.84,20.51,37.56
28.62,28.62,78.95,21.13,34.37
18.57,18.57,63.28,13.30,25.64
17.58,17.58,56.66,10.46,21.35
15.34,15.34,55.03,4.58,20.95
16.49,16.49,45.47,0.53,18.12
17.85,17.85,42.00,0.52,17.87
19.53,19.53,33.84,2.48,16.10
19.97,19.97,28.42,10.46,15.74
16.48,16.48,29.90,18.62,17.45
18.11,18.11,43.82,32.68,22.79
17.03,17.03,51.55,50.26,32.16
17.21,17.21,82.52,69.56,40.81
10.68,10.68,87.83,72.18,41.75
14.71,14.71,84.18,79.57,42.57
16.77,16.77,78.34,79.34,43.66
13.33,13.33,69.25,78.29,44.43
11.68,11.68,63.42,76.02,45.55
8.78,8.78,71.05,74.00,41.26
15.99,15.99,80.72,76.79,46.26
5.88,5.88,86.52,74.88,42.36
16.46,16.46,86.57,70.63,37.93
30.41,30.41,85.88,74.99,41.54
33.08,33.08,77.48,77.10,43.52
36.00,36.00,61.80,77.45,43.16
38.35,38.35,55.43,77.89,42.39
38.93,38.93,52.90,78.16,42.10
39.08,39.08,47.08,78.47,41.23
39.96,39.96,42.15,79.02,41.33
40.60,40.60,30.58,79.68,41.60
41.02,41.02,25.00,80.14,41.94
41.42,41.42,24.61,80.37,41.74
41.08,41.08,23.94,80.48,40.73
41.31,41.31,20.97,80.12,40.51
40.74,40.74,21.96,80.49,38.88
42.03,42.03,20.60,80.73,38.78
41.63,41.63,15.41,80.72,38.18
41.52,41.52,29.94,80.68,37.40
38.44,38.44,47.24,80.55,36.48
29.35,29.35,59.95,79.47,33.28
14.12,14.12,70.85,76.99,39.26
16.08,16.08,83.81,74.20,51.72
6.86,6.86,86.62,71.07,43.49
17.82,17.82,86.46,71.24,47.56
31.94,31.94,87.06,73.03,49.66
35.61,35.61,69.09,75.07,50.41
38.81,38.81,58.63,76.00,49.52
39.96,39.96,60.11,76.21,49.64
39.26,39.26,54.07,76.13,48.98
39.62,39.62,50.98,77.86,48.73
40.31,40.31,43.71,78.68,48.76
39.52,39.52,33.87,78.16,48.47
37.61,37.61,24.12,79.48,49.60
37.56,37.56,21.69,78.66,48.52
30.74,30.74,15.97,74.24,43.94
22.12,22.12,11.22,68.50,41.60
16.93,16.93,10.17,65.60,37.69
13.26,13.26,15.52,58.51,30.58
13.33,13.33,17.31,55.03,29.24
13.32,13.32,21.78,55.08,26.85
13.09,13.09,29.99,54.74,31.36
12.52,12.52,32.00,49.09,30.03
12.08,12.08,37.75,43.76,27.66
12.50,12.50,23.20,27.34,19.87
13.39,13.39,34.32,25.32,21.29
13.44,13.44,33.61,22.23,22.27
14.26,14.26,29.18,20.21,20.26
14.38,14.38,26.85,17.45,17.58
9.91,9.91,30.43,18.01,14.70
5.91,5.91,40.40,40.12,24.20
16.41,16.41,80.31,59.54,34.83
11.85,11.85,86.38,59.61,38.46
8.74,8.74,83.40,73.75,36.55
13.96,13.96,77.37,65.79,39.45
9.20,9.20,60.01,71.47,31.54
9.84,9.84,53.36,68.18,22.52
11.75,11.75,50.46,61.81,22.88
11.03,11.03,45.81,60.08,24.48
12.85,12.85,38.05,55.56,25.77
15.79,15.79,28.76,50.39,20.98
22.35,22.35,37.17,48.22,26.70
23.79,23.79,40.20,50.50,24.76
16.50,16.50,45.37,48.58,25.53
10.27,10.27,57.77,42.92,28.70
17.11,17.11,66.45,58.55,44.79
11.49,11.49,87.81,71.36,44.86
11.38,11.38,85.36,74.83,45.47
22.17,22.17,87.19,77.72,47.03
29.48,29.48,81.97,77.16,48.78
34.10,34.10,66.08,77.41,48.49
36.48,36.48,50.27,78.96,49.18
37.93,37.93,59.74,79.58,49.11
38.66,38.66,52.42,79.49,49.09
38.33,38.33,46.63,80.63,47.11
39.00,39.00,41.30,80.00,48.25
39.31,39.31,35.17,81.00,47.84
39.31,39.31,27.57,79.69,48.82
37.56,37.56,24.78,80.23,50.32
34.82,34.82,20.89,77.63,48.64
30.86,30.86,15.80,75.96,46.29
21.56,21.56,12.94,74.28,40.33
15.46,15.46,14.05,65.23,34.40
14.72,14.72,16.82,61.48,28.41
13.66,13.66,21.55,60.11,29.07
12.89,12.89,28.57,55.83,29.41
11.58,11.58,35.89,53.46,30.55
11.88,11.88,36.53,53.08,30.95
11.82,11.82,41.01,46.68,29.00
11.51,11.51,34.25,35.69,19.86
9.76,9.76,25.51,21.57,17.79
11.31,11.31,29.19,21.37,16.01
9.79,9.79,29.02,21.84,19.31
9.26,9.26,27.83,19.48,16.44
10.18,10.18,31.87,20.34,17.31
10.58,10.58,26.21,13.42,19.44
12.40,12.40,25.58,13.78,14.91
10.27,10.27,21.08,9.50,16.17
8.80,8.80,22.21,9.06,19.27
5.84,5.84,26.29,6.43,18.49
7.14,7.14,31.79,4.50,26.06
14.36,14.36,45.01,0.62,37.24
18.69,18.69,88.64,2.58,45.16
18.85,18.85,87.69,8.34,37.41
27.63,27.63,85.65,24.47,40.99
30.85,30.85,83.68,34.82,41.89
19.56,19.56,59.99,36.10,24.32
15.70,15.70,51.79,42.26,24.62
11.80,11.80,55.34,55.01,26.56
13.33,13.33,80.99,77.40,38.56
6.70,6.70,87.60,80.81,38.92
10.27,10.27,83.98,78.61,36.45
11.97,11.97,79.81,76.86,38.92
12.40,12.40,66.35,78.62,40.28
20.88,20.88,63.76,77.96,43.49
29.30,29.30,60.49,77.75,46.11
36.73,36.73,56.67,78.21,46.22
40.21,40.21,49.73,78.48,45.32
40.56,40.56,41.14,79.40,45.05
40.92,40.92,33.80,79.62,44.39
40.79,40.79,28.62,79.86,44.07
41.40,41.40,25.63,79.87,44.56
40.38,40.38,24.51,79.73,42.58
41.03,41.03,22.31,80.41,41.70
40.76,40.76,20.66,80.74,41.97
40.89,40.89,20.87,80.82,42.90
39.92,39.92,22.29,81.20,42.57
40.80,40.80,21.66,81.29,43.43
40.55,40.55,21.15,81.37,42.84
40.08,40.08,21.44,81.47,42.71
40.13,40.13,22.16,81.37,41.30
40.29,40.29,21.92,81.14,43.11
40.73,40.73,20.80,81.71,42.86
40.90,40.90,20.71,81.98,40.68
40.27,40.27,31.76,82.01,40.30
37.30,37.30,50.53,81.76,36.25
24.73,24.73,62.35,79.31,30.72
13.23,13.23,65.65,72.37,37.13
17.35,17.35,83.31,69.56,49.25
21.09,21.09,86.32,69.73,44.35
30.22,30.22,84.69,70.74,42.18
40.01,40.01,87.47,73.79,46.84
44.62,44.62,73.79,77.01,51.65
47.42,47.42,65.64,77.01,55.19
50.61,50.61,61.47,77.89,57.37
51.62,51.62,62.58,77.84,57.07
53.20,53.20,59.81,78.42,54.03
53.50,53.50,60.61,79.39,54.24
51.58,51.58,61.28,79.61,53.51
50.88,50.88,59.74,78.78,52.25
49.14,49.14,60.59,79.28,53.31
48.26,48.26,58.82,77.05,55.02
48.77,48.77,59.32,74.52,57.33
47.98,47.98,57.86,70.31,53.99
49.26,49.26,57.32,64.73,52.37
47.78,47.78,57.47,61.17,49.29
48.27,48.27,57.15,58.72,48.36
44.37,44.37,57.15,52.34,45.36
34.71,34.71,59.24,42.32,37.66
19.02,19.02,59.07,29.88,31.91
25.38,25.38,82.29,22.55,39.07
23.23,23.23,87.16,12.27,34.27
33.03,33.03,85.42,19.46,35.57
39.39,39.39,87.31,22.90,38.50
42.75,42.75,70.23,25.00,36.21
44.49,44.49,58.36,24.23,29.87
48.64,48.64,59.35,30.40,31.51
66.36,66.36,75.74,42.83,43.99
79.09,79.09,86.25,47.36,46.27
77.79,77.79,84.83,55.08,46.09
79.29,79.29,80.35,56.70,47.49
80.74,80.74,67.90,69.18,42.83
80.74,80.74,61.85,67.29,43.33
80.04,80.04,56.67,67.58,47.10
79.24,79.24,55.42,59.05,45.89
78.02,78.02,52.26,60.92,43.50
79.18,79.18,52.47,47.70,44.56
77.87,77.87,50.53,43.45,43.86
81.33,81.33,49.94,44.82,51.90
75.36,75.36,54.31,47.02,45.77
79.15,79.15,60.19,40.62,42.17
82.35,82.35,69.09,50.09,47.68
79.44,79.44,87.15,63.42,49.65
79.72,79.72,86.70,69.77,46.57
78.86,78.86,85.80,74.97,47.05
79.10,79.10,82.32,77.93,49.57
79.38,79.38,57.60,78.36,50.84
78.31,78.31,58.62,78.50,52.59
78.39,78.39,57.51,79.29,54.93
78.61,78.61,46.09,79.15,52.85
77.36,77.36,42.84,80.42,47.33
70.44,70.44,42.72,79.42,45.56
70.54,70.54,39.16,80.26,43.76
68.11,68.11,40.54,80.81,43.97
70.09,70.09,50.64,81.02,50.69
76.40,76.40,59.62,80.20,52.75
81.36,81.36,68.78,80.96,59.00
81.56,81.56,68.06,80.34,60.07
82.82,82.82,65.49,83.22,58.05
82.92,82.92,59.98,78.05,59.46
82.03,82.03,58.31,73.14,57.25
79.40,79.40,58.52,66.30,53.55
69.77,69.77,59.05,67.52,52.28
65.79,65.79,59.75,60.71,50.20
64.09,64.09,56.84,50.86,48.61
67.14,67.14,53.67,62.04,50.05
68.34,68.34,48.62,54.97,45.95
69.44,69.44,47.98,40.36,48.14
71.87,71.87,54.78,42.85,45.62
68.26,68.26,59.96,34.11,40.93
66.12,66.12,66.15,17.40,37.97
65.81,65.81,89.32,5.77,37.98
69.27,69.27,87.24,6.51,30.76
73.30,73.30,85.27,20.37,32.96
74.32,74.32,82.98,22.02,35.06
76.46,76.46,65.01,20.32,33.86
77.10,77.10,60.27,20.02,33.20
77.16,77.16,56.39,13.54,35.26
76.50,76.50,51.78,8.39,35.48
76.41,76.41,42.78,7.59,35.77
75.48,75.48,43.77,12.76,34.11
72.05,72.05,44.54,8.85,37.63
70.73,70.73,44.80,10.42,34.89
70.03,70.03,51.38,23.70,28.06
70.19,70.19,60.41,42.20,36.01
79.24,79.24,73.22,62.27,47.16
78.35,78.35,86.51,71.67,50.62
80.05,80.05,82.24,80.03,50.11
80.88,80.88,75.36,78.87,49.69
80.53,80.53,70.07,79.14,46.75
79.62,79.62,67.12,76.84,47.46
78.40,78.40,68.96,76.33,43.80
78.64,78.64,76.81,73.69,43.70
79.02,79.02,87.14,75.47,43.98
76.47,76.47,85.20,74.04,38.20
78.35,78.35,85.29,71.93,38.89
75.63,75.63,83.24,75.62,41.73
65.41,65.41,62.44,76.53,41.12
67.20,67.20,56.95,77.92,40.92
67.89,67.89,58.05,78.60,43.77
76.90,76.90,58.26,78.78,48.67
83.16,83.16,57.23,79.07,51.01
81.82,81.82,53.99,79.11,52.68
80.96,80.96,46.71,79.26,52.19
79.90,79.90,38.71,80.28,53.83
78.76,78.76,40.81,80.55,54.97
77.25,77.25,40.89,80.79,54.82
72.21,72.21,46.06,80.99,52.43
62.47,62.47,43.62,81.28,48.40
60.80,60.80,45.71,81.35,46.12
63.60,63.60,39.91,81.14,43.06
68.40,68.40,45.56,81.31,44.49
74.48,74.48,63.35,78.96,51.52
70.20,70.20,68.56,74.64,52.73
77.02,77.02,79.48,72.50,62.31
76.49,76.49,88.24,68.31,59.89
76.44,76.44,85.86,70.64,57.21
77.54,77.54,85.01,74.97,58.57
76.85,76.85,76.28,76.38,56.49
76.24,76.24,65.38,78.30,56.93
76.59,76.59,58.71,77.52,56.79
77.57,77.57,57.02,78.95,56.93
78.20,78.20,53.89,78.62,56.59
78.73,78.73,53.54,79.63,55.26
78.32,78.32,50.45,78.82,55.97
78.49,78.49,48.61,78.96,55.74
78.04,78.04,50.12,79.35,56.65
79.67,79.67,50.43,79.19,56.82
78.61,78.61,52.93,80.12,57.14
78.30,78.30,55.90,76.06,55.60
76.13,76.13,59.16,73.19,53.55
76.80,76.80,56.90,69.16,50.58
76.90,76.90,48.99,64.56,50.20
76.41,76.41,46.07,60.72,47.63
66.56,66.56,44.73,57.43,47.13
64.87,64.87,42.96,54.85,48.87
65.63,65.63,43.34,51.75,50.32
66.58,66.58,41.69,49.76,51.02
67.64,67.64,41.80,42.72,50.70
65.39,65.39,40.57,38.40,49.36
62.80,62.80,41.55,31.49,45.96
61.27,61.27,48.80,18.45,42.85
56.30,56.30,57.83,24.73,39.16
52.69,52.69,70.39,37.00,46.20
50.56,50.56,87.50,38.37,50.43
45.63,45.63,85.70,41.37,47.50
49.38,49.38,79.71,49.35,47.12
52.21,52.21,70.46,48.01,42.03
48.12,48.12,63.75,48.67,46.82
53.55,53.55,60.66,47.06,51.30
59.63,59.63,59.31,41.08,53.64
61.17,61.17,55.52,38.53,45.36
64.77,64.77,54.09,42.33,46.13
64.75,64.75,50.59,41.44,44.96
67.09,67.09,47.28,38.94,45.82
67.14,67.14,51.83,33.77,44.24
64.84,64.84,58.53,31.08,43.37
63.49,63.49,65.02,48.36,46.51
61.06,61.06,84.62,65.15,52.80
57.90,57.90,87.34,67.58,47.12
61.24,61.24,86.50,74.92,49.44
61.20,61.20,86.96,78.61,48.50
61.37,61.37,70.92,79.48,50.32
59.77,59.77,62.07,78.29,51.61
55.74,55.74,53.29,78.68,47.63
56.08,56.08,54.43,79.10,49.49
54.58,54.58,49.36,79.04,47.55
54.54,54.54,49.08,80.34,50.17
53.06,53.06,46.51,80.78,47.83
52.71,52.71,43.87,81.21,44.19
54.99,54.99,47.37,80.52,40.05
61.24,61.24,54.43,81.97,49.12
78.06,78.06,68.64,79.43,59.41
86.86,86.86,67.06,80.36,58.31
78.71,78.71,65.93,80.49,55.92
81.54,81.54,58.77,70.69,54.66
82.24,82.24,54.62,64.42,53.71
83.13,83.13,53.66,61.51,54.12
83.35,83.35,52.83,57.86,55.14
83.10,83.10,55.08,57.78,54.39
83.11,83.11,51.67,54.35,53.16
83.11,83.11,53.15,51.73,55.82
82.91,82.91,51.66,45.12,54.52
80.81,80.81,49.01,37.70,56.71
73.91,73.91,50.22,36.71,53.49
74.43,74.43,49.76,32.02,51.77
82.17,82.17,55.16,34.45,55.42
82.46,82.46,68.23,34.11,56.54
82.83,82.83,62.93,26.67,54.71
81.46,81.46,62.79,23.66,53.49
81.85,81.85,57.52,23.29,54.81
72.73,72.73,56.36,16.01,51.05
66.62,66.62,57.68,10.01,44.62
62.30,62.30,59.33,0.85,42.64
60.58,60.58,81.83,-0.00,48.87
58.17,58.17,87.38,0.37,39.06
65.20,65.20,85.28,12.81,37.72
66.21,66.21,87.50,27.28,41.95
67.47,67.47,67.86,27.93,41.40
65.65,65.65,52.05,24.99,36.15
64.97,64.97,60.85,28.44,34.95
74.14,74.14,69.85,53.34,38.85
84.72,84.72,86.35,63.04,44.98
80.04,80.04,82.31,74.09,47.45
79.43,79.43,74.83,79.94,47.55
78.89,78.89,69.89,76.24,45.62
79.29,79.29,67.61,77.83,44.98
78.81,78.81,61.58,77.76,49.28
78.73,78.73,58.81,78.33,48.20
78.21,78.21,53.10,78.77,49.88
77.78,77.78,48.34,78.46,50.38
73.28,73.28,42.54,79.08,50.17
69.08,69.08,43.77,79.52,52.37
67.23,67.23,45.11,79.91,54.68
67.78,67.78,46.94,80.39,57.45
67.73,67.73,51.30,79.97,57.07
69.40,69.40,59.66,79.83,52.26
76.99,76.99,59.59,80.04,48.71
80.11,80.11,60.56,80.30,49.10
78.69,78.69,52.96,80.55,48.42
73.99,73.99,50.96,80.66,49.03
72.80,72.80,47.33,80.92,49.26
71.30,71.30,43.84,80.85,48.58
72.13,72.13,48.19,80.77,50.35
72.01,72.01,46.02,80.67,48.40
69.99,69.99,46.87,80.31,48.19
70.69,70.69,44.50,80.52,43.12
71.92,71.92,47.67,80.37,40.99
72.76,72.76,58.07,79.35,37.68
73.98,73.98,67.01,74.01,37.42
77.07,77.07,80.40,66.00,50.24
80.91,80.91,87.15,64.21,51.90
81.37,81.37,86.67,71.93,50.82
80.21,80.21,86.46,74.98,53.29
78.10,78.10,78.73,75.44,52.38
78.31,78.31,66.90,74.66,54.20
79.22,79.22,59.17,73.86,56.48
78.65,78.65,58.79,77.39,55.68
78.63,78.63,53.49,76.48,55.25
78.14,78.14,52.43,78.85,55.99
77.67,77.67,50.31,77.25,54.51
79.74,79.74,48.05,79.56,55.20
80.37,80.37,49.25,78.94,53.64
80.23,80.23,46.79,75.95,51.95
81.59,81.59,47.72,72.80,52.78
81.43,81.43,47.91,71.16,50.27
79.54,79.54,53.51,69.14,46.99
71.30,71.30,58.70,62.39,47.43
67.36,67.36,58.12,60.47,46.20
67.25,67.25,55.89,53.42,46.95
65.33,65.33,58.17,48.33,45.56
64.29,64.29,63.56,33.70,43.71
62.35,62.35,79.81,8.74,52.86
62.98,62.98,88.75,0.76,44.29
65.36,65.36,84.61,3.77,38.50
65.54,65.54,87.17,11.34,38.72
62.24,62.24,73.66,13.92,32.95
64.74,64.74,60.62,8.09,28.31
52.08,52.08,59.04,4.94,22.73
60.73,60.73,64.94,24.82,37.12
74.23,74.23,87.56,36.73,45.16
77.43,77.43,85.38,38.81,47.68
79.95,79.95,80.14,41.85,46.91
78.99,78.99,71.35,47.44,44.88
77.06,77.06,63.04,42.94,43.59
77.43,77.43,59.15,46.99,46.80
76.95,76.95,58.08,45.10,47.75
78.30,78.30,55.27,38.78,48.01
79.79,79.79,52.49,26.05,45.76
79.71,79.71,52.26,32.12,46.96
80.15,80.15,51.16,19.95,46.15
75.52,75.52,53.46,22.96,47.15
72.53,72.53,58.61,32.49,42.19
70.30,70.30,66.17,47.01,43.10
71.11,71.11,83.88,63.27,48.83
73.13,73.13,86.24,70.08,47.13
78.88,78.88,84.91,74.46,49.08
79.41,79.41,86.83,78.89,51.04
80.72,80.72,70.72,77.61,50.08
80.42,80.42,55.30,77.65,49.00
79.82,79.82,55.52,78.01,49.99
66.80,66.80,52.19,78.77,50.52
59.72,59.72,47.38,79.39,50.37
58.04,58.04,47.87,80.35,51.04
56.00,56.00,44.37,80.59,51.47
61.20,61.20,42.47,79.77,52.12
62.48,62.48,43.71,80.82,51.58
64.17,64.17,52.28,79.93,52.12
67.43,67.43,60.88,80.61,58.98
69.91,69.91,70.30,78.26,61.87
77.39,77.39,66.34,73.11,58.65
82.71,82.71,61.15,69.11,55.98
82.72,82.72,57.17,66.44,54.99
81.73,81.73,57.07,61.71,56.65
82.21,82.21,55.41,59.70,57.70
82.83,82.83,56.51,60.45,58.25
82.39,82.39,54.35,56.36,56.34
81.53,81.53,55.71,49.17,53.95
81.95,81.95,53.52,47.41,50.03
81.11,81.11,54.08,34.51,49.89
81.36,81.36,53.38,26.82,48.03
78.16,78.16,59.32,10.85,46.07
77.72,77.72,65.21,0.03,46.05
80.08,80.08,85.79,-0.00,53.41
80.12,80.12,87.85,-0.00,44.47
80.23,80.23,85.40,0.22,45.65
79.23,79.23,85.93,3.33,46.29
78.86,78.86,67.80,4.52,47.15
80.41,80.41,58.88,4.04,45.84
79.81,79.81,57.52,2.28,41.96
72.36,72.36,50.89,2.38,43.16
63.83,63.83,48.43,7.56,40.09
64.02,64.02,46.35,14.46,40.63
64.93,64.93,47.00,16.68,44.54
64.31,64.31,46.43,16.76,41.40
63.76,63.76,47.02,14.82,38.67
61.71,61.71,53.51,22.14,34.64
66.07,66.07,63.65,43.95,42.98
72.78,72.78,86.28,61.40,48.80
80.41,80.41,85.66,63.66,50.63
81.46,81.46,80.52,79.71,51.36
81.71,81.71,74.44,81.20,50.21
81.96,81.96,69.53,79.33,46.55
82.17,82.17,69.01,77.79,44.67
81.70,81.70,71.04,77.97,44.06
80.84,80.84,83.69,77.98,47.99
80.35,80.35,87.30,76.12,40.27
80.12,80.12,85.11,74.24,43.38
78.20,78.20,85.78,74.38,47.93
78.49,78.49,65.60,75.99,48.83
77.18,77.18,56.45,76.77,51.11
78.71,78.71,49.43,77.05,51.98
81.41,81.41,57.96,77.62,52.33
81.30,81.30,59.12,77.97,52.04
77.89,77.89,54.88,77.99,53.79
69.94,69.94,49.46,78.04,55.13
68.71,68.71,47.51,78.98,53.87
65.22,65.22,50.72,79.39,54.09
63.01,63.01,49.59,79.42,54.49
61.75,61.75,51.31,79.51,54.31
62.78,62.78,49.10,79.51,54.75
64.48,64.48,49.02,79.35,54.01
66.42,66.42,47.82,78.93,52.88
65.72,65.72,51.72,79.21,48.38
60.27,60.27,60.24,74.21,39.38
55.03,55.03,63.32,62.54,33.04
67.50,67.50,69.72,57.11,43.64
80.25,80.25,88.18,70.02,46.92
80.62,80.62,85.54,72.12,36.41
80.06,80.06,86.25,75.49,39.10
81.01,81.01,82.05,77.04,40.50
80.58,80.58,65.92,76.82,44.14
81.24,81.24,55.13,78.27,44.82
82.19,82.19,57.54,77.88,43.87
81.56,81.56,52.21,78.62,43.42
82.03,82.03,52.23,78.71,43.73
81.16,81.16,50.65,79.91,44.56
82.21,82.21,50.61,78.52,49.64
81.16,81.16,49.34,78.63,46.26
78.91,78.91,48.13,76.68,45.19
79.65,79.65,48.65,72.32,44.87
79.52,79.52,53.97,71.54,47.75
78.57,78.57,60.23,67.05,48.38
80.12,80.12,62.70,62.32,51.59
80.61,80.61,58.34,57.54,51.92
80.50,80.50,54.73,55.71,54.34
83.32,83.32,48.20,51.19,51.19
80.34,80.34,41.29,50.40,47.48
77.86,77.86,43.00,46.62,42.41
77.20,77.20,42.84,34.83,41.59
70.96,70.96,42.86,31.42,40.12
67.62,67.62,42.34,36.52,42.48
68.43,68.43,42.49,27.47,39.92
67.86,67.86,47.10,22.67,38.30
72.10,72.10,57.73,22.12,39.26
81.51,81.51,67.35,30.41,37.14
83.47,83.47,86.50,37.24,41.29
82.19,82.19,85.74,39.01,41.39
81.44,81.44,81.21,36.39,36.82
82.00,82.00,71.92,39.84,36.77
80.62,80.62,63.57,38.57,33.56
80.41,80.41,58.40,28.79,30.07
80.00,80.00,56.35,36.78,26.83
80.51,80.51,54.99,38.49,29.85
79.63,79.63,52.95,34.05,33.11
80.38,80.38,51.67,35.70,34.78
81.42,81.42,51.04,31.86,32.90
80.18,80.18,52.66,27.46,32.51
82.27,82.27,55.34,33.59,33.52
81.54,81.54,61.15,45.17,38.68
80.37,80.37,83.13,60.37,48.65
76.69,76.69,85.94,66.27,43.27
75.86,75.86,84.68,71.45,45.14
76.85,76.85,87.19,77.95,45.31
71.58,71.58,72.42,80.11,47.55
66.72,66.72,62.30,79.23,45.85
67.46,67.46,55.84,79.58,43.03
67.61,67.61,56.58,78.49,41.27
67.09,67.09,48.84,79.68,43.77
66.04,66.04,46.32,79.85,44.02
63.46,63.46,38.67,79.93,44.54
62.36,62.36,36.78,80.36,45.34
68.17,68.17,46.30,81.18,45.03
72.92,72.92,59.60,81.35,47.24
72.98,72.98,65.83,79.60,51.36
82.02,82.02,70.32,80.64,47.50
80.75,80.75,66.72,79.68,45.99
82.46,82.46,61.06,74.68,44.15
80.53,80.53,58.92,73.17,41.96
79.83,79.83,57.36,69.54,39.31
81.59,81.59,55.95,66.00,36.81
75.01,75.01,59.37,60.00,36.97
64.49,64.49,57.32,55.77,36.40
66.58,66.58,60.44,56.36,40.72
66.80,66.80,58.15,52.18,45.04
67.47,67.47,56.85,46.09,42.96
68.77,68.77,53.78,36.47,41.84
73.35,73.35,51.11,26.53,48.80
71.28,71.28,51.55,13.18,47.68
81.17,81.17,66.94,2.81,49.37
85.42,85.42,66.90,-0.00,42.28
82.71,82.71,60.29,0.00,41.51
67.94,67.94,57.74,0.03,44.30
58.95,58.95,53.78,-0.00,41.85
57.12,57.12,55.25,-0.00,44.41
47.30,47.30,56.77,-0.00,37.99
61.42,61.42,72.82,-0.00,45.46
60.72,60.72,87.85,0.24,40.94
50.89,50.89,87.17,6.55,33.86
67.31,67.31,86.81,16.91,39.65
71.39,71.39,76.97,20.22,41.35
72.72,72.72,57.17,31.51,37.72
75.42,75.42,58.66,35.21,43.36
71.75,71.75,69.68,57.84,46.68
75.23,75.23,87.33,76.68,52.43
78.78,78.78,84.18,78.85,52.54
79.76,79.76,81.40,78.36,50.62
80.28,80.28,72.85,77.72,49.64
79.64,79.64,67.45,77.28,46.54
79.00,79.00,60.80,78.45,46.82
78.99,78.99,59.64,79.20,49.68
79.31,79.31,57.42,79.35,50.13
79.17,79.17,56.56,79.69,50.91
79.12,79.12,54.17,79.69,50.74
78.89,78.89,52.27,80.20,47.75
78.95,78.95,53.46,80.35,48.04
79.16,79.16,63.08,79.06,43.61
78.09,78.09,73.29,74.08,44.36
77.75,77.75,83.33,70.68,50.99
77.34,77.34,87.35,68.51,45.45
75.86,75.86,85.30,71.12,45.94
76.52,76.52,86.81,74.97,47.15
77.86,77.86,70.37,77.02,48.71
69.06,69.06,60.43,78.11,50.93
62.18,62.18,49.36,78.51,51.27
65.12,65.12,53.61,78.88,51.05
61.40,61.40,52.51,79.19,49.76
61.51,61.51,50.39,79.29,48.27
61.98,61.98,48.29,79.62,48.70
58.59,58.59,47.89,79.56,43.76
58.68,58.68,55.31,79.55,37.56
56.95,56.95,69.05,77.02,37.54
62.48,62.48,75.70,71.17,47.24
77.25,77.25,86.47,71.54,51.41
76.37,76.37,86.67,72.91,46.79
75.63,75.63,84.97,75.75,48.43
74.79,74.79,83.35,78.15,47.05
74.84,74.84,64.99,77.64,48.44
74.37,74.37,54.33,76.23,50.51
75.47,75.47,55.89,77.98,51.05
73.74,73.74,53.82,79.09,52.17
75.12,75.12,54.23,78.63,49.79
73.68,73.68,54.23,79.62,49.65
74.55,74.55,54.12,79.00,48.74
73.07,73.07,52.10,80.72,48.50
73.32,73.32,52.62,78.66,50.47
74.36,74.36,51.57,78.54,51.82
71.01,71.01,54.20,76.85,47.44
70.49,70.49,54.88,74.34,40.27
69.29,69.29,62.49,71.36,36.91
68.09,68.09,61.60,66.48,36.78
64.34,64.34,56.22,63.08,38.32
60.51,60.51,56.55,54.88,40.52
52.37,52.37,59.94,47.11,40.22
50.36,50.36,72.71,36.41,48.49
52.41,52.41,87.82,15.40,43.99
48.70,48.70,87.13,16.70,36.37
51.64,51.64,86.72,24.35,38.50
50.80,50.80,78.94,26.99,38.80
53.48,53.48,63.06,21.60,37.11
64.83,64.83,60.21,15.39,35.58
65.17,65.17,66.37,30.33,34.59
75.65,75.65,85.90,48.12,42.49
80.62,80.62,84.95,49.66,45.26
80.38,80.38,81.61,56.40,45.61
78.75,78.75,75.83,63.44,46.67
79.05,79.05,64.55,61.58,42.65
78.10,78.10,61.07,60.03,42.20
79.71,79.71,57.33,50.46,45.13
79.74,79.74,53.60,41.82,44.82
79.37,79.37,51.89,41.82,44.77
79.25,79.25,51.22,41.32,47.06
79.46,79.46,50.16,46.12,49.32
80.94,80.94,49.19,39.54,49.02
81.92,81.92,55.34,37.58,43.19
79.97,79.97,63.31,44.02,44.61
80.91,80.91,79.29,61.48,54.30
80.73,80.73,87.02,66.83,49.56
78.14,78.14,85.36,75.52,47.60
78.53,78.53,85.57,77.82,48.09
79.23,79.23,73.02,77.86,50.37
78.57,78.57,51.73,77.59,52.47
78.93,78.93,58.47,77.54,54.13
78.31,78.31,49.33,79.25,54.18
78.50,78.50,49.54,79.52,54.70
79.60,79.60,45.40,79.46,54.34
77.03,77.03,40.27,80.53,53.66
74.39,74.39,40.58,80.52,53.83
74.25,74.25,44.42,81.53,50.72
71.74,71.74,50.59,80.43,48.76
75.53,75.53,63.42,80.49,56.12
82.03,82.03,69.59,81.62,61.05
80.97,80.97,64.88,81.05,60.72
80.68,80.68,62.74,75.71,55.33
81.45,81.45,58.07,70.58,54.32
81.01,81.01,58.35,64.89,51.53
81.03,81.03,55.54,64.49,52.95
81.00,81.00,57.45,57.67,50.49
81.47,81.47,53.79,49.90,48.12
82.10,82.10,56.06,53.67,47.80
82.34,82.34,53.32,55.93,46.14
83.16,83.16,53.81,47.65,45.72
83.05,83.05,53.08,34.97,45.51
82.94,82.94,56.50,21.60,46.62
82.52,82.52,60.25,3.42,47.78
82.26,82.26,79.18,0.23,55.56
80.61,80.61,88.60,-0.00,50.10
81.36,81.36,84.16,0.32,47.84
80.43,80.43,86.81,2.64,49.51
79.47,79.47,72.94,2.77,51.65
76.17,76.17,59.47,2.16,47.46
72.01,72.01,57.47,0.17,46.88
73.38,73.38,50.06,0.04,40.48
72.36,72.36,49.09,3.70,40.50
72.20,72.20,40.70,11.94,36.64
72.19,72.19,40.31,15.30,36.11
73.19,73.19,44.47,17.31,40.31
73.94,73.94,43.42,21.04,37.65
73.53,73.53,56.00,33.51,37.13
69.35,69.35,62.57,50.83,40.00
70.57,70.57,83.78,68.74,48.98
77.51,77.51,87.56,76.15,50.98
82.05,82.05,84.16,78.52,50.32
82.64,82.64,77.75,77.83,48.75
82.69,82.69,66.49,78.96,45.95
81.67,81.67,68.41,77.01,48.15
80.51,80.51,72.65,72.36,48.42
79.32,79.32,80.60,67.09,54.22
78.09,78.09,86.30,63.31,49.72
78.22,78.22,84.91,66.95,49.68
78.92,78.92,85.83,75.01,50.29
73.42,73.42,73.92,76.45,49.73
68.27,68.27,57.72,76.49,50.12
70.97,70.97,50.54,77.12,50.86
77.82,77.82,53.55,77.18,52.40
76.07,76.07,60.07,77.29,53.07
77.34,77.34,57.21,78.05,53.40
76.41,76.41,51.32,78.12,53.54
75.09,75.09,44.17,78.37,53.86
72.17,72.17,44.63,78.52,54.43
73.98,73.98,45.84,79.09,52.52
69.96,69.96,48.35,79.67,52.98
69.80,69.80,48.67,79.94,51.21
65.07,65.07,47.69,80.14,48.91
63.31,63.31,46.90,80.20,46.72
64.54,64.54,47.41,80.05,44.23
60.85,60.85,56.10,77.48,39.69
57.40,57.40,65.81,72.46,37.25
57.73,57.73,66.60,56.10,45.41
70.63,70.63,87.97,65.25,57.77
80.44,80.44,86.44,67.91,59.87
82.30,82.30,86.01,75.68,57.63
82.94,82.94,83.26,77.16,58.14
83.17,83.17,67.88,78.17,58.14
82.39,82.39,61.53,78.09,57.92
79.18,79.18,53.57,79.16,59.06
76.82,76.82,54.24,78.63,59.14
77.13,77.13,49.74,79.75,58.65
75.83,75.83,47.58,79.71,56.48
76.70,76.70,48.60,80.01,56.56
77.84,77.84,47.75,79.85,56.97
79.53,79.53,50.04,81.09,56.87
76.53,76.53,48.87,78.79,56.94
77.90,77.90,53.12,74.70,56.05
80.00,80.00,57.88,72.74,54.82
79.81,79.81,61.57,69.14,53.09
80.27,80.27,58.97,65.94,53.74
78.67,78.67,56.43,63.25,54.01
79.12,79.12,49.76,57.26,51.88
78.31,78.31,43.88,55.70,52.84
70.57,70.57,46.64,53.23,48.70
65.98,65.98,47.73,42.16,44.46
63.84,63.84,47.36,34.37,44.94
64.77,64.77,48.45,39.21,44.95
65.07,65.07,46.64,37.12,42.35
66.07,66.07,47.92,31.08,40.50
63.94,63.94,55.04,19.29,38.19
62.31,62.31,58.35,37.20,40.31
60.21,60.21,85.29,56.79,52.60
55.18,55.18,86.11,54.31,53.82
55.07,55.07,83.77,64.27,49.92
55.04,55.04,76.93,68.77,46.66
55.39,55.39,66.93,74.95,41.42
58.09,58.09,61.87,69.37,44.49
63.81,63.81,59.88,63.46,47.40
65.21,65.21,54.86,65.23,46.64
66.88,66.88,51.34,62.64,49.91
67.40,67.40,47.09,58.68,51.45
67.51,67.51,44.81,55.98,53.72
67.97,67.97,47.87,46.05,55.36
67.75,67.75,54.98,37.94,56.29
63.76,63.76,59.81,38.73,55.34
66.51,66.51,77.64,53.76,59.92
61.10,61.10,86.77,64.37,54.06
63.83,63.83,84.92,68.34,54.31
63.36,63.36,85.62,78.17,53.07
65.01,65.01,77.51,78.90,53.68
67.18,67.18,67.17,78.07,52.26
65.94,65.94,58.02,78.28,52.20
62.64,62.64,52.44,79.71,52.69
60.83,60.83,51.69,79.97,52.94
55.86,55.86,49.14,79.73,52.45
54.89,54.89,47.07,81.03,53.17
55.46,55.46,45.38,80.53,51.17
54.46,54.46,44.34,81.15,49.39
62.24,62.24,53.03,79.98,50.44
70.82,70.82,63.50,80.30,54.23
78.84,78.84,70.76,80.56,58.52
81.58,81.58,67.73,79.37,56.79
81.26,81.26,64.74,77.36,52.62
78.97,78.97,58.36,75.35,53.63
80.21,80.21,57.97,72.89,51.02
78.32,78.32,54.57,65.30,49.06
75.07,75.07,58.23,62.59,46.31
72.15,72.15,57.18,60.72,43.65
73.65,73.65,57.99,56.02,45.99
70.10,70.10,57.24,53.57,46.20
70.46,70.46,56.52,53.62,51.40
71.28,71.28,55.47,45.90,50.69
69.05,69.05,55.11,40.83,50.20
69.07,69.07,53.10,30.50,45.83
67.92,67.92,64.04,26.79,45.04
79.06,79.06,67.36,8.11,45.23
77.89,77.89,62.03,5.76,37.96
76.67,76.67,60.30,5.92,33.44
76.61,76.61,56.32,2.74,33.58
75.54,75.54,51.72,0.03,33.88
74.88,74.88,59.96,-0.00,38.03
73.67,73.67,71.29,-0.00,45.86
74.31,74.31,88.02,-0.00,45.23
70.90,70.90,86.78,2.33,34.56
72.63,72.63,85.91,14.88,35.96
74.25,74.25,82.14,19.72,33.07
74.12,74.12,60.92,26.41,26.22
77.57,77.57,56.24,32.78,27.06
77.68,77.68,63.10,46.90,33.30
76.67,76.67,81.66,65.14,43.07
78.95,78.95,88.33,69.75,49.19
80.58,80.58,84.01,78.49,47.39
79.76,79.76,77.63,77.19,49.15
79.32,79.32,66.94,76.14,45.10
80.11,80.11,62.65,77.62,43.38
79.27,79.27,59.03,78.71,47.42
78.25,78.25,56.88,78.51,48.89
73.74,73.74,54.81,78.97,47.79
68.51,68.51,54.14,79.30,47.01
72.43,72.43,53.21,79.32,46.01
73.28,73.28,53.62,79.89,45.98
70.37,70.37,61.53,79.48,43.53
66.59,66.59,71.11,75.49,42.91
69.06,69.06,79.82,69.90,54.24
79.36,79.36,85.55,65.93,49.75
81.97,81.97,86.64,67.17,47.39
81.07,81.07,85.77,75.46,47.54
77.12,77.12,76.15,76.64,47.11
69.79,69.79,55.64,76.92,49.22
62.67,62.67,51.34,77.83,49.05
63.16,63.16,48.44,78.23,49.20
64.88,64.88,47.47,78.54,48.33
64.46,64.46,44.23,79.49,48.47
64.30,64.30,37.82,79.89,47.13
66.70,66.70,40.13,80.05,46.66
66.31,66.31,53.13,79.17,37.72
64.52,64.52,67.25,73.98,35.28
59.68,59.68,65.08,58.27,42.54
77.66,77.66,83.84,64.93,52.72
81.35,81.35,88.29,71.30,49.25
81.57,81.57,85.41,73.41,50.37
80.37,80.37,86.20,74.92,51.95
80.07,80.07,65.33,76.57,54.56
81.07,81.07,53.53,77.48,55.06
79.97,79.97,59.36,77.91,56.02
79.74,79.74,51.91,78.99,56.59
79.51,79.51,50.90,78.44,57.33
79.21,79.21,48.27,79.63,57.44
79.82,79.82,48.82,79.24,57.88
79.69,79.69,46.51,80.27,56.73
77.80,77.80,46.05,78.95,56.90
78.63,78.63,45.69,79.34,58.52
79.43,79.43,48.68,79.59,57.32
79.92,79.92,52.39,78.36,58.03
78.43,78.43,59.93,78.93,57.91
71.23,71.23,65.01,78.94,53.82
68.91,68.91,56.13,70.63,53.98
65.44,65.44,56.36,58.22,50.67
63.18,63.18,59.49,48.98,49.24
62.32,62.32,66.33,42.97,52.14
61.79,61.79,88.15,33.38,52.66
59.83,59.83,87.05,26.37,45.21
64.52,64.52,85.79,30.64,46.28
65.21,65.21,83.02,28.90,46.07
60.95,60.95,65.62,23.35,41.28
59.71,59.71,59.72,27.38,41.56
67.87,67.87,64.44,39.27,47.44
77.68,77.68,82.58,59.33,49.53
83.47,83.47,86.17,65.58,50.39
82.06,82.06,82.77,70.63,47.07
81.59,81.59,77.46,69.08,48.69
80.56,80.56,64.58,63.05,45.79
81.15,81.15,60.54,55.53,40.01
81.13,81.13,57.09,57.99,41.56
80.65,80.65,54.84,50.86,40.77
78.24,78.24,52.54,49.14,42.53
70.47,70.47,53.51,47.37,45.16
69.32,69.32,53.30,41.81,40.30
72.30,72.30,52.60,37.10,37.18
69.36,69.36,56.72,32.45,36.49
71.76,71.76,62.71,42.35,39.46
80.32,80.32,76.54,57.18,48.20
75.54,75.54,87.01,70.84,46.82
73.88,73.88,83.91,72.69,47.84
72.59,72.59,86.70,75.89,48.34
71.85,71.85,78.98,78.78,48.89
71.86,71.86,55.19,78.11,48.36
72.18,72.18,59.97,78.62,48.66
68.54,68.54,55.20,77.98,48.64
60.39,60.39,49.39,79.24,49.10
63.17,63.17,45.40,79.49,49.53
63.69,63.69,43.37,79.71,50.82
61.14,61.14,36.90,79.76,51.21
60.57,60.57,42.19,81.10,53.56
64.99,64.99,56.23,80.45,54.20
66.62,66.62,63.07,80.19,57.55
78.73,78.73,69.60,81.01,61.09
82.14,82.14,66.96,79.11,55.54
83.46,83.46,62.95,73.51,49.02
81.94,81.94,58.55,72.55,46.24
80.34,80.34,56.83,69.83,42.11
80.53,80.53,52.96,61.75,41.58
79.51,79.51,54.42,60.16,40.68
79.71,79.71,52.98,50.90,38.21
80.70,80.70,52.86,56.02,38.80
80.32,80.32,51.52,57.51,45.44
80.76,80.76,52.69,52.47,45.59
81.87,81.87,51.66,41.13,38.88
81.37,81.37,55.49,28.72,36.11
81.40,81.40,62.47,9.82,33.41
80.01,80.01,75.72,2.51,40.44
78.87,78.87,87.42,-0.00,39.09
78.16,78.16,86.92,0.94,32.85
78.56,78.56,86.55,5.16,34.28
79.83,79.83,78.47,8.07,34.90
79.60,79.60,60.30,9.74,33.66
77.05,77.05,56.67,4.61,30.75
78.49,78.49,52.50,1.85,29.84
71.51,71.51,50.05,1.11,40.86
69.70,69.70,46.81,5.51,33.34
68.60,68.60,44.51,7.28,32.61
67.91,67.91,46.23,5.50,31.79
65.73,65.73,46.54,12.27,30.01
64.15,64.15,54.43,26.84,28.72
67.15,67.15,65.41,39.27,36.41
78.43,78.43,80.76,60.99,44.09
77.42,77.42,87.08,74.09,48.16
77.56,77.56,83.47,77.84,46.21
77.82,77.82,78.51,78.69,47.64
77.56,77.56,70.76,76.43,45.58
78.11,78.11,68.08,78.11,43.25
78.71,78.71,70.70,75.78,42.45
77.41,77.41,80.99,71.03,45.47
78.16,78.16,85.70,72.39,41.19
77.36,77.36,86.92,70.40,41.92
75.29,75.29,86.73,72.79,45.39
77.14,77.14,78.58,75.89,48.17
77.93,77.93,60.82,76.29,50.35
79.10,79.10,53.46,76.44,52.76
79.39,79.39,54.13,76.79,52.68
78.98,78.98,58.08,78.19,53.72
79.41,79.41,56.84,78.72,54.68
80.12,80.12,51.97,79.21,53.91
80.61,80.61,44.51,79.77,55.65
77.10,77.10,42.07,79.74,56.51
71.61,71.61,44.81,79.90,59.31
65.01,65.01,47.10,80.22,57.30
63.44,63.44,49.72,80.32,56.74
63.73,63.73,48.20,80.58,56.82
63.04,63.04,49.14,80.36,56.20
64.31,64.31,47.96,80.77,53.34
62.50,62.50,54.33,80.64,47.35
62.33,62.33,71.94,76.60,35.79
68.88,68.88,72.35,62.94,37.35
81.18,81.18,84.62,69.89,44.72
79.30,79.30,86.38,74.65,38.05
80.23,80.23,83.65,74.19,45.39
79.66,79.66,86.34,74.15,48.44
77.72,77.72,67.71,76.47,50.28
77.88,77.88,58.59,76.95,51.61
78.25,78.25,61.91,78.81,51.48
78.96,78.96,53.39,78.57,53.87
79.76,79.76,54.50,79.62,55.12
80.73,80.73,51.74,79.43,55.35
82.61,82.61,52.49,80.16,55.43
80.61,80.61,49.29,79.89,55.05
80.89,80.89,50.11,79.22,51.34
81.46,81.46,48.07,76.53,48.23
81.90,81.90,50.92,71.49,44.79
81.44,81.44,54.03,65.07,41.85
82.57,82.57,57.20,63.92,38.41
81.26,81.26,58.54,59.13,35.65
81.02,81.02,56.04,55.86,33.85
80.88,80.88,51.83,53.91,36.04
80.37,80.37,45.41,48.83,35.36
79.29,79.29,42.33,45.85,33.63
76.39,76.39,43.26,37.41,37.90
68.19,68.19,42.93,35.09,38.35
67.40,67.40,45.07,37.52,37.20
68.23,68.23,45.71,33.65,36.20
66.91,66.91,45.87,30.12,33.60
66.23,66.23,53.50,25.99,28.88
67.08,67.08,68.55,38.11,30.19
72.04,72.04,79.45,60.56,30.82
77.57,77.57,86.60,63.61,30.43
80.25,80.25,83.68,67.08,29.16
80.57,80.57,78.79,72.33,31.96
79.96,79.96,67.32,70.90,32.22
80.09,80.09,63.37,63.92,33.44
80.02,80.02,59.12,64.06,37.49
80.82,80.82,55.59,64.83,37.62
81.45,81.45,52.99,64.41,37.90
81.52,81.52,48.52,57.61,40.62
81.42,81.42,45.87,64.74,40.34
81.54,81.54,48.13,60.42,41.11
81.86,81.86,56.21,56.57,43.00
82.62,82.62,62.33,50.29,44.31
80.44,80.44,73.04,46.74,51.87
80.47,80.47,88.08,54.48,49.14
79.83,79.83,85.92,57.40,43.90
74.35,74.35,86.55,73.10,50.20
68.03,68.03,81.64,77.81,54.26
67.02,67.02,65.26,79.09,54.03
68.65,68.65,58.24,78.12,54.27
67.06,67.06,55.36,79.51,53.48
66.92,66.92,52.67,79.60,54.70
67.28,67.28,41.45,79.36,56.52
68.74,68.74,45.30,80.60,55.80
65.05,65.05,39.60,79.95,56.63
62.53,62.53,41.36,80.51,56.68
56.78,56.78,45.85,78.72,56.47
54.76,54.76,54.15,79.65,54.54
71.19,71.19,69.03,77.26,57.91
83.90,83.90,67.04,80.35,48.66
82.81,82.81,64.15,81.04,42.37
81.93,81.93,60.22,78.21,41.99
81.06,81.06,55.25,76.25,45.03
79.18,79.18,50.48,72.87,48.72
79.16,79.16,53.17,73.64,53.60
79.91,79.91,52.96,70.05,53.71
79.63,79.63,53.10,68.24,52.58
79.62,79.62,53.32,67.44,54.24
80.79,80.79,51.86,64.07,55.14
81.16,81.16,48.40,58.52,55.12
80.19,80.19,52.99,56.82,63.26
79.65,79.65,54.13,48.42,74.82
81.11,81.11,59.12,43.45,71.11
80.93,80.93,66.36,31.80,72.27
79.42,79.42,60.38,31.36,72.45
79.85,79.85,58.01,29.88,73.07
82.04,82.04,57.35,26.36,73.64
81.38,81.38,54.55,20.47,72.30
81.63,81.63,60.46,9.75,65.76
81.73,81.73,67.44,5.04,68.05
80.90,80.90,87.27,12.93,70.72
79.63,79.63,87.58,13.62,71.52
79.24,79.24,85.46,10.47,70.69
75.68,75.68,85.41,15.16,69.18
72.97,72.97,65.47,24.61,68.30
71.90,71.90,59.71,28.30,68.51
74.96,74.96,67.11,37.17,65.35
71.51,71.51,78.14,61.28,65.63
73.01,73.01,87.36,70.79,64.76
74.74,74.74,84.54,80.08,64.04
77.37,77.37,79.01,79.31,64.78
73.76,73.76,69.98,79.39,65.45
76.80,76.80,63.46,78.19,64.91
79.13,79.13,60.58,78.14,64.74
77.25,77.25,57.12,78.03,64.25
76.26,76.26,53.72,76.54,64.82
72.58,72.58,53.34,78.06,65.00
75.16,75.16,51.84,77.94,64.76
75.15,75.15,50.34,79.05,65.18
76.27,76.27,55.27,77.71,63.63
74.49,74.49,67.90,77.40,62.94
75.27,75.27,76.88,75.80,64.67
74.76,74.76,87.95,76.37,63.98
76.97,76.97,85.92,73.93,61.68
77.12,77.12,85.92,72.39,62.44
76.59,76.59,82.30,75.01,63.45
77.96,77.96,55.37,77.43,66.45
77.86,77.86,54.07,78.40,65.56
77.88,77.88,51.95,78.72,65.62
77.91,77.91,48.09,78.81,66.17
77.02,77.02,41.08,78.97,65.00
78.80,78.80,43.28,79.25,64.95
79.14,79.14,39.53,80.19,64.28
78.44,78.44,48.13,80.64,63.81
78.40,78.40,64.12,79.45,63.75
80.93,80.93,70.68,69.26,65.78
80.86,80.86,81.14,64.90,67.58
79.51,79.51,86.51,64.17,67.71
79.66,79.66,84.71,73.62,68.35
80.53,80.53,86.51,72.34,69.83
80.32,80.32,76.10,77.86,70.47
78.74,78.74,60.70,78.53,70.78
79.51,79.51,56.34,77.19,72.06
78.75,78.75,58.09,75.63,70.49
79.81,79.81,49.70,77.90,71.01
79.92,79.92,50.16,78.68,72.07
80.39,80.39,50.50,77.60,71.51
80.54,80.54,44.68,77.16,70.25
80.57,80.57,47.36,80.98,71.21
80.21,80.21,47.49,79.98,70.67
78.10,78.10,52.66,77.93,73.62
82.96,82.96,53.57,77.61,81.08
78.02,78.02,48.90,75.33,80.48
79.43,79.43,52.28,68.80,79.00
81.66,81.66,48.95,57.90,74.63
82.09,82.09,52.40,60.54,73.15
82.11,82.11,63.35,56.20,70.12
81.98,81.98,62.44,37.32,71.78
80.98,80.98,84.60,29.55,71.62
79.50,79.50,86.99,27.10,70.50
79.24,79.24,85.58,33.27,72.23
79.00,79.00,86.92,39.11,73.01
80.45,80.45,66.66,38.33,72.04
80.12,80.12,61.15,29.35,71.68
80.92,80.92,67.15,34.30,70.41
80.69,80.69,78.01,59.52,71.36
79.45,79.45,86.77,64.08,72.55
76.31,76.31,83.88,75.15,70.83
77.82,77.82,79.12,71.61,70.79
75.10,75.10,67.80,67.67,71.97
71.98,71.98,62.44,67.41,71.23
71.50,71.50,61.40,59.67,71.25
71.36,71.36,59.21,58.87,71.41
72.28,72.28,57.12,53.87,70.99
71.14,71.14,56.19,53.75,71.26
73.90,73.90,56.45,49.65,73.10
71.09,71.09,54.01,38.44,72.15
69.40,69.40,58.68,40.52,71.68
70.70,70.70,61.06,39.53,69.25
69.96,69.96,67.36,50.89,71.95
69.95,69.95,85.49,66.06,72.87
65.85,65.85,85.60,66.41,72.57
63.67,63.67,84.78,74.44,71.89
64.50,64.50,83.06,77.27,71.49
64.05,64.05,67.88,75.57,72.13
65.41,65.41,54.17,77.55,72.39
64.46,64.46,50.17,78.83,70.84
64.02,64.02,51.58,76.72,71.18
64.88,64.88,44.14,76.84,72.90
64.08,64.08,43.99,80.92,74.03
66.16,66.16,41.73,79.50,73.08
61.40,61.40,42.64,78.89,72.92
64.07,64.07,49.62,79.05,72.53
63.27,63.27,58.33,81.72,71.78
63.66,63.66,67.43,76.24,72.86
59.76,59.76,69.22,77.24,73.50
59.22,59.22,68.09,79.86,73.15
62.57,62.57,63.28,76.44,73.43
59.88,59.88,61.05,77.21,72.27
62.10,62.10,60.70,74.71,73.18
60.23,60.23,60.17,73.33,73.67
59.33,59.33,61.10,71.53,73.11
60.01,60.01,58.45,68.05,73.00
61.51,61.51,59.88,65.74,73.10
61.06,61.06,59.85,61.78,72.14
61.89,61.89,58.65,59.19,73.93
62.31,62.31,60.69,54.04,73.43
62.17,62.17,61.23,45.13,71.64
60.82,60.82,70.65,38.24,72.55
58.63,58.63,88.37,26.62,72.81
59.70,59.70,87.01,23.81,72.61
57.73,57.73,86.03,21.46,72.65
54.68,54.68,83.51,24.99,72.35
58.44,58.44,56.22,18.38,72.69
60.11,60.11,53.97,15.85,73.34
54.46,54.46,52.97,13.83,73.16
58.39,58.39,50.26,8.38,73.48
59.94,59.94,44.47,9.32,73.58
57.88,57.88,44.80,15.41,72.56
53.89,53.89,45.64,16.17,75.69
57.22,57.22,47.78,24.65,69.79
58.19,58.19,57.35,36.82,67.92
56.18,56.18,63.31,51.34,62.17
53.94,53.94,75.59,66.54,63.73
43.91,43.91,85.99,77.17,65.57
50.07,50.07,85.00,80.44,66.09
54.60,54.60,77.11,77.31,66.73
55.61,55.61,69.06,79.72,63.86
42.42,42.42,67.96,78.35,62.02
38.72,38.72,73.62,73.21,60.10
41.75,41.75,77.65,72.34,61.34
46.24,46.24,84.60,63.28,56.42
38.76,38.76,86.54,71.74,51.72
41.62,41.62,84.96,71.59,51.27
43.12,43.12,81.15,73.10,50.65
44.78,44.78,68.25,77.55,53.05
45.18,45.18,59.53,76.57,49.89
50.52,50.52,57.86,77.80,54.84
50.22,50.22,58.06,78.51,50.83
51.19,51.19,60.34,79.21,50.75
51.41,51.41,57.01,77.73,48.36
50.68,50.68,55.64,80.27,47.47
48.61,48.61,54.61,79.31,45.16
49.87,49.87,54.50,78.89,47.69
49.81,49.81,53.27,81.46,46.84
52.03,52.03,53.32,79.54,50.46
47.73,47.73,51.15,79.41,44.78
51.35,51.35,52.00,81.79,48.50
48.39,48.39,51.36,80.62,45.00
43.67,43.67,52.85,79.39,43.11
37.66,37.66,61.69,81.23,42.46
26.31,26.31,73.07,70.88,41.26
17.72,17.72,83.31,71.66,51.57
9.56,9.56,84.02,69.98,48.65
26.64,26.64,84.01,72.51,49.63
38.59,38.59,86.21,72.24,53.98
45.68,45.68,75.47,74.96,55.48
51.02,51.02,64.54,78.90,58.98
52.13,52.13,60.03,76.54,59.58
56.63,56.63,60.73,75.89,60.99
55.72,55.72,58.09,79.24,58.08
57.88,57.88,58.44,78.65,59.32
58.06,58.06,57.63,78.04,57.67
56.75,56.75,56.56,77.31,56.17
57.86,57.86,56.75,80.47,57.91
57.02,57.02,55.23,77.59,57.09
55.87,55.87,58.26,78.97,59.52
55.30,55.30,71.96,78.77,75.18
51.80,51.80,66.29,77.26,65.81
54.51,54.51,60.83,75.84,57.45
55.04,55.04,62.60,71.49,53.65
55.00,55.00,61.98,68.61,51.41
53.03,53.03,59.52,62.33,49.75
52.97,52.97,56.06,54.95,49.62
54.00,54.00,54.98,54.56,50.78
50.14,50.14,52.95,55.96,44.88
50.29,50.29,53.48,46.64,45.59
47.86,47.86,53.63,49.16,42.02
45.66,45.66,53.12,39.33,37.41
44.21,44.21,54.60,42.74,30.89
47.78,47.78,56.19,31.97,26.06
67.70,67.70,75.76,49.08,34.44
79.96,79.96,87.47,62.28,38.38
78.75,78.75,84.95,68.71,34.27
79.27,79.27,79.03,66.34,36.49
80.73,80.73,66.07,63.61,40.50
80.90,80.90,60.10,59.84,31.58
79.03,79.03,55.87,51.33,36.59
78.95,78.95,54.83,46.84,35.02
73.05,73.05,54.03,45.60,33.81
64.22,64.22,55.11,43.16,33.68
69.79,69.79,53.70,38.90,39.14
72.86,72.86,53.01,37.19,39.61
69.83,69.83,55.46,38.66,43.58
69.44,69.44,61.83,31.26,42.42
67.83,67.83,66.97,45.83,46.12
67.31,67.31,88.63,63.29,51.73
66.41,66.41,88.38,69.36,47.88
67.80,67.80,84.18,69.33,48.60
73.03,73.03,83.36,78.57,46.74
79.56,79.56,70.25,77.47,47.91
81.00,81.00,59.78,76.10,46.55
78.11,78.11,55.95,76.15,48.33
69.53,69.53,47.07,80.45,48.78
62.61,62.61,45.91,77.79,48.82
60.36,60.36,46.21,77.25,49.27
57.07,57.07,40.42,78.27,49.97
65.58,65.58,37.75,81.43,51.24
74.46,74.46,40.60,79.07,50.94
77.29,77.29,51.18,78.97,52.18
77.94,77.94,59.67,78.39,55.60
74.23,74.23,66.46,80.37,54.85
74.33,74.33,66.85,78.89,52.14
78.66,78.66,58.75,81.85,50.71
79.96,79.96,52.93,76.82,49.18
79.68,79.68,50.63,78.65,43.18
79.96,79.96,50.31,74.76,44.94
79.33,79.33,52.48,71.09,43.78
79.32,79.32,50.19,68.20,40.34
78.43,78.43,52.19,62.69,40.96
78.61,78.61,52.14,54.35,44.66
78.74,78.74,50.47,49.33,43.99
77.06,77.06,51.17,45.45,43.15
77.73,77.73,51.63,41.91,43.37
78.25,78.25,57.67,50.88,48.34
77.02,77.02,65.74,46.90,43.76
77.49,77.49,64.24,36.71,45.46
78.63,78.63,59.41,33.56,42.91
76.41,76.41,53.90,29.71,39.69
72.14,72.14,55.27,25.10,38.30
64.38,64.38,61.30,22.73,35.37
60.03,60.03,64.08,5.48,31.26
62.17,62.17,78.76,16.53,40.37
59.32,59.32,88.83,19.78,35.31
60.14,60.14,85.54,21.29,38.04
58.92,58.92,86.15,33.39,42.92
60.18,60.18,76.00,34.88,39.88
60.35,60.35,63.08,31.12,32.91
58.82,58.82,61.26,35.54,29.23
73.12,73.12,73.12,55.42,36.54
81.21,81.21,86.81,70.79,41.52
81.68,81.68,83.93,77.68,44.35
81.73,81.73,80.44,79.20,43.07
82.08,82.08,70.39,78.34,40.44
81.61,81.61,64.83,79.82,41.14
81.45,81.45,61.85,78.66,45.85
81.31,81.31,58.29,77.59,45.60
75.71,75.71,54.56,79.93,44.77
65.53,65.53,56.82,78.42,45.43
69.17,69.17,56.70,77.75,46.14
72.77,72.77,56.40,78.41,46.23
72.98,72.98,54.62,81.85,45.78
73.14,73.14,53.26,79.92,47.52
76.79,76.79,55.28,77.63,48.33
82.44,82.44,61.61,81.11,48.62
83.36,83.36,61.81,79.85,48.55
82.93,82.93,55.88,77.39,48.28
78.83,78.83,52.90,81.05,46.31
73.37,73.37,48.56,77.74,49.13
70.86,70.86,41.91,79.37,51.74
68.82,68.82,41.95,79.50,52.63
70.80,70.80,47.21,80.17,57.40
69.90,69.90,48.00,80.18,56.45
69.94,69.94,45.71,77.66,54.05
68.39,68.39,40.80,82.08,52.18
67.95,67.95,45.56,78.76,50.08
65.23,65.23,58.93,78.01,45.67
57.75,57.75,70.18,79.66,42.07
64.69,64.69,77.52,73.60,52.83
80.25,80.25,87.14,73.55,49.86
83.73,83.73,86.60,67.86,48.14
78.74,78.74,85.80,71.68,47.26
77.56,77.56,79.42,73.66,51.54
79.60,79.60,63.82,73.56,52.01
79.77,79.77,53.77,73.21,55.69
79.91,79.91,55.01,77.13,53.66
79.33,79.33,53.46,76.91,54.82
78.73,78.73,53.32,77.43,54.57
80.00,80.00,50.98,75.68,54.10
79.99,79.99,49.93,78.10,52.98
79.79,79.79,49.78,78.55,53.29
82.79,82.79,53.89,77.04,53.03
83.21,83.21,58.92,78.29,58.69
78.27,78.27,78.33,77.52,68.23
78.22,78.22,83.32,74.74,63.79
74.69,74.69,80.45,69.99,57.27
73.55,73.55,73.43,73.98,51.52
69.07,69.07,56.88,67.87,46.81
64.32,64.32,59.58,60.69,40.01
61.90,61.90,61.85,48.97,38.20
65.00,65.00,77.45,31.36,48.34
68.75,68.75,87.65,30.14,47.51
70.57,70.57,86.50,30.11,49.75
72.86,72.86,85.61,40.10,48.21
66.30,66.30,74.74,39.66,45.34
55.48,55.48,47.47,32.36,37.29
51.08,51.08,54.71,35.68,28.48
59.92,59.92,66.20,45.36,38.70
66.95,66.95,87.72,49.38,43.38
66.23,66.23,86.02,57.69,42.31
76.12,76.12,80.14,55.38,43.75
81.17,81.17,69.95,66.80,39.99
80.74,80.74,63.68,62.99,36.87
81.88,81.88,59.29,50.89,39.70
81.58,81.58,56.63,57.33,39.71
81.13,81.13,53.39,45.03,41.51
80.19,80.19,53.01,46.76,41.53
80.41,80.41,51.22,46.16,43.95
80.75,80.75,49.08,39.80,44.70
81.49,81.49,53.93,40.28,41.95
82.03,82.03,57.72,34.83,43.25
81.94,81.94,65.89,42.85,47.11
81.10,81.10,85.68,62.56,51.38
79.92,79.92,87.81,63.50,42.49
80.48,80.48,85.66,69.47,45.14
79.58,79.58,85.55,77.74,46.14
80.03,80.03,66.47,80.30,43.48
78.18,78.18,63.32,78.53,45.09
71.66,71.66,54.17,76.26,44.38
66.10,66.10,48.01,80.43,45.19
65.07,65.07,47.24,77.95,46.73
65.07,65.07,48.45,78.16,48.54
65.60,65.60,45.20,78.11,49.27
65.97,65.97,45.31,81.69,53.78
71.27,71.27,52.44,78.22,59.31
85.46,85.46,55.29,77.98,52.18
83.96,83.96,64.22,79.55,56.70
81.86,81.86,69.62,81.00,57.19
81.63,81.63,67.22,78.62,55.83
81.87,81.87,61.06,76.55,53.20
82.18,82.18,57.24,82.46,53.11
81.28,81.28,55.56,78.12,49.86
79.96,79.96,52.49,78.26,48.87
76.92,76.92,53.46,71.75,45.27
70.57,70.57,48.66,67.40,45.78
73.44,73.44,49.63,67.75,44.40
71.34,71.34,45.50,63.32,46.02
71.69,71.69,44.03,60.40,42.79
70.47,70.47,51.37,58.11,41.22
72.36,72.36,61.61,47.39,39.42
80.34,80.34,66.00,41.03,36.42
81.98,81.98,84.99,33.87,41.34
78.76,78.76,87.42,23.97,32.45
74.00,74.00,85.74,28.89,35.80
71.64,71.64,87.44,30.87,37.25
73.14,73.14,68.25,24.35,31.79
71.43,71.43,52.14,24.54,26.75
64.49,64.49,51.18,24.65,33.96
60.00,60.00,50.78,20.61,34.05
60.48,60.48,49.85,14.45,34.52
65.11,65.11,47.55,16.11,34.69
65.29,65.29,46.17,14.72,32.28
61.14,61.14,44.32,15.11,28.04
64.95,64.95,51.62,28.83,35.59
63.55,63.55,62.52,41.96,27.90
62.29,62.29,70.69,55.29,26.83
71.73,71.73,84.09,72.97,25.34
78.60,78.60,85.48,77.64,23.88
80.57,80.57,80.78,79.05,23.89
78.72,78.72,69.95,77.29,23.31
78.39,78.39,65.58,78.50,19.40
76.21,76.21,66.18,76.95,17.42
74.51,74.51,74.04,75.83,28.85
71.17,71.17,88.07,74.85,33.36
71.17,71.17,87.62,69.70,30.78
72.60,72.60,84.84,70.62,28.12
73.18,73.18,83.78,75.39,30.59
70.82,70.82,64.68,74.45,35.08
74.29,74.29,53.66,77.58,37.25
72.69,72.69,52.13,78.43,38.28
71.77,71.77,58.16,77.03,37.73
71.92,71.92,58.85,79.22,36.61
71.91,71.91,54.38,78.11,37.07
66.68,66.68,52.29,79.32,34.17
60.24,60.24,50.36,78.45,37.06
59.47,59.47,51.79,80.69,40.50
55.78,55.78,49.60,79.94,40.45
59.40,59.40,50.68,78.98,42.00
58.29,58.29,45.67,82.01,42.31
60.77,60.77,42.84,79.93,41.03
68.18,68.18,38.50,79.76,40.88
67.29,67.29,43.25,82.10,38.04
73.73,73.73,57.84,80.14,38.04
73.85,73.85,66.31,76.15,29.06
72.88,72.88,76.85,75.21,27.35
68.38,68.38,86.26,68.82,19.90
65.92,65.92,84.85,67.90,18.90
75.83,75.83,86.70,72.98,22.92
79.93,79.93,80.83,76.74,27.52
80.08,80.08,62.22,77.50,32.14
78.48,78.48,56.35,75.27,32.40
78.27,78.27,56.97,79.01,31.04
77.57,77.57,54.44,77.14,30.78
77.28,77.28,53.72,77.82,29.31
77.26,77.26,50.88,77.33,25.84
76.72,76.72,49.85,80.83,24.92
75.87,75.87,48.71,78.49,28.55
75.97,75.97,50.89,79.70,29.29
76.85,76.85,54.63,80.36,29.18
80.72,80.72,63.32,78.76,30.41
79.61,79.61,68.28,78.71,25.74
79.23,79.23,63.20,77.05,29.92
79.32,79.32,62.49,75.64,27.06
79.49,79.49,65.26,74.01,27.89
80.11,80.11,60.12,67.40,33.53
80.60,80.60,54.10,63.58,32.28
80.77,80.77,49.03,58.09,34.38
79.99,79.99,46.56,49.79,36.77
71.66,71.66,45.99,50.02,34.91
64.46,64.46,47.14,55.65,26.08
63.22,63.22,49.29,55.18,26.02
61.59,61.59,49.11,47.35,20.55
59.33,59.33,55.12,44.59,12.59
67.87,67.87,68.08,48.62,6.39
84.22,84.22,85.28,59.31,9.60
82.51,82.51,85.78,64.02,12.32
81.23,81.23,82.79,72.09,11.54
82.47,82.47,76.18,61.64,25.90
82.30,82.30,65.83,61.04,25.03
81.94,81.94,66.48,67.25,25.42
81.93,81.93,62.04,61.41,28.70
82.36,82.36,57.95,57.27,33.63
82.18,82.18,56.79,55.68,34.24
81.10,81.10,52.93,56.90,35.47
81.85,81.85,51.35,55.71,37.74
81.49,81.49,52.48,51.84,33.59
79.38,79.38,60.54,40.17,34.56
72.85,72.85,65.15,44.83,36.38
74.57,74.57,83.69,60.30,46.87
79.20,79.20,87.75,64.10,41.39
78.93,78.93,85.48,70.46,44.89
78.62,78.62,85.38,75.09,45.83
75.32,75.32,77.66,79.41,45.05
69.14,69.14,57.27,78.68,44.06
68.06,68.06,47.87,76.71,44.27
67.10,67.10,53.84,78.16,41.05
62.78,62.78,49.61,79.62,38.19
60.79,60.79,49.10,78.46,36.79
61.42,61.42,41.88,77.15,35.09
62.85,62.85,44.72,80.03,35.53
62.44,62.44,46.30,81.01,33.13
62.31,62.31,55.20,79.27,34.76
64.86,64.86,75.04,77.80,43.75
75.84,75.84,71.83,81.89,40.84
79.16,79.16,68.28,79.50,42.94
79.86,79.86,62.98,79.13,43.85
77.23,77.23,60.14,80.01,44.56
75.13,75.13,58.81,77.90,42.49
64.39,64.39,57.13,72.72,39.21
65.80,65.80,57.82,75.16,39.62
62.37,62.37,55.38,72.84,38.62
64.56,64.56,55.78,70.08,44.75
63.22,63.22,53.76,67.64,47.46
66.10,66.10,51.51,65.63,50.13
66.71,66.71,50.10,63.55,52.24
68.03,68.03,50.91,58.80,49.92
72.22,72.22,52.64,46.68,49.74
74.70,74.70,57.17,53.76,48.69
81.80,81.80,66.05,52.98,47.67
82.22,82.22,65.04,44.42,50.95
82.33,82.33,62.32,44.67,50.63
82.39,82.39,57.08,38.98,46.33
82.56,82.56,55.75,32.82,43.45
82.26,82.26,59.32,22.81,32.21
81.30,81.30,74.22,22.36,36.43
79.29,79.29,88.50,17.58,33.70
74.51,74.51,86.78,20.92,35.15
72.79,72.79,87.28,32.89,40.90
74.56,74.56,79.27,32.06,47.14
71.58,71.58,63.49,35.48,39.98
75.26,75.26,61.19,50.60,34.87
79.21,79.21,72.11,66.28,34.54
79.49,79.49,85.67,79.00,43.18
81.44,81.44,82.65,78.55,43.89
81.60,81.60,81.75,76.65,43.25
81.47,81.47,74.17,77.33,43.76
80.99,80.99,64.57,79.59,43.43
81.12,81.12,60.61,75.62,46.70
80.79,80.79,58.89,75.65,47.18
80.45,80.45,56.61,79.97,50.01
80.63,80.63,56.35,78.62,52.26
80.63,80.63,54.85,77.48,54.45
82.44,82.44,53.34,80.49,53.84
82.19,82.19,53.42,79.50,53.19
82.41,82.41,62.19,76.12,51.23
81.50,81.50,70.59,78.65,46.69
77.25,77.25,82.82,72.15,50.69
79.50,79.50,85.86,74.34,48.66
78.03,78.03,86.53,65.65,53.05
78.14,78.14,85.85,75.17,54.74
78.89,78.89,77.06,76.81,58.67
78.46,78.46,61.19,73.93,60.02
78.38,78.38,54.90,78.53,61.14
79.65,79.65,53.54,76.77,60.68
80.38,80.38,48.11,76.60,62.84
79.11,79.11,44.28,80.84,63.54
79.82,79.82,42.62,78.22,65.44
77.64,77.64,45.59,78.26,62.74
78.68,78.68,54.40,80.66,62.50
78.32,78.32,70.07,77.28,60.71
78.92,78.92,72.82,70.51,61.32
77.75,77.75,85.84,72.55,62.22
77.67,77.67,86.69,70.51,63.80
78.32,78.32,86.14,74.22,66.17
78.26,78.26,82.54,74.83,66.35
77.07,77.07,66.51,74.02,66.75
76.08,76.08,59.46,75.43,68.95
72.14,72.14,58.30,77.30,69.60
67.32,67.32,56.82,77.34,69.49
68.95,68.95,55.04,77.64,69.22
64.50,64.50,55.28,79.98,71.78
65.70,65.70,54.99,78.97,70.99
69.86,69.86,55.22,77.10,71.64
65.57,65.57,56.20,79.08,71.52
64.97,64.97,57.04,78.31,72.23
70.55,70.55,67.90,76.37,75.85
73.54,73.54,79.94,72.42,77.64
67.49,67.49,81.64,67.33,75.29
63.85,63.85,76.66,65.82,75.28
62.66,62.66,62.19,67.16,75.21
65.31,65.31,63.02,57.84,73.90
60.38,60.38,65.81,50.14,73.08
59.67,59.67,73.25,33.49,75.18
66.69,66.69,88.28,23.03,73.67
66.35,66.35,86.47,24.59,75.75
61.32,61.32,86.08,33.32,75.23
66.05,66.05,82.92,33.43,76.52
63.75,63.75,59.02,29.26,77.05
65.18,65.18,62.74,42.69,75.84
66.79,66.79,67.51,46.73,72.37
66.61,66.61,84.36,71.57,73.09
62.36,62.36,84.92,70.66,73.23
60.73,60.73,82.36,72.24,73.92
64.56,64.56,74.83,68.31,73.54
69.11,69.11,66.61,66.20,76.75
68.92,68.92,64.30,63.15,78.62
66.56,66.56,61.71,51.62,76.22
64.14,64.14,56.84,56.62,77.57
63.38,63.38,54.98,59.98,76.40
68.01,68.01,55.23,57.70,76.69
70.01,70.01,53.54,59.43,77.69
71.73,71.73,51.61,50.72,77.07
75.73,75.73,62.16,51.87,77.79
67.94,67.94,67.96,56.64,77.30
73.04,73.04,79.16,67.80,76.09
69.69,69.69,87.76,74.08,74.82
62.23,62.23,85.91,76.28,74.05
66.38,66.38,86.53,78.98,77.52
70.62,70.62,75.62,78.65,77.45
66.56,66.56,62.91,79.03,77.61
69.90,69.90,49.60,78.46,76.61
70.19,70.19,54.17,79.30,76.34
70.80,70.80,47.92,79.02,76.34
69.40,69.40,43.85,78.93,77.66
67.67,67.67,43.36,80.17,76.99
66.45,66.45,40.67,80.65,78.25
66.57,66.57,42.48,80.26,78.55
64.43,64.43,48.73,80.16,79.51
62.45,62.45,56.89,81.29,78.87
69.36,69.36,70.91,78.60,79.68
68.66,68.66,67.60,71.37,78.79
60.39,60.39,63.32,73.29,79.06
60.90,60.90,58.96,67.78,78.63
57.40,57.40,59.63,65.30,76.51
60.77,60.77,56.87,57.06,77.91
62.31,62.31,58.77,56.59,78.02
58.44,58.44,56.76,58.98,78.44
61.62,61.62,57.05,52.30,77.03
65.82,65.82,56.39,50.86,76.06
68.43,68.43,57.17,44.21,75.53
64.37,64.37,57.39,39.27,75.66
60.06,60.06,60.77,33.96,74.54
56.13,56.13,62.82,20.64,74.26
59.91,59.91,78.69,7.90,76.83
59.10,59.10,87.49,12.06,74.77
63.50,63.50,87.18,12.70,74.70
67.53,67.53,85.71,14.49,75.43
70.39,70.39,76.29,8.21,76.23
65.74,65.74,53.51,9.71,76.75
58.16,58.16,48.12,8.96,77.46
59.51,59.51,46.93,11.56,74.81
60.20,60.20,45.08,7.85,76.27
57.84,57.84,46.44,13.74,74.40
58.05,58.05,45.45,18.99,75.58
60.07,60.07,47.02,31.42,75.17
51.01,51.01,52.40,38.18,75.27
58.11,58.11,61.76,49.77,75.44
55.04,55.04,74.20,66.32,71.27
50.03,50.03,85.64,78.58,74.68
47.65,47.65,84.05,78.61,71.76
45.48,45.48,81.29,76.86,72.64
44.98,44.98,73.99,77.65,72.80
52.13,52.13,70.27,77.63,72.24
44.92,44.92,66.21,76.79,73.25
44.71,44.71,68.96,76.21,73.59
47.71,47.71,82.77,75.46,75.10
44.75,44.75,88.22,75.79,73.14
44.85,44.85,84.39,71.08,73.44
48.16,48.16,86.70,73.19,73.27
49.49,49.49,75.28,75.34,74.69
44.09,44.09,58.94,77.57,73.37
46.01,46.01,54.94,78.32,72.58
47.09,47.09,58.34,78.61,72.64
46.09,46.09,58.72,79.08,73.55
44.58,44.58,55.52,78.99,72.65
47.22,47.22,54.77,79.13,70.54
44.52,44.52,54.31,79.92,70.82
42.75,42.75,54.66,80.26,65.83
44.16,44.16,54.22,80.52,68.66
39.73,39.73,53.79,80.63,67.60
39.25,39.25,52.92,80.64,68.61
38.74,38.74,51.90,80.23,66.17
37.37,37.37,51.82,80.54,63.15
35.45,35.45,51.60,79.77,58.80
32.07,32.07,52.85,77.64,54.87
28.38,28.38,61.17,74.96,47.40
29.26,29.26,77.62,75.41,47.19
28.12,28.12,87.92,77.81,51.33
25.62,25.62,86.65,76.27,46.30
31.46,31.46,86.04,76.31,48.49
37.39,37.39,85.08,77.23,51.38
38.19,38.19,67.16,76.03,57.47
40.51,40.51,61.96,77.32,56.49
40.41,40.41,61.80,77.51,61.60
41.03,41.03,61.83,78.49,56.55
42.35,42.35,61.29,79.40,57.36
44.85,44.85,61.75,79.64,54.04
42.77,42.77,61.20,79.26,52.29
41.41,41.41,60.07,80.55,50.99
38.19,38.19,59.81,79.65,53.49
34.28,34.28,59.31,80.48,53.72
34.99,34.99,69.90,77.69,61.24
33.29,33.29,64.52,72.38,62.72
38.82,38.82,60.66,59.46,61.76
40.76,40.76,60.89,60.16,51.56
44.19,44.19,65.08,60.27,46.15
44.93,44.93,61.98,59.32,43.71
45.40,45.40,58.48,56.57,40.82
45.24,45.24,57.95,49.05,39.92
45.26,45.26,57.70,46.15,38.42
43.44,43.44,54.96,38.69,36.67
45.56,45.56,54.76,34.06,36.76
44.10,44.10,54.04,31.00,31.80
42.88,42.88,52.30,28.44,30.27
34.52,34.52,54.66,30.43,23.66
19.32,19.32,53.75,23.50,23.42
16.43,16.43,79.94,50.34,35.83
12.16,12.16,86.78,45.59,42.65
12.39,12.39,83.81,46.19,39.64
20.37,20.37,79.27,46.29,38.95
19.85,19.85,65.16,51.91,41.47
28.45,28.45,66.05,42.56,49.14
34.89,34.89,64.41,37.75,57.48
36.16,36.16,62.63,39.03,59.14
38.06,38.06,61.89,41.21,58.45
42.51,42.51,62.52,44.42,56.20
44.04,44.04,61.91,43.99,54.82
44.02,44.02,60.51,50.04,52.72
35.44,35.44,62.71,45.44,50.41
18.81,18.81,61.91,42.51,43.62
16.53,16.53,75.07,62.36,53.21
10.15,10.15,85.28,69.24,50.61
18.40,18.40,87.79,72.79,48.82
30.35,30.35,87.21,75.19,51.44
37.38,37.38,76.18,77.09,51.05
40.32,40.32,57.46,75.40,51.44
42.35,42.35,55.49,78.50,51.93
43.87,43.87,56.23,78.46,52.19
44.42,44.42,53.07,79.64,52.44
44.02,44.02,50.73,80.04,50.24
46.97,46.97,50.56,79.90,48.98
46.58,46.58,50.85,79.78,47.62
46.69,46.69,50.75,81.15,44.58
38.65,38.65,53.56,80.86,42.29
24.45,24.45,54.43,80.38,44.21
23.53,23.53,70.47,78.00,52.36
26.88,26.88,70.35,72.43,51.25
34.69,34.69,66.94,69.93,55.70
36.44,36.44,65.60,70.78,56.96
38.68,38.68,65.04,65.13,57.87
41.32,41.32,63.10,59.75,58.38
42.61,42.61,63.89,53.49,62.12
41.84,41.84,64.42,57.64,60.21
40.00,40.00,63.65,56.17,56.47
42.67,42.67,64.33,47.15,54.15
41.49,41.49,64.83,45.52,52.51
43.72,43.72,62.49,38.25,48.76
41.49,41.49,62.94,38.09,50.67
43.42,43.42,61.35,33.45,49.99
42.85,42.85,64.02,36.66,52.78
44.89,44.89,68.05,35.62,46.82
44.96,44.96,65.00,28.50,45.89
46.37,46.37,62.79,31.07,42.95
45.98,45.98,60.52,22.47,40.22
39.93,39.93,59.71,19.08,37.23
21.07,21.07,58.77,10.14,31.08
15.55,15.55,64.96,19.28,34.23
20.82,20.82,88.17,20.12,35.43
23.70,23.70,87.02,25.49,32.36
36.13,36.13,86.14,27.34,38.32
40.78,40.78,82.78,30.50,40.47
42.81,42.81,65.67,27.43,39.59
39.18,39.18,59.82,32.82,36.36
26.09,26.09,58.49,45.71,36.89
15.54,15.54,81.08,66.16,47.78
10.50,10.50,86.95,71.50,51.08
11.94,11.94,84.73,78.22,48.57
23.27,23.27,80.24,77.60,48.16
30.60,30.60,68.23,76.43,43.58
36.05,36.05,66.07,77.27,46.74
48.10,48.10,63.90,78.00,49.89
56.87,56.87,64.16,77.79,50.25
59.04,59.04,62.49,77.67,50.38
60.98,60.98,62.56,78.07,50.33
56.42,56.42,60.46,77.44,47.83
53.20,53.20,59.05,78.39,44.39
54.86,54.86,61.42,78.93,44.62
53.40,53.40,66.39,77.22,50.43
66.78,66.78,79.84,74.06,63.49
74.20,74.20,86.20,72.42,65.20
75.37,75.37,87.13,73.15,59.47
79.30,79.30,86.33,71.62,57.53
80.92,80.92,81.57,75.17,55.48
72.75,72.75,63.62,76.18,48.31
58.67,58.67,59.56,76.83,45.07
55.28,55.28,55.40,76.66,45.05
55.03,55.03,52.13,77.24,46.90
58.95,58.95,46.72,77.27,53.98
66.36,66.36,42.03,77.50,56.57
68.31,68.31,43.30,78.61,56.67
68.32,68.32,54.63,78.82,55.97
69.75,69.75,67.60,76.30,61.58
70.79,70.79,76.36,67.01,67.69
71.19,71.19,87.22,68.31,69.45
72.28,72.28,87.98,69.40,69.63
76.10,76.10,85.13,69.91,69.70
78.82,78.82,85.27,71.94,71.20
76.55,76.55,73.62,73.81,71.69
79.75,79.75,56.92,74.05,74.74
78.04,78.04,60.04,79.59,73.79
80.62,80.62,54.50,75.11,72.86
77.13,77.13,53.69,77.60,72.56
79.93,79.93,52.65,77.20,74.26
81.15,81.15,50.30,79.24,74.08
78.00,78.00,46.66,78.17,74.63
77.57,77.57,49.67,76.76,75.19
81.80,81.80,46.69,79.20,74.92
81.55,81.55,52.09,82.78,72.16
83.39,83.39,57.11,76.86,71.39
83.31,83.31,59.84,76.28,70.39
77.97,77.97,56.62,72.84,71.27
69.90,69.90,51.84,69.82,72.03
67.43,67.43,45.79,65.69,71.47
68.16,68.16,47.63,60.33,73.65
68.72,68.72,52.83,64.31,71.34
68.79,68.79,53.61,59.84,71.14
70.46,70.46,52.98,57.59,71.36
64.58,64.58,47.76,53.69,71.67
63.52,63.52,41.85,48.23,69.94
68.97,68.97,50.54,43.91,69.06
73.90,73.90,59.72,43.99,67.34
76.40,76.40,70.17,50.31,63.10
78.31,78.31,83.39,66.05,58.91
82.40,82.40,86.23,69.72,55.45
83.17,83.17,82.74,75.84,51.22
82.79,82.79,77.69,70.08,51.02
82.03,82.03,66.85,73.64,48.88
81.59,81.59,66.16,64.32,44.55
79.57,79.57,60.91,58.61,44.91
79.23,79.23,56.89,56.06,44.53
79.05,79.05,53.74,50.65,46.85
77.76,77.76,51.35,45.60,47.84
76.73,76.73,52.78,44.44,44.21
80.81,80.81,50.40,31.79,43.50
83.14,83.14,55.21,23.27,41.14
84.01,84.01,60.62,13.61,41.97
81.65,81.65,74.39,26.89,45.79
74.93,74.93,88.29,27.12,42.96
64.08,64.08,86.10,30.23,35.59
63.40,63.40,86.98,30.61,34.99
64.30,64.30,80.18,33.14,37.20
69.52,69.52,53.15,30.53,40.38
72.97,72.97,50.72,22.45,41.27
75.18,75.18,49.73,20.64,39.23
74.43,74.43,41.14,16.89,39.39
70.42,70.42,43.49,16.02,34.53
66.54,66.54,46.58,22.28,28.24
59.49,59.49,42.20,31.48,30.16
76.57,76.57,44.08,49.03,41.64
78.76,78.76,51.81,57.16,58.83
85.69,85.69,62.82,68.51,68.51
84.20,84.20,70.72,80.44,73.15
84.09,84.09,67.95,83.00,75.42
83.27,83.27,65.54,81.50,76.74
83.14,83.14,61.98,81.21,76.87
83.52,83.52,57.82,80.07,75.86
82.16,82.16,55.00,79.46,76.49
79.35,79.35,56.27,80.06,77.57
83.32,83.32,55.22,80.99,77.27
84.26,84.26,55.43,79.68,77.24
82.63,82.63,56.38,79.66,76.81
75.12,75.12,57.70,78.91,77.26
73.34,73.34,55.09,79.57,77.52
71.59,71.59,55.68,79.13,76.97
75.07,75.07,53.00,81.57,77.02
78.94,78.94,54.14,79.30,76.71
82.22,82.22,59.07,78.57,74.87
79.51,79.51,64.43,77.23,75.84
77.65,77.65,60.73,68.38,75.35
77.49,77.49,55.66,61.45,74.90
82.42,82.42,50.40,58.84,74.79
81.98,81.98,42.76,60.94,74.14
80.12,80.12,43.08,57.81,72.27
77.46,77.46,44.26,50.50,72.98
76.66,76.66,42.65,39.13,72.67
78.36,78.36,41.93,36.09,71.95
75.30,75.30,42.47,41.24,68.60
73.22,73.22,46.13,32.38,60.68
67.91,67.91,55.73,29.22,55.68
72.62,72.62,66.28,26.79,54.70
83.43,83.43,81.55,35.25,63.83
83.81,83.81,86.20,35.17,58.21
77.27,77.27,83.31,46.51,56.62
78.11,78.11,78.89,48.13,58.40
81.99,81.99,66.58,43.23,54.21
84.28,84.28,61.59,33.13,50.06
81.31,81.31,59.10,33.36,48.13
71.08,71.08,56.96,39.08,43.65
65.46,65.46,52.19,32.06,38.99
67.51,67.51,52.01,32.30,39.11
73.14,73.14,52.79,38.71,40.44
70.14,70.14,47.83,30.70,36.44
67.94,67.94,45.75,28.45,38.86
66.99,66.99,48.03,31.46,36.09
69.97,69.97,53.22,36.83,37.94
70.55,70.55,67.60,36.79,44.62
80.50,80.50,60.78,27.26,45.56
84.14,84.14,61.10,30.51,47.35
81.83,81.83,54.00,30.96,47.04
84.74,84.74,54.20,25.65,44.77
85.27,85.27,50.66,28.32,44.47
83.73,83.73,42.44,23.59,46.35
82.37,82.37,42.13,21.73,43.48
80.67,80.67,43.63,22.73,45.09
81.46,81.46,39.20,17.25,46.25
82.93,82.93,46.46,31.14,47.56
84.19,84.19,46.74,31.85,49.67
80.87,80.87,56.98,45.37,54.60
80.87,80.87,74.00,57.54,60.50
83.49,83.49,83.22,65.51,71.17
84.53,84.53,85.01,66.00,79.48
83.24,83.24,84.19,72.83,75.91
80.99,80.99,87.07,74.54,75.83
80.87,80.87,71.93,77.07,75.18
81.95,81.95,58.77,77.23,75.30
83.13,83.13,55.37,78.99,76.55
83.36,83.36,52.37,78.41,75.93
82.28,82.28,51.34,79.39,75.79
78.24,78.24,51.03,78.35,74.54
78.74,78.74,49.84,78.73,74.00
80.69,80.69,49.60,78.92,73.79
77.13,77.13,51.37,79.62,73.45
74.77,74.77,49.33,78.69,74.02
83.46,83.46,51.70,79.64,73.58
80.30,80.30,53.81,79.66,74.22
84.55,84.55,60.45,77.34,74.38
81.27,81.27,63.45,72.02,74.81
82.75,82.75,59.10,70.34,73.89
85.28,85.28,49.82,68.04,71.98
85.48,85.48,43.09,63.14,72.65
86.35,86.35,43.13,57.85,73.28
86.01,86.01,42.06,51.66,72.75
82.92,82.92,38.77,48.79,72.76
75.29,75.29,41.07,48.10,73.10
78.90,78.90,42.12,48.27,72.29
82.95,82.95,47.72,36.33,68.59
81.09,81.09,57.26,32.75,62.29
73.85,73.85,68.47,38.89,62.26
79.47,79.47,82.26,54.68,59.38
81.35,81.35,86.87,54.23,53.28
82.73,82.73,84.06,61.47,49.78
85.54,85.54,78.75,55.83,48.05
83.83,83.83,63.49,51.76,44.72
77.82,77.82,61.99,45.43,37.99
72.27,72.27,58.75,40.29,37.36
69.09,69.09,56.88,41.69,34.36
68.76,68.76,51.61,38.99,32.41
69.09,69.09,50.37,45.82,38.11
71.01,71.01,49.59,46.39,45.34
69.66,69.66,49.70,40.33,46.65
70.28,70.28,57.39,50.62,53.10
72.09,72.09,65.77,38.35,65.23
75.79,75.79,73.04,51.33,73.53
81.55,81.55,87.71,64.25,71.05
80.00,80.00,86.23,72.92,72.83
80.03,80.03,83.31,76.22,73.56
80.25,80.25,82.02,78.41,73.31
79.20,79.20,61.13,77.85,73.44
80.34,80.34,54.26,78.16,73.27
80.32,80.32,50.01,79.24,73.55
82.04,82.04,46.66,78.70,73.92
82.40,82.40,40.11,77.54,73.47
82.53,82.53,37.97,78.11,72.36
83.01,83.01,34.95,78.39,71.23
84.41,84.41,41.05,77.50,69.99
83.71,83.71,47.68,79.22,70.98
83.53,83.53,54.00,80.23,69.92
82.59,82.59,68.55,78.48,69.62
74.62,74.62,70.95,77.88,68.56
71.02,71.02,64.78,75.85,68.56
72.11,72.11,61.65,74.69,67.97
69.89,69.89,60.79,69.03,66.03
71.65,71.65,59.70,59.32,57.86
74.69,74.69,58.62,53.21,51.48
74.50,74.50,57.18,57.74,49.30
73.24,73.24,55.20,52.88,46.77
74.38,74.38,55.44,55.58,44.66
73.07,73.07,53.49,51.24,39.18
70.70,70.70,49.95,49.80,31.01
74.75,74.75,50.87,46.93,29.58
76.91,76.91,46.72,41.27,31.17
75.81,75.81,49.88,44.81,31.43
73.40,73.40,66.67,43.85,31.02
75.25,75.25,66.81,34.72,31.49
77.95,77.95,61.95,32.57,33.00
80.23,80.23,57.44,21.08,35.15
81.60,81.60,54.70,9.49,35.53
82.25,82.25,55.25,10.83,35.00
82.18,82.18,61.78,8.20,38.45
80.20,80.20,87.56,16.58,38.67
70.38,70.38,88.06,19.52,27.92
63.89,63.89,85.93,19.92,22.52
62.26,62.26,85.70,20.61,23.62
61.99,61.99,69.36,19.10,22.92
61.54,61.54,59.67,13.31,16.62
62.65,62.65,60.27,5.46,13.07
70.50,70.50,75.85,2.15,22.19
73.94,73.94,86.97,0.07,23.46
76.09,76.09,84.20,0.05,31.18
73.06,73.06,79.47,0.02,32.79
71.78,71.78,70.96,1.54,33.62
73.50,73.50,62.17,4.46,30.89
75.60,75.60,59.53,7.66,26.01
76.90,76.90,55.71,8.65,22.95
78.40,78.40,51.97,6.62,26.59
78.28,78.28,52.37,6.51,21.68
76.35,76.35,52.29,7.68,20.78
75.51,75.51,51.99,10.85,26.14
75.09,75.09,48.35,21.18,20.58
77.02,77.02,47.14,33.51,22.52
78.76,78.76,51.86,42.47,27.74
80.51,80.51,67.82,41.78,29.24
81.49,81.49,62.52,33.37,28.82
81.79,81.79,56.83,33.83,30.68
82.61,82.61,58.45,26.83,34.29
82.42,82.42,55.21,12.09,23.65
82.82,82.82,48.02,6.72,22.40
80.89,80.89,45.06,9.91,21.34
78.70,78.70,44.65,11.64,22.16
70.24,70.24,45.63,17.70,23.45
62.96,62.96,46.60,17.74,22.95
64.00,64.00,50.94,29.06,25.68
65.66,65.66,51.87,32.62,31.07
66.14,66.14,57.57,30.99,41.61
66.82,66.82,67.62,44.61,56.33
71.68,71.68,83.20,61.79,70.06
77.07,77.07,87.75,65.07,73.42
78.68,78.68,85.55,70.09,73.10
77.99,77.99,84.60,74.76,74.86
78.35,78.35,77.52,71.46,75.08
77.60,77.60,61.66,76.95,74.98
75.27,75.27,55.55,77.86,75.57
77.55,77.55,56.03,76.69,74.77
79.21,79.21,53.18,75.43,75.06
79.19,79.19,55.52,80.22,73.71
80.05,80.05,54.40,76.81,74.50
78.10,78.10,51.65,77.03,75.40
78.99,78.99,50.61,76.98,74.47
81.18,81.18,47.52,81.18,73.32
69.49,69.49,50.99,78.29,74.12
75.56,75.56,53.03,77.47,73.76
82.80,82.80,59.72,77.96,73.04
84.09,84.09,59.42,81.55,71.93
83.81,83.81,53.49,81.39,72.49
85.14,85.14,50.98,78.77,72.46
85.48,85.48,47.11,78.30,72.26
86.07,86.07,43.67,77.35,71.57
80.73,80.73,44.67,73.89,71.60
65.83,65.83,41.99,69.69,72.54
60.52,60.52,42.69,63.40,71.06
67.42,67.42,36.65,55.14,70.57
68.80,68.80,40.62,51.44,71.35
70.60,70.60,55.23,44.89,70.41
70.24,70.24,65.50,39.31,68.99
78.15,78.15,76.87,41.82,62.08
78.05,78.05,87.06,40.74,53.14
74.14,74.14,84.31,44.58,45.70
79.43,79.43,79.87,41.77,41.58
83.33,83.33,69.31,45.13,38.05
83.84,83.84,68.33,40.14,32.66
77.56,77.56,62.99,27.92,34.60
68.20,68.20,60.07,33.58,35.29
63.75,63.75,56.40,29.98,36.90
64.56,64.56,53.33,29.62,40.50
68.74,68.74,52.46,35.70,43.01
65.47,65.47,51.32,26.58,43.83
61.87,61.87,57.91,22.73,40.08
65.79,65.79,60.44,14.93,37.90
67.06,67.06,70.47,27.09,48.30
80.75,80.75,88.72,27.39,51.86
83.38,83.38,86.80,28.77,49.07
77.70,77.70,85.62,22.80,46.98
82.92,82.92,83.38,23.73,43.06
83.92,83.92,52.81,18.84,39.23
83.45,83.45,48.73,18.89,38.40
81.01,81.01,51.71,19.05,37.48
76.98,76.98,47.39,16.91,36.18
76.89,76.89,43.03,19.18,34.75
61.92,61.92,44.33,27.36,36.48
68.65,68.65,47.97,27.04,33.29
65.94,65.94,47.86,32.62,33.17
63.52,63.52,46.08,40.91,40.60
67.02,67.02,48.76,51.49,52.04
71.28,71.28,64.54,65.50,67.76
79.31,79.31,66.66,80.19,76.27
81.82,81.82,67.33,81.74,73.18
77.40,77.40,64.90,81.33,73.72
80.08,80.08,56.59,80.32,75.18
82.69,82.69,55.84,79.70,74.48
79.24,79.24,57.64,79.37,74.29
79.22,79.22,57.12,81.74,73.86
84.30,84.30,55.90,79.81,74.08
84.03,84.03,55.20,78.81,73.34
84.16,84.16,55.75,78.59,74.19
80.48,80.48,51.53,79.84,73.45
79.82,79.82,52.19,81.24,72.99
83.18,83.18,48.98,78.96,73.14
78.79,78.79,51.20,79.22,73.58
75.04,75.04,52.20,79.19,72.99
79.22,79.22,59.64,78.65,71.32
81.39,81.39,57.87,78.02,68.07
81.22,81.22,52.39,80.69,70.24
80.83,80.83,46.76,77.70,70.17
78.82,78.82,43.63,74.43,69.18
78.86,78.86,41.86,66.64,70.52
79.83,79.83,42.94,53.41,68.45
74.18,74.18,40.05,61.81,68.35
74.15,74.15,44.34,56.51,67.85
73.49,73.49,44.38,54.80,69.58
67.43,67.43,48.20,42.60,68.56
65.32,65.32,56.77,43.62,67.47
60.02,60.02,61.13,36.66,63.04
67.33,67.33,75.35,37.61,58.00
78.63,78.63,87.09,43.21,55.43
83.05,83.05,84.28,40.67,50.62
81.11,81.11,79.94,39.80,51.78
81.58,81.58,69.32,44.60,48.57
82.11,82.11,62.32,45.72,45.79
80.21,80.21,58.45,34.96,44.23
78.78,78.78,56.84,33.38,41.00
76.58,76.58,54.92,31.19,41.05
78.74,78.74,53.67,28.35,39.41
81.15,81.15,52.10,26.30,40.64
79.62,79.62,51.35,24.58,43.87
79.11,79.11,52.48,33.23,39.95
78.86,78.86,50.71,33.43,37.43
73.76,73.76,52.79,42.12,36.00
77.29,77.29,56.19,49.50,38.19
81.96,81.96,67.57,41.94,38.35
78.49,78.49,63.76,40.30,36.30
82.00,82.00,61.10,27.22,33.65
79.84,79.84,52.08,21.17,35.45
79.58,79.58,48.18,16.69,33.66
79.40,79.40,45.44,12.01,36.74
79.68,79.68,44.82,11.99,31.66
79.28,79.28,43.75,12.58,36.32
78.64,78.64,46.59,16.23,32.17
78.63,78.63,45.65,19.85,33.88
76.75,76.75,44.43,21.53,38.12
76.76,76.76,52.05,27.04,44.43
75.17,75.17,60.82,46.94,55.63
72.88,72.88,79.01,62.70,65.26
75.56,75.56,85.58,65.96,73.36
74.84,74.84,86.34,75.70,72.93
72.81,72.81,85.46,78.03,71.43
74.68,74.68,75.89,78.95,72.52
75.91,75.91,54.32,79.35,72.48
74.42,74.42,53.99,80.64,73.28
74.15,74.15,53.56,79.40,73.38
77.66,77.66,51.72,79.37,71.94
79.57,79.57,52.68,80.03,72.43
81.72,81.72,51.03,78.95,71.57
79.10,79.10,51.83,79.94,72.43
73.55,73.55,51.53,78.70,71.81
64.24,64.24,51.63,78.86,71.82
67.63,67.63,50.78,81.40,72.86
81.74,81.74,49.27,81.67,71.36
81.56,81.56,43.82,80.52,71.57
80.12,80.12,43.12,73.33,72.08
80.62,80.62,42.04,66.96,71.57
82.58,82.58,41.06,54.43,70.95
83.41,83.41,43.47,58.91,70.91
83.58,83.58,43.31,46.66,69.56
83.48,83.48,47.17,46.36,69.88
82.33,82.33,45.08,49.67,69.02
81.43,81.43,43.36,42.71,65.59
83.30,83.30,41.01,38.80,65.74
82.35,82.35,46.27,31.62,62.69
82.19,82.19,52.33,29.09,56.25
83.05,83.05,59.48,29.32,53.15
82.53,82.53,70.97,20.92,55.17
79.56,79.56,87.45,30.32,57.69
76.27,76.27,86.08,36.08,54.72
76.29,76.29,80.97,43.42,55.81
79.40,79.40,71.51,47.98,53.67
77.80,77.80,65.98,38.58,50.93
69.89,69.89,61.56,34.13,47.14
69.75,69.75,57.63,39.93,46.69
67.84,67.84,53.82,37.78,44.63
68.81,68.81,50.31,30.92,43.55
71.16,71.16,49.86,34.98,43.13
68.50,68.50,49.54,29.25,44.08
65.24,65.24,52.09,26.81,48.16
60.73,60.73,56.89,34.79,52.44
55.84,55.84,61.35,46.49,59.35
53.46,53.46,85.51,66.10,77.06
47.63,47.63,88.26,66.42,74.12
46.53,46.53,84.87,74.32,74.91
45.02,45.02,85.42,73.45,75.16
51.08,51.08,71.35,76.34,78.59
54.74,54.74,64.47,77.42,77.36
53.81,53.81,50.81,76.02,76.68
55.14,55.14,47.83,79.22,77.67
57.48,57.48,45.12,78.40,78.58
58.99,58.99,47.42,79.21,77.78
58.57,58.57,45.70,78.86,78.38
60.97,60.97,48.75,78.53,78.52
64.15,64.15,55.61,78.59,78.33
67.02,67.02,61.50,78.98,77.37
67.49,67.49,68.81,78.82,78.08
64.58,64.58,68.57,79.63,77.96
69.14,69.14,67.01,75.36,77.85
72.08,72.08,63.31,78.01,74.98
72.97,72.97,60.38,72.96,72.81
72.14,72.14,59.51,68.89,64.97
73.42,73.42,58.72,60.87,57.27
71.63,71.63,56.21,51.52,49.72
71.84,71.84,54.15,50.82,42.80
72.08,72.08,54.35,53.48,41.18
67.52,67.52,53.88,45.69,35.73
63.94,63.94,52.24,46.67,35.50
66.17,66.17,55.16,45.18,37.20
79.54,79.54,64.31,22.39,41.18
83.53,83.53,72.80,17.14,46.83
81.89,81.89,88.21,23.44,50.54
80.85,80.85,87.65,21.64,46.63
81.17,81.17,85.33,19.98,47.97
80.78,80.78,83.56,17.52,46.29
82.02,82.02,65.00,17.11,41.14
82.95,82.95,51.80,9.86,40.87
83.17,83.17,45.05,6.71,39.44
82.40,82.40,44.08,9.57,42.08
82.08,82.08,43.61,12.08,49.01
83.29,83.29,44.46,16.06,55.77
81.20,81.20,44.78,16.19,47.37
81.58,81.58,46.09,9.74,42.84
81.43,81.43,52.80,3.74,37.58
80.21,80.21,57.38,2.67,38.12
79.16,79.16,74.94,24.34,45.63
78.37,78.37,87.50,35.46,51.27
80.44,80.44,85.52,42.67,50.71
81.23,81.23,80.21,38.77,52.31
80.08,80.08,68.93,45.50,47.27
79.46,79.46,66.11,37.56,44.43
81.62,81.62,60.29,32.41,48.35
82.62,82.62,58.98,37.38,48.85
82.09,82.09,56.80,35.68,47.29
83.33,83.33,55.55,29.63,48.78
83.38,83.38,53.94,33.73,46.33
83.01,83.01,52.20,23.11,49.48
82.75,82.75,49.77,27.66,50.12
83.07,83.07,49.17,34.48,50.13
80.13,80.13,60.90,50.03,48.70
79.50,79.50,64.48,38.50,45.22
84.53,84.53,64.20,36.94,46.54
84.47,84.47,57.88,35.25,48.57
79.50,79.50,51.25,33.97,51.26
82.02,82.02,43.78,22.11,52.69
79.57,79.57,47.35,23.35,52.18
83.33,83.33,43.72,15.65,51.06
81.61,81.61,44.64,18.30,47.52
78.17,78.17,44.49,20.49,41.84
69.50,69.50,46.96,23.07,38.46
72.10,72.10,44.43,21.84,36.27
74.75,74.75,47.20,20.86,40.08
72.38,72.38,52.26,21.43,46.69
67.96,67.96,59.65,36.92,54.71
68.57,68.57,71.33,59.03,65.94
72.07,72.07,88.09,69.60,74.72
74.64,74.64,86.19,68.24,75.28
74.84,74.84,84.55,76.13,76.17
75.71,75.71,82.00,76.87,77.29
79.14,79.14,65.63,76.54,77.13
75.67,75.67,55.03,76.43,76.37
75.76,75.76,54.81,80.08,76.04
69.08,69.08,52.42,77.15,75.48
72.95,72.95,54.50,75.47,75.74
62.18,62.18,48.38,78.96,76.38
59.58,59.58,45.10,79.63,76.59
61.33,61.33,43.55,76.73,77.06
61.67,61.67,44.58,76.42,77.65
72.16,72.16,52.08,79.75,77.54
72.05,72.05,61.27,79.47,76.77
79.00,79.00,65.51,76.77,74.80
81.18,81.18,56.94,80.70,75.65
81.43,81.43,52.05,79.63,75.76
80.69,80.69,51.98,76.30,75.37
80.21,80.21,46.76,72.92,75.52
82.82,82.82,41.87,69.22,74.02
83.69,83.69,46.17,65.77,73.54
80.71,80.71,44.17,60.21,73.47
80.95,80.95,45.17,51.74,72.55
77.55,77.55,43.55,45.01,72.46
70.25,70.25,45.81,42.89,71.44
68.80,68.80,53.81,40.27,70.58
63.56,63.56,60.48,32.21,71.04
64.89,64.89,72.12,35.08,68.03
66.91,66.91,87.43,47.67,64.60
73.43,73.43,86.67,45.89,62.55
78.33,78.33,81.24,47.80,56.78
82.65,82.65,72.80,60.59,49.05
83.73,83.73,68.58,56.72,45.28
79.71,79.71,66.10,45.66,45.37
74.67,74.67,59.28,36.62,41.78
76.78,76.78,55.25,40.85,40.19
75.11,75.11,55.03,37.42,39.66
72.50,72.50,54.66,42.96,37.79
63.84,63.84,55.57,32.70,42.97
64.00,64.00,56.66,25.15,49.42
69.44,69.44,57.98,20.30,51.42
71.37,71.37,66.53,21.05,57.04
72.06,72.06,85.51,26.95,59.72
78.88,78.88,87.28,32.73,53.91
82.86,82.86,85.29,31.15,50.71
79.57,79.57,86.65,31.36,49.73
79.85,79.85,64.96,25.13,49.21
81.47,81.47,53.76,26.12,49.55
82.11,82.11,53.56,21.05,47.63
81.34,81.34,47.03,22.16,47.49
78.60,78.60,45.66,22.14,45.18
67.21,67.21,41.38,27.48,42.40
61.24,61.24,45.48,26.16,36.63
68.83,68.83,45.15,17.93,43.06
67.14,67.14,44.99,22.44,47.76
65.61,65.61,50.98,37.20,56.93
82.10,82.10,62.53,59.26,71.04
85.22,85.22,70.31,60.60,71.27
83.04,83.04,66.49,69.01,76.44
80.53,80.53,62.25,80.25,76.58
84.61,84.61,57.51,83.26,75.51
79.81,79.81,55.34,82.61,77.14
78.29,78.29,55.08,81.95,76.64
82.87,82.87,54.22,81.39,76.76
83.57,83.57,52.94,80.31,76.15
82.29,82.29,55.34,79.60,76.67
79.22,79.22,56.01,80.99,77.48
79.37,79.37,54.40,82.02,76.86
80.16,80.16,53.54,79.37,75.74
72.68,72.68,52.04,79.33,76.02
74.33,74.33,52.70,79.44,75.43
77.97,77.97,59.29,81.11,77.41
80.25,80.25,65.63,79.64,75.70
79.84,79.84,61.73,80.25,75.97
79.80,79.80,57.48,80.20,76.31
78.72,78.72,57.21,78.35,76.22
76.68,76.68,49.51,78.75,75.07
80.33,80.33,43.74,77.45,76.32
83.24,83.24,46.94,73.81,75.39
82.44,82.44,43.13,68.77,76.01
81.59,81.59,45.25,62.82,74.43
73.34,73.34,42.50,59.07,72.17
71.41,71.41,44.89,50.99,73.16
70.14,70.14,54.02,39.00,68.55
69.25,69.25,59.88,36.15,59.89
71.85,71.85,67.88,33.33,55.43
69.54,69.54,86.49,44.21,58.17
82.77,82.77,86.28,40.55,57.69
82.74,82.74,81.07,45.47,53.88
81.08,81.08,73.94,39.23,53.27
80.83,80.83,64.20,39.55,47.92
81.34,81.34,60.29,32.45,51.27
81.59,81.59,57.55,29.82,50.66
83.61,83.61,57.33,39.22,53.57
84.67,84.67,54.24,30.26,51.85
83.60,83.60,54.43,34.10,47.80
79.35,79.35,52.20,32.49,47.10
73.68,73.68,50.50,23.52,44.91
71.16,71.16,51.60,26.35,46.71
70.82,70.82,51.91,30.45,48.65
75.68,75.68,63.99,37.78,51.11
77.66,77.66,67.07,30.70,55.14
83.06,83.06,60.19,28.85,59.88
84.30,84.30,58.69,26.98,61.21
81.77,81.77,56.53,14.79,58.45
82.35,82.35,50.39,16.48,56.24
82.34,82.34,46.50,15.08,51.92
82.41,82.41,43.85,18.93,51.33
82.06,82.06,46.38,22.16,49.43
81.52,81.52,45.19,19.85,50.44
81.50,81.50,48.21,29.18,51.00
82.98,82.98,47.86,29.68,52.16
82.43,82.43,49.02,28.58,56.03
84.56,84.56,55.83,37.75,58.28
82.62,82.62,68.17,57.27,64.20
79.61,79.61,85.58,67.75,72.40
80.19,80.19,86.51,73.20,74.81
78.92,78.92,85.71,75.96,73.15
76.49,76.49,82.34,76.75,74.51
75.90,75.90,63.22,78.21,75.53
73.98,73.98,58.76,78.04,73.12
70.33,70.33,57.00,78.86,74.60
72.51,72.51,55.23,78.98,75.25
77.77,77.77,56.48,79.92,74.72
75.76,75.76,55.19,79.06,75.77
74.81,74.81,53.61,80.24,75.17
72.42,72.42,52.88,79.40,75.19
67.29,67.29,52.60,79.62,73.80
65.86,65.86,53.12,79.37,71.34
80.42,80.42,56.02,78.72,71.17
84.54,84.54,64.39,79.00,71.53
82.99,82.99,64.17,79.22,71.12
77.82,77.82,60.21,79.26,69.69
81.96,81.96,56.46,79.23,68.77
83.25,83.25,51.54,78.90,68.97
83.25,83.25,44.00,62.25,70.67
82.36,82.36,45.82,69.51,69.53
81.33,81.33,44.66,64.32,68.87
81.11,81.11,43.94,55.79,69.59
82.84,82.84,42.75,55.45,69.38
76.89,76.89,43.38,53.33,66.65
78.78,78.78,52.19,41.06,65.03
75.29,75.29,61.09,32.15,64.97
72.56,72.56,71.03,32.60,66.07
76.01,76.01,87.20,45.91,64.64
78.64,78.64,85.23,41.62,62.99
81.20,81.20,80.13,44.85,62.41
76.94,76.94,70.94,50.73,60.04
75.63,75.63,62.33,37.31,53.79
69.45,69.45,59.41,33.99,49.49
67.69,67.69,57.65,37.11,49.12
68.31,68.31,54.61,44.69,46.87
69.39,69.39,53.57,47.86,47.13
66.69,66.69,54.33,54.06,42.41
65.91,65.91,50.26,42.99,45.93
66.04,66.04,51.66,42.35,50.02
63.58,63.58,56.54,40.08,54.69
63.70,63.70,60.74,47.05,58.45
81.80,81.80,82.89,62.56,71.17
81.18,81.18,85.91,67.76,73.50
80.54,80.54,84.27,74.07,75.41
83.27,83.27,86.10,77.51,72.01
82.56,82.56,73.41,78.03,72.07
82.88,82.88,49.74,78.11,73.86
83.40,83.40,56.29,79.68,73.54
83.39,83.39,46.86,78.90,72.73
83.18,83.18,45.71,78.03,72.31
82.22,82.22,41.84,78.82,71.75
80.39,80.39,40.82,78.38,71.18
77.79,77.79,41.47,78.38,72.37
76.39,76.39,45.18,79.34,71.76
78.73,78.73,52.07,78.85,70.58
79.61,79.61,62.15,81.20,71.99
79.97,79.97,70.38,81.97,69.27
70.23,70.23,66.39,78.98,70.77
68.61,68.61,65.54,79.65,69.37
69.87,69.87,60.04,76.14,65.81
69.86,69.86,59.74,73.37,62.51
70.64,70.64,57.21,68.77,59.25
71.95,71.95,57.17,58.15,55.25
71.03,71.03,56.46,53.29,52.84
72.09,72.09,55.93,49.93,51.75
72.08,72.08,55.19,57.79,54.01
63.97,63.97,55.47,49.13,49.01
61.43,61.43,53.37,45.40,49.64
60.74,60.74,53.84,51.43,50.60
74.45,74.45,54.41,39.36,56.21
82.81,82.81,60.33,39.76,56.80
82.67,82.67,65.88,28.29,54.57
80.43,80.43,64.32,26.86,56.60
82.59,82.59,59.30,30.71,53.57
82.87,82.87,54.40,22.04,54.78
80.54,80.54,55.17,19.58,53.28
82.17,82.17,54.92,12.59,52.58
79.64,79.64,73.88,23.19,59.87
77.26,77.26,87.55,23.50,54.35
80.40,80.40,86.75,24.75,51.90
80.59,80.59,86.64,22.92,50.99
75.66,75.66,78.40,22.36,51.96
79.31,79.31,61.10,25.06,48.68
75.06,75.06,59.87,21.89,44.73
81.91,81.91,68.26,29.57,47.95
78.58,78.58,86.25,42.87,54.38
81.98,81.98,85.25,38.48,52.04
80.00,80.00,81.98,37.20,51.00
75.32,75.32,74.51,38.68,50.74
83.91,83.91,64.79,39.47,50.03
83.94,83.94,61.43,30.94,51.17
83.52,83.52,58.34,29.47,52.54
83.83,83.83,56.33,34.02,51.35
83.42,83.42,56.72,31.22,52.74
81.65,81.65,54.94,34.17,47.48
80.23,80.23,53.96,23.05,47.22
74.38,74.38,54.09,26.30,47.57
69.12,69.12,53.56,36.16,50.75
76.74,76.74,51.24,28.53,51.85
80.49,80.49,62.44,44.70,52.79
84.72,84.72,65.57,33.51,49.89
84.99,84.99,63.90,32.98,50.49
83.86,83.86,56.24,30.89,47.93
83.16,83.16,56.53,21.00,48.76
79.47,79.47,50.56,24.76,47.07
79.57,79.57,43.65,19.79,47.41
83.19,83.19,45.19,21.89,48.52
82.52,82.52,44.48,22.99,50.03
79.33,79.33,44.93,23.26,48.66
79.43,79.43,44.73,26.44,49.04
75.74,75.74,51.35,25.60,49.70
79.79,79.79,53.08,34.08,53.09
80.06,80.06,64.28,46.64,63.35
80.42,80.42,78.57,58.29,74.32
78.77,78.77,87.58,67.35,71.82
75.76,75.76,88.33,67.31,71.66
77.76,77.76,85.89,70.21,70.90
78.33,78.33,82.19,72.41,70.78
75.77,75.77,71.13,70.32,71.17
77.08,77.08,60.97,77.79,70.61
80.89,80.89,58.01,75.90,71.61
82.96,82.96,54.45,75.08,71.40
84.39,84.39,54.35,78.15,71.54
84.85,84.85,52.99,78.62,71.39
84.73,84.73,51.33,77.04,71.29
84.13,84.13,50.63,77.24,71.11
83.85,83.85,51.72,80.75,71.41
84.19,84.19,49.60,79.27,70.77
84.05,84.05,51.77,80.66,69.88
83.49,83.49,59.17,76.98,70.40
84.30,84.30,64.58,73.24,70.96
84.06,84.06,59.64,72.00,69.52
83.52,83.52,56.73,66.71,69.49
83.50,83.50,51.08,61.39,69.35
83.85,83.85,43.81,52.97,69.33
83.61,83.61,44.65,50.78,68.56
83.21,83.21,43.09,51.36,66.70
81.73,81.73,41.78,50.25,64.73
84.42,84.42,46.20,48.78,64.02
82.85,82.85,45.09,43.04,61.93
76.01,76.01,52.39,38.30,60.67
72.13,72.13,63.73,34.15,55.90
74.08,74.08,70.02,33.17,49.37
81.12,81.12,86.32,49.16,52.88
77.67,77.67,84.71,39.69,51.63
79.66,79.66,82.17,55.66,51.53
80.99,80.99,75.42,50.98,52.37
83.44,83.44,66.96,41.79,51.31
83.89,83.89,65.69,46.14,45.66
84.19,84.19,60.33,36.02,46.08
83.99,83.99,54.21,36.01,41.44
82.98,82.98,53.21,33.52,43.46
80.53,80.53,52.89,37.90,44.78
77.93,77.93,52.43,33.51,42.96
78.04,78.04,53.74,29.30,41.71
78.86,78.86,59.19,21.05,41.08
77.79,77.79,65.15,15.25,46.48
79.69,79.69,80.58,27.64,52.02
77.05,77.05,88.80,25.33,46.01
77.38,77.38,84.74,25.03,40.87
78.88,78.88,86.48,29.13,37.97
74.57,74.57,70.43,27.94,32.21
65.61,65.61,48.25,24.05,28.94
65.23,65.23,52.70,21.24,28.84
63.98,63.98,51.99,22.75,27.87
64.95,64.95,52.72,21.12,29.44
62.68,62.68,45.31,22.62,31.23
63.53,63.53,45.56,22.78,36.66
64.63,64.63,43.44,19.00,48.29
69.93,69.93,44.98,30.62,62.09
77.02,77.02,49.62,47.97,68.83
79.31,79.31,58.94,58.41,78.23
77.07,77.07,70.11,65.96,75.51
85.55,85.55,66.45,73.18,76.39
84.00,84.00,61.87,80.26,76.66
77.56,77.56,58.94,82.26,75.47
78.24,78.24,58.80,82.37,74.33
84.42,84.42,53.91,80.89,75.49
81.02,81.02,56.29,81.72,75.68
81.41,81.41,53.93,80.97,74.41
70.59,70.59,55.91,80.06,74.47
69.68,69.68,54.58,80.01,74.24
67.44,67.44,53.92,80.80,73.12
72.96,72.96,53.46,81.84,72.58
73.35,73.35,53.85,80.01,72.05
80.12,80.12,52.67,80.36,70.76
81.36,81.36,56.88,79.51,68.98
81.10,81.10,61.32,78.24,71.37
84.56,84.56,63.96,77.50,71.07
83.40,83.40,61.56,74.69,71.08
80.89,80.89,58.64,70.77,72.04
78.40,78.40,53.89,67.38,71.10
78.53,78.53,48.50,65.11,69.83
79.49,79.49,45.83,61.82,70.34
81.91,81.91,43.18,56.59,70.37
81.88,81.88,42.63,47.43,70.18
81.21,81.21,40.93,47.47,70.78
77.00,77.00,43.82,38.47,69.99
70.88,70.88,51.76,29.58,69.30
77.96,77.96,61.88,20.26,67.86
81.24,81.24,69.53,33.57,65.21
80.55,80.55,85.24,31.31,63.52
81.64,81.64,84.83,25.90,62.51
81.79,81.79,81.16,37.01,61.22
82.05,82.05,74.66,38.11,61.48
82.88,82.88,64.50,36.53,59.30
82.30,82.30,60.94,34.76,63.12
80.49,80.49,58.35,29.86,63.74
76.31,76.31,57.17,32.42,63.25
73.13,73.13,56.06,21.82,60.58
70.39,70.39,54.77,28.07,56.82
72.85,72.85,53.93,17.44,54.39
71.12,71.12,49.90,19.67,53.28
77.46,77.46,50.60,20.32,58.58
78.87,78.87,50.14,17.00,56.65
85.24,85.24,52.49,21.03,57.60
84.13,84.13,65.24,28.18,56.00
80.70,80.70,67.12,21.37,55.20
80.49,80.49,60.91,21.69,51.86
79.73,79.73,57.38,18.52,51.50
79.38,79.38,49.57,17.88,52.32
80.79,80.79,44.57,21.30,55.40
81.11,81.11,45.02,20.88,55.90
80.30,80.30,44.33,20.35,55.54
82.57,82.57,45.79,25.63,55.05
83.35,83.35,44.00,34.54,51.46
80.58,80.58,47.17,39.12,52.28
76.17,76.17,50.77,48.61,55.91
83.66,83.66,64.92,64.00,61.86
81.32,81.32,82.95,71.69,65.41
80.99,80.99,87.50,74.64,75.45
81.85,81.85,86.86,73.87,74.93
82.06,82.06,85.19,75.22,74.65
82.93,82.93,83.30,76.55,74.81
83.27,83.27,66.77,77.00,74.50
82.40,82.40,58.61,78.23,75.50
78.60,78.60,56.07,79.05,74.71
79.36,79.36,56.45,80.03,75.30
83.53,83.53,54.99,79.31,74.97
79.16,79.16,55.37,79.64,73.56
80.47,80.47,54.28,80.16,73.49
82.93,82.93,51.60,80.74,72.50
82.16,82.16,52.69,80.77,72.41
82.87,82.87,52.43,81.54,72.30
81.07,81.07,56.93,81.17,71.82
81.81,81.81,63.62,81.27,71.52
81.87,81.87,62.74,82.07,70.64
82.01,82.01,54.92,81.22,72.01
83.15,83.15,54.04,81.70,69.82
78.35,78.35,49.01,81.92,67.52
78.09,78.09,45.77,82.14,68.51
78.11,78.11,46.13,81.15,68.71
80.00,80.00,44.91,81.75,67.97
80.90,80.90,41.89,81.87,68.42
82.09,82.09,40.93,82.08,68.28
82.61,82.61,41.64,81.14,66.75
82.45,82.45,47.23,81.89,68.10
84.75,84.75,57.15,81.32,65.53
83.63,83.63,66.68,80.70,64.93
82.19,82.19,80.33,79.76,66.13
79.60,79.60,85.92,77.73,65.80
77.96,77.96,82.91,77.63,66.38
76.67,76.67,76.56,79.19,65.17
77.55,77.55,67.14,79.53,64.94
78.74,78.74,62.75,78.32,65.11
80.72,80.72,61.18,79.70,65.23
81.77,81.77,57.16,79.59,66.19
82.01,82.01,56.16,79.99,64.48
82.35,82.35,55.60,79.68,64.22
82.26,82.26,55.44,80.62,63.09
82.92,82.92,54.48,80.47,62.57
82.59,82.59,60.31,79.87,64.41
82.10,82.10,70.80,75.98,61.62
82.91,82.91,79.65,73.54,66.18
81.34,81.34,86.48,72.76,61.76
78.95,78.95,85.89,68.98,59.71
78.63,78.63,85.77,76.23,59.14
78.78,78.78,75.95,74.95,60.47
80.56,80.56,65.95,77.30,60.52
82.38,82.38,58.48,77.62,61.31
83.24,83.24,46.06,77.83,61.37
83.74,83.74,42.85,78.10,62.95
83.68,83.68,40.74,78.33,61.31
83.48,83.48,40.86,78.48,62.81
83.69,83.69,42.14,79.02,61.39
83.46,83.46,47.28,79.58,63.63
83.22,83.22,54.43,77.94,61.91
84.19,84.19,62.09,78.38,63.32
83.36,83.36,71.94,78.54,65.78
78.94,78.94,68.46,80.26,65.26
77.74,77.74,64.37,80.11,64.36
78.68,78.68,61.08,80.80,65.07
78.99,78.99,61.86,80.74,65.42
81.03,81.03,58.31,80.55,64.45
82.35,82.35,59.69,80.78,65.75
84.09,84.09,57.40,79.98,66.58
84.24,84.24,58.35,80.40,64.48
83.81,83.81,57.74,80.63,65.42
82.82,82.82,57.69,80.16,65.51
81.98,81.98,56.74,80.03,64.11
81.62,81.62,62.24,79.90,64.25
82.35,82.35,72.96,75.98,65.84
83.10,83.10,81.18,72.90,67.82
81.69,81.69,86.13,67.74,63.07
80.16,80.16,86.96,70.68,62.61
80.78,80.78,86.30,75.66,63.77
82.27,82.27,75.65,76.47,64.45
82.52,82.52,58.38,77.48,65.80
81.82,81.82,51.07,78.51,65.28
78.19,78.19,50.04,78.36,66.92
79.13,79.13,44.84,76.43,67.09
79.67,79.67,45.30,78.37,67.94
79.09,79.09,42.28,79.27,68.10
79.69,79.69,44.47,79.82,67.63
79.65,79.65,54.24,77.23,67.11
81.39,81.39,64.42,78.34,65.65
80.01,80.01,67.71,80.78,64.50
77.76,77.76,84.64,79.12,67.67
76.42,76.42,86.21,76.29,65.59
75.33,75.33,82.59,78.79,65.53
76.70,76.70,76.04,79.40,67.39
75.65,75.65,68.99,78.52,69.07
76.92,76.92,63.42,78.17,70.28
79.99,79.99,61.59,80.37,69.50
81.31,81.31,59.31,79.52,70.50
81.18,81.18,59.81,77.14,69.96
82.16,82.16,58.35,77.21,70.02
82.72,82.72,56.27,79.54,70.50
83.47,83.47,55.00,78.21,68.68
83.31,83.31,56.08,77.04,70.94
85.04,85.04,56.48,78.25,71.60
84.17,84.17,64.47,79.90,72.69
83.98,83.98,62.30,81.73,72.88
84.55,84.55,60.43,81.33,73.18
84.45,84.45,57.55,81.35,69.61
83.71,83.71,52.98,80.46,70.22
83.77,83.77,49.24,79.07,70.26
83.69,83.69,48.86,77.37,69.43
83.73,83.73,47.02,78.25,67.55
83.77,83.77,47.60,78.52,71.41
83.39,83.39,46.93,77.59,71.67
82.90,82.90,45.51,77.09,71.85
82.44,82.44,48.25,77.14,71.70
82.60,82.60,56.44,78.46,71.47
82.34,82.34,67.13,77.49,71.04
81.32,81.32,73.84,68.01,71.83
81.81,81.81,85.31,62.38,71.58
81.63,81.63,87.89,59.52,71.02
82.00,82.00,84.03,70.29,72.87
82.80,82.80,85.71,71.50,73.49
82.82,82.82,68.26,71.91,73.68
82.73,82.73,62.63,74.83,74.41
82.17,82.17,56.09,76.46,73.69
82.84,82.84,56.13,76.15,76.03
81.83,81.83,54.91,75.27,75.44
79.16,79.16,53.27,76.40,74.30
76.91,76.91,51.90,76.45,74.71
77.18,77.18,50.75,74.88,73.99
78.28,78.28,49.42,73.56,74.36
78.60,78.60,49.06,74.00,74.70
79.38,79.38,51.62,78.14,76.22
79.35,79.35,59.32,79.20,76.33
79.14,79.14,64.43,78.75,76.21
79.21,79.21,62.45,78.42,75.50
76.28,76.28,56.22,78.97,76.19
74.64,74.64,51.83,79.11,76.21
74.20,74.20,48.88,75.83,75.39
73.55,73.55,48.94,76.72,76.29
74.82,74.82,46.67,77.85,75.79
76.27,76.27,48.00,77.20,75.98
75.35,75.35,44.22,77.07,77.74
75.95,75.95,42.98,78.74,77.25
77.05,77.05,49.87,78.10,76.41
76.86,76.86,60.95,78.71,76.95
73.66,73.66,67.53,77.80,78.05
70.60,70.60,80.25,75.97,76.56
72.52,72.52,85.38,75.69,77.20
73.98,73.98,82.81,74.86,76.98
72.65,72.65,76.05,75.65,77.99
71.68,71.68,65.73,78.65,78.58
71.83,71.83,64.34,76.82,78.99
74.22,74.22,63.84,73.01,78.71
75.21,75.21,60.65,76.51,78.13
75.12,75.12,58.13,76.34,78.32
77.28,77.28,56.99,74.52,78.81
79.26,79.26,54.73,76.42,78.18
79.65,79.65,55.87,77.45,77.80
79.16,79.16,62.61,75.99,78.11
76.86,76.86,70.90,73.17,80.03
71.98,71.98,81.13,69.58,76.52
69.02,69.02,87.83,68.06,78.34
71.00,71.00,85.63,67.56,82.13
70.52,70.52,85.52,73.11,81.98
69.68,69.68,79.21,73.19,83.59
68.23,68.23,56.50,72.87,84.37
69.07,69.07,53.94,73.37,84.13
68.64,68.64,52.78,74.80,82.87
69.21,69.21,50.03,73.60,83.57
69.53,69.53,45.46,72.48,84.13
69.81,69.81,43.40,73.86,83.63
70.63,70.63,42.70,74.64,82.58
71.23,71.23,46.70,74.36,83.12
70.37,70.37,52.28,74.40,83.70
70.57,70.57,60.73,75.77,83.78
68.65,68.65,70.98,76.39,83.25
70.48,70.48,68.44,75.19,82.39
70.72,70.72,66.34,75.02,83.13
71.22,71.22,62.21,75.01,83.52
70.91,70.91,60.98,75.53,83.89
70.59,70.59,60.04,75.41,83.29
70.53,70.53,60.40,75.01,82.46
70.46,70.46,59.19,74.68,82.14
70.82,70.82,58.55,76.17,82.67
70.56,70.56,59.12,75.94,83.52
70.98,70.98,58.44,75.11,82.94
71.56,71.56,56.45,74.78,82.30
71.85,71.85,55.96,75.19,82.09
72.37,72.37,54.85,75.82,82.96
73.52,73.52,56.47,76.04,83.87
73.80,73.80,64.61,75.03,83.49
73.82,73.82,64.26,74.47,82.58
74.13,74.13,61.20,75.52,81.39
74.65,74.65,58.86,75.02,82.57
74.87,74.87,54.94,74.08,83.46
74.37,74.37,51.35,73.22,82.65
74.90,74.90,48.82,74.39,82.34
74.67,74.67,47.66,74.68,81.82
74.88,74.88,46.08,74.88,82.38
74.47,74.47,47.50,74.02,83.07
74.10,74.10,46.22,74.67,82.94
72.48,72.48,46.41,75.47,81.12
69.80,69.80,52.68,74.58,81.99
66.88,66.88,59.80,73.16,82.72
63.45,63.45,74.08,71.58,78.02
70.27,70.27,88.70,68.57,69.31
71.58,71.58,86.32,60.56,67.01
68.95,68.95,87.42,55.46,66.66
66.22,66.22,87.56,55.98,70.74
72.45,72.45,83.65,49.25,71.52
66.01,66.01,81.40,46.34,70.89
69.53,69.53,78.32,45.95,68.49
63.54,63.54,78.31,36.13,64.39
62.73,62.73,76.11,33.83,62.29
48.84,48.84,74.47,28.29,63.83
50.06,50.06,72.89,26.23,63.97
55.12,55.12,70.35,23.16,61.08
48.43,48.43,73.35,16.98,61.48
51.61,51.61,74.10,12.30,57.87
54.12,54.12,70.89,12.87,55.09
59.48,59.48,67.60,17.55,53.38
57.77,57.77,65.45,13.98,49.54
55.41,55.41,62.87,14.92,45.37
55.38,55.38,63.01,17.28,42.57
57.97,57.97,65.90,18.80,39.95
54.80,54.80,62.05,18.75,41.74
55.44,55.44,65.03,21.36,40.89
53.79,53.79,59.32,21.15,36.46
49.55,49.55,55.76,21.11,35.65
47.68,47.68,55.54,29.37,33.70
50.31,50.31,54.66,33.85,33.59
50.83,50.83,52.86,28.34,37.66
52.80,52.80,53.06,33.63,45.74
74.20,74.20,66.85,49.78,65.12
83.84,83.84,85.48,66.82,70.35
78.84,78.84,84.83,70.94,71.54
76.92,76.92,80.49,76.31,73.88
76.29,76.29,83.96,73.96,76.43
78.88,78.88,74.84,75.34,74.73
77.93,77.93,74.37,79.65,76.98
79.75,79.75,73.58,80.54,75.77
81.36,81.36,75.11,79.41,78.43
82.68,82.68,73.64,75.44,76.39
78.96,78.96,73.46,72.91,77.02
78.65,78.65,74.25,72.80,77.45
78.58,78.58,73.72,71.93,78.16
81.12,81.12,73.59,71.38,77.76
79.18,79.18,73.60,74.34,79.43
77.07,77.07,73.02,73.81,78.75
78.98,78.98,73.19,73.60,77.53
81.42,81.42,72.22,74.88,78.00
82.24,82.24,73.41,73.24,76.61
81.26,81.26,73.03,73.93,77.49
83.27,83.27,72.32,74.52,77.94
80.57,80.57,72.96,69.31,77.96
74.19,74.19,72.39,72.02,79.67
64.11,64.11,72.63,73.55,78.62
66.26,66.26,72.37,71.86,80.48
60.22,60.22,72.34,75.23,79.49
57.04,57.04,71.39,71.63,80.11
59.59,59.59,71.51,73.74,79.21
60.80,60.80,72.58,69.99,77.16
60.61,60.61,74.63,71.86,73.93
71.42,71.42,80.09,70.88,74.94
81.37,81.37,84.44,71.75,74.05
81.31,81.31,80.74,72.94,75.10
81.36,81.36,76.21,74.47,74.77
80.23,80.23,78.09,75.68,76.44
78.46,78.46,75.04,74.06,77.30
79.81,79.81,73.47,73.88,76.92
80.55,80.55,71.97,73.54,77.06
80.63,80.63,71.89,75.76,78.18
80.19,80.19,72.11,75.66,77.66
79.38,79.38,71.34,75.93,77.48
79.70,79.70,72.74,76.57,76.86
81.13,81.13,73.14,74.40,78.82
82.46,82.46,71.93,74.07,77.03
82.87,82.87,70.48,73.69,76.66
81.54,81.54,69.84,74.20,77.20
82.42,82.42,70.61,72.44,77.47
85.10,85.10,69.24,75.07,77.46
82.82,82.82,69.13,75.06,78.87
81.01,81.01,69.66,73.48,78.40
81.12,81.12,68.24,74.26,79.49
77.87,77.87,69.09,76.25,78.11
72.40,72.40,68.05,76.57,77.40
65.07,65.07,67.73,61.95,76.61
62.92,62.92,67.00,68.06,77.03
62.60,62.60,67.29,74.46,77.92
64.78,64.78,69.38,73.64,76.50
68.52,68.52,71.03,65.30,76.62
74.04,74.04,80.32,65.17,76.83
76.51,76.51,89.67,73.77,74.09
78.29,78.29,75.02,74.23,76.41
80.06,80.06,85.79,77.36,75.15
82.23,82.23,77.00,77.87,75.98
78.94,78.94,79.91,79.19,75.25
82.51,82.51,75.40,79.45,75.89
82.46,82.46,73.59,75.62,78.02
79.21,79.21,70.23,77.72,76.13
80.67,80.67,71.49,79.56,76.87
74.63,74.63,69.34,78.71,77.64
82.32,82.32,69.35,78.48,77.04
82.07,82.07,71.17,79.58,76.93
77.44,77.44,71.91,77.03,77.18
75.45,75.45,80.34,69.32,79.86
74.24,74.24,89.57,69.70,75.99
77.47,77.47,82.10,70.57,76.06
80.24,80.24,84.41,72.20,74.98
79.78,79.78,77.92,76.78,74.34
81.09,81.09,70.53,77.37,75.31
77.30,77.30,68.29,78.32,76.75
80.05,80.05,66.74,79.90,77.33
82.49,82.49,67.67,80.70,77.56
80.56,80.56,66.86,79.26,76.67
82.70,82.70,66.15,81.47,77.77
80.66,80.66,68.79,82.70,77.53
69.26,69.26,69.17,81.01,77.22
69.20,69.20,69.62,81.14,78.36
68.01,68.01,71.50,81.61,76.84
72.70,72.70,77.76,81.00,73.36
80.28,80.28,86.25,74.81,74.09
80.03,80.03,81.84,71.80,74.00
79.89,79.89,77.97,72.45,76.04
78.96,78.96,75.00,76.93,77.16
80.96,80.96,72.84,80.73,77.76
79.88,79.88,72.57,82.26,77.09
80.53,80.53,70.90,81.53,77.26
79.98,79.98,70.05,81.66,77.04
80.54,80.54,68.06,82.74,78.50
79.94,79.94,67.42,82.17,77.14
81.32,81.32,68.29,80.25,77.12
80.83,80.83,68.71,80.91,78.19
82.85,82.85,72.17,77.94,76.87
83.46,83.46,74.65,72.49,76.76
78.60,78.60,89.80,76.04,73.70
74.26,74.26,84.47,70.70,73.50
79.72,79.72,82.32,74.83,73.43
82.62,82.62,81.18,77.76,72.92
84.50,84.50,71.71,78.35,74.22
83.83,83.83,69.77,77.41,75.06
80.45,80.45,68.54,79.41,75.08
78.25,78.25,69.10,79.91,74.96
78.31,78.31,69.71,80.27,75.94
82.74,82.74,68.89,77.70,73.86
87.30,87.30,68.01,76.31,75.11
86.48,86.48,67.81,74.48,74.42
84.82,84.82,67.70,70.55,74.01
85.51,85.51,67.53,70.89,76.53
84.93,84.93,68.54,77.72,76.97
83.78,83.78,70.75,78.26,77.09
78.83,78.83,71.10,77.17,77.46
82.23,82.23,73.18,77.65,76.59
83.70,83.70,73.20,77.25,77.49
82.63,82.63,71.54,77.13,78.01
81.20,81.20,72.77,76.68,78.40
84.16,84.16,70.71,78.38,78.36
82.90,82.90,70.35,76.74,77.99
81.85,81.85,70.43,75.16,77.00
79.97,79.97,71.36,75.22,78.73
78.49,78.49,70.93,73.87,78.03
79.28,79.28,71.16,72.96,78.47
79.94,79.94,69.33,74.69,79.14
79.87,79.87,69.44,77.56,77.58
78.30,78.30,69.80,78.80,78.17
78.02,78.02,69.12,77.90,77.33
78.73,78.73,69.57,78.01,77.63
78.81,78.81,68.09,77.83,77.22
75.78,75.78,67.41,78.15,77.14
72.21,72.21,68.43,77.65,78.95
63.23,63.23,68.56,78.81,79.95
58.90,58.90,66.99,77.73,80.04
60.35,60.35,67.07,78.68,81.29
62.29,62.29,66.24,78.24,80.91
64.39,64.39,65.78,77.09,81.41
63.35,63.35,64.71,76.20,81.84
70.37,70.37,66.41,76.83,79.81
71.31,71.31,71.25,76.26,76.01
73.54,73.54,82.00,73.95,76.59
76.28,76.28,86.46,72.67,74.88
81.55,81.55,82.26,77.51,75.07
81.20,81.20,77.08,79.23,74.84
82.15,82.15,76.47,79.39,75.13
80.67,80.67,73.99,79.12,75.16
78.94,78.94,72.60,80.02,75.08
81.94,81.94,72.03,80.38,77.49
84.92,84.92,70.77,80.52,76.83
84.83,84.83,71.18,79.80,77.05
83.47,83.47,69.55,79.54,76.87
84.25,84.25,69.74,79.97,77.65
85.48,85.48,69.21,79.05,77.31
85.20,85.20,68.75,79.23,78.10
85.80,85.80,68.05,80.99,76.50
85.57,85.57,69.45,78.64,76.73
85.08,85.08,68.41,78.18,77.16
85.37,85.37,66.82,79.34,76.96
83.67,83.67,65.51,80.55,77.13
83.59,83.59,64.82,78.13,77.61
83.75,83.75,65.83,75.92,78.01
79.55,79.55,67.18,75.93,77.55
79.57,79.57,65.59,77.57,79.26
74.23,74.23,63.96,77.85,79.65
67.48,67.48,65.35,77.25,79.55
63.79,63.79,64.93,73.79,79.35
65.03,65.03,64.83,71.37,79.65
67.20,67.20,68.06,71.54,79.33
68.26,68.26,74.25,64.98,79.15
74.90,74.90,88.80,66.38,75.70
80.16,80.16,83.12,62.74,75.02
79.33,79.33,82.13,68.02,73.23
81.27,81.27,81.84,70.23,74.77
80.35,80.35,79.70,75.48,74.93
80.11,80.11,73.44,75.01,75.53
81.69,81.69,76.42,71.47,74.37
81.21,81.21,69.92,71.05,75.84
79.89,79.89,69.57,76.65,76.62
82.02,82.02,69.51,77.54,77.07
82.54,82.54,68.96,78.06,77.89
77.06,77.06,70.36,78.78,77.85
76.84,76.84,70.57,78.36,76.83
75.60,75.60,74.44,74.71,77.31
77.75,77.75,81.70,75.21,76.78
79.17,79.17,88.90,76.58,73.56
83.53,83.53,79.13,74.94,74.46
81.86,81.86,83.53,73.40,74.03
80.72,80.72,77.03,79.54,74.74
80.82,80.82,72.86,79.76,75.01
80.46,80.46,67.86,79.27,76.21
79.04,79.04,65.38,81.17,77.25
79.81,79.81,65.85,81.22,78.93
76.41,76.41,65.12,81.28,77.41
67.11,67.11,64.34,82.30,78.52
62.66,62.66,62.60,81.98,79.61
63.53,63.53,64.45,83.38,79.35
64.83,64.83,66.15,80.99,77.23
70.44,70.44,67.70,81.26,75.64
75.22,75.22,78.91,78.21,72.45
82.82,82.82,83.98,71.69,71.69
82.83,82.83,81.02,71.74,73.76
84.68,84.68,77.28,74.52,73.11
82.80,82.80,76.79,76.76,73.94
82.09,82.09,74.39,74.35,76.38
78.70,78.70,72.96,75.50,76.78
76.90,76.90,72.81,74.89,77.33
79.45,79.45,70.81,71.01,76.48
83.75,83.75,71.27,74.43,77.71
83.34,83.34,71.21,74.78,77.71
81.61,81.61,69.41,73.65,77.94
77.00,77.00,71.01,74.10,76.73
77.84,77.84,74.79,74.08,75.58
75.85,75.85,84.22,76.48,74.79
76.58,76.58,87.62,74.67,72.78
81.10,81.10,75.63,71.76,72.81
76.65,76.65,79.21,77.78,74.11
77.79,77.79,77.08,80.86,74.73
75.89,75.89,68.71,80.70,76.93
72.23,72.23,69.16,80.56,77.14
68.01,68.01,65.54,79.67,77.27
64.72,64.72,64.37,79.52,78.62
69.98,69.98,64.40,81.35,78.93
76.28,76.28,62.98,82.44,78.11
77.20,77.20,62.00,82.43,78.65
76.19,76.19,62.98,79.69,79.48
76.05,76.05,64.30,80.59,78.52
78.38,78.38,68.64,78.33,78.48
85.57,85.57,66.71,80.31,77.33
82.12,82.12,68.06,79.38,76.23
83.75,83.75,70.90,79.92,76.86
81.92,81.92,72.39,80.30,76.32
82.24,82.24,73.19,81.65,78.12
82.06,82.06,71.36,82.12,78.13
81.27,81.27,69.86,81.78,78.67
79.35,79.35,70.06,81.65,78.26
80.79,80.79,71.72,81.92,77.61
81.73,81.73,71.04,82.12,77.90
83.26,83.26,69.44,81.74,77.76
82.80,82.80,68.93,82.15,77.18
81.19,81.19,70.21,82.62,78.22
81.05,81.05,70.10,81.86,77.77
83.46,83.46,68.61,81.19,77.06
83.46,83.46,68.28,82.30,77.77
82.48,82.48,68.01,81.96,77.43
81.04,81.04,66.73,81.44,78.72
80.74,80.74,66.08,81.27,76.73
76.57,76.57,66.00,81.17,77.48
70.18,70.18,65.22,81.24,78.75
65.87,65.87,65.14,82.03,78.50
66.55,66.55,66.25,83.23,80.04
66.81,66.81,64.67,82.81,79.52
66.87,66.87,63.87,83.02,79.58
64.86,64.86,63.90,83.19,78.41
63.42,63.42,67.73,83.13,79.44
65.23,65.23,72.19,83.23,76.65
66.27,66.27,74.07,83.10,75.37
68.53,68.53,79.04,82.56,74.08
75.06,75.06,85.96,81.98,75.89
80.14,80.14,81.81,81.43,73.59
79.05,79.05,78.72,79.04,75.32
79.64,79.64,75.71,81.79,74.84
80.07,80.07,73.41,82.98,74.85
78.36,78.36,72.82,83.56,73.67
79.38,79.38,72.31,84.50,74.38
80.63,80.63,71.52,83.73,74.91
81.38,81.38,70.12,83.02,74.07
80.69,80.69,69.10,83.79,76.21
81.77,81.77,70.05,83.33,75.85
81.31,81.31,71.05,83.51,75.89
80.56,80.56,68.55,82.53,78.91
81.49,81.49,69.30,83.30,77.04
79.55,79.55,67.74,84.22,76.08
76.49,76.49,67.73,83.93,76.95
77.45,77.45,68.43,84.22,77.01
78.56,78.56,68.15,84.47,78.22
78.49,78.49,68.38,84.67,78.09
78.74,78.74,67.81,84.56,78.55
80.22,80.22,66.44,84.26,77.17
81.15,81.15,65.54,84.18,77.02
80.03,80.03,64.20,84.65,77.09
80.75,80.75,62.64,84.15,77.23
80.16,80.16,63.35,84.38,78.32
79.53,79.53,64.11,83.27,75.72
73.72,73.72,67.58,82.54,75.88
76.78,76.78,74.22,79.49,72.50
81.04,81.04,80.80,73.14,74.64
80.90,80.90,88.99,69.27,73.62
80.78,80.78,80.36,68.51,74.24
81.89,81.89,78.84,70.85,74.31
81.96,81.96,77.01,69.40,73.86
81.35,81.35,72.53,74.68,75.40
80.16,80.16,69.90,74.46,73.90
77.80,77.80,70.86,74.79,74.44
77.48,77.48,70.25,74.98,74.98
74.96,74.96,69.84,76.00,77.31
75.93,75.93,69.26,75.82,76.56
77.42,77.42,69.87,75.57,77.39
80.77,80.77,68.89,76.27,77.47
81.74,81.74,68.04,77.05,77.58
80.96,80.96,69.21,75.78,77.52
82.18,82.18,67.72,77.12,77.35
83.03,83.03,68.51,76.48,76.28
85.33,85.33,68.08,74.60,76.35
85.75,85.75,68.61,74.40,76.79
83.92,83.92,67.65,73.68,76.31
82.08,82.08,65.10,72.28,76.38
82.02,82.02,66.59,71.92,76.72
77.26,77.26,65.81,73.07,76.94
69.58,69.58,66.45,75.39,78.00
61.61,61.61,63.88,75.14,79.04
60.72,60.72,64.25,74.40,78.75
59.82,59.82,64.15,74.72,78.91
58.40,58.40,67.11,73.86,78.08
58.05,58.05,69.95,73.15,76.18
69.14,69.14,79.42,72.81,76.57
76.84,76.84,85.31,74.41,75.54
81.36,81.36,82.09,75.26,75.06
83.32,83.32,77.02,72.80,75.05
83.86,83.86,73.65,72.88,74.00
79.19,79.19,72.44,74.77,75.45
77.15,77.15,72.73,74.41,76.28
75.58,75.58,70.76,77.15,75.39
79.55,79.55,69.89,76.27,76.33
81.37,81.37,67.69,76.44,77.04
80.95,80.95,69.03,76.08,78.55
77.09,77.09,69.17,74.10,77.86
68.69,68.69,69.74,71.84,77.95
74.05,74.05,71.55,69.03,77.48
79.91,79.91,79.64,69.19,76.08
83.07,83.07,83.82,66.42,75.05
80.49,80.49,85.99,61.59,72.28
80.74,80.74,78.86,61.52,72.78
81.28,81.28,84.04,66.58,75.95
81.36,81.36,75.11,71.85,76.71
80.51,80.51,80.36,74.73,76.46
81.50,81.50,78.47,77.65,78.31
82.32,82.32,74.48,78.95,76.19
73.62,73.62,74.41,78.92,77.81
67.70,67.70,69.96,75.55,79.40
69.33,69.33,69.45,78.36,79.32
70.78,70.78,71.69,80.24,79.02
75.17,75.17,67.30,74.61,80.80
75.49,75.49,73.92,69.68,76.84
72.29,72.29,86.77,68.31,75.54
75.62,75.62,88.73,67.84,73.72
78.05,78.05,79.72,70.15,74.17
76.24,76.24,83.68,69.65,74.18
80.16,80.16,75.95,70.92,76.29
83.17,83.17,71.14,74.06,75.30
82.94,82.94,69.50,75.68,74.46
83.12,83.12,69.26,73.78,75.02
82.57,82.57,70.14,75.88,74.83
80.09,80.09,68.48,78.81,74.70
80.98,80.98,68.40,78.46,74.58
83.60,83.60,70.09,75.87,76.37
82.56,82.56,68.64,74.62,77.24
80.52,80.52,69.51,77.24,76.16
80.70,80.70,68.34,75.33,77.39
80.89,80.89,67.33,73.96,76.24
79.44,79.44,68.42,75.67,77.11
81.21,81.21,66.82,76.58,76.01
82.06,82.06,65.24,76.27,77.34
82.47,82.47,66.54,74.16,78.44
81.29,81.29,66.40,76.32,77.75
72.88,72.88,66.78,75.44,79.17
71.66,71.66,70.13,74.79,79.07
72.42,72.42,68.02,73.92,79.80
69.17,69.17,66.11,75.70,79.50
66.18,66.18,63.57,75.26,79.33
62.03,62.03,63.84,75.93,79.96
61.72,61.72,66.28,74.75,78.79
64.05,64.05,70.83,74.12,75.83
73.16,73.16,80.65,77.59,76.01
84.96,84.96,85.73,75.66,74.07
81.61,81.61,79.34,77.13,72.76
81.50,81.50,76.97,76.33,75.96
79.18,79.18,75.52,71.15,75.72
79.72,79.72,74.06,72.38,73.37
82.03,82.03,72.65,76.05,75.46
80.34,80.34,69.32,75.64,76.37
78.41,78.41,69.06,75.36,77.30
81.48,81.48,69.47,76.40,77.40
83.26,83.26,69.44,77.55,77.34
83.60,83.60,69.88,75.91,77.64
83.00,83.00,69.69,74.68,77.08
86.63,86.63,69.26,74.42,76.46
85.29,85.29,69.60,73.05,77.24
83.97,83.97,67.75,74.87,76.96
84.47,84.47,66.43,75.51,77.79
83.30,83.30,67.18,72.95,77.01
84.35,84.35,66.45,72.37,78.56
83.59,83.59,67.22,74.95,77.69
80.22,80.22,66.53,74.77,78.96
79.37,79.37,67.62,73.15,77.53
78.28,78.28,66.55,74.19,77.55
78.33,78.33,64.89,75.80,78.29
81.17,81.17,63.77,72.79,75.75
83.08,83.08,63.23,71.86,76.51
71.62,71.62,63.41,69.30,78.84
71.95,71.95,69.44,72.36,80.13
70.56,70.56,69.98,63.59,76.75
71.19,71.19,84.00,69.54,75.40
75.25,75.25,89.07,60.87,73.13
80.51,80.51,81.15,75.07,75.27
80.81,80.81,83.79,78.42,73.74
79.91,79.91,75.21,81.18,73.58
78.58,78.58,78.69,80.86,76.18
80.97,80.97,75.75,82.41,76.76
84.36,84.36,72.89,82.09,75.60
83.69,83.69,71.94,80.16,76.62
82.06,82.06,68.97,80.53,76.51
77.41,77.41,68.86,81.18,76.73
74.93,74.93,68.97,82.02,75.90
75.53,75.53,67.66,82.11,76.81
77.53,77.53,69.41,81.79,75.45
80.22,80.22,76.27,78.04,75.85
80.64,80.64,87.45,79.91,74.86
80.37,80.37,84.62,78.12,73.09
81.71,81.71,77.83,79.66,75.42
81.96,81.96,78.43,78.64,76.10
79.91,79.91,76.38,80.26,76.85
79.77,79.77,73.53,81.04,77.21
80.76,80.76,64.01,83.58,77.35
82.10,82.10,67.19,83.30,76.79
82.34,82.34,68.10,82.21,75.36
80.33,80.33,67.58,82.37,78.04
82.73,82.73,61.09,82.09,77.14
83.06,83.06,63.20,81.40,77.10
77.38,77.38,63.91,82.44,75.58
76.66,76.66,65.92,82.03,76.63
75.03,75.03,79.23,79.51,74.27
68.29,68.29,85.87,77.02,73.89
69.81,69.81,81.47,76.96,73.91
68.56,68.56,75.15,77.90,76.13
66.87,66.87,75.82,80.97,76.75
65.52,65.52,73.48,82.78,76.88
68.27,68.27,71.24,82.70,76.74
66.67,66.67,72.29,83.48,77.40
64.86,64.86,71.13,82.62,78.71
64.15,64.15,71.00,82.74,78.10
61.73,61.73,68.46,82.52,78.68
60.94,60.94,70.30,83.42,78.97
60.36,60.36,71.15,83.04,80.02
52.87,52.87,70.15,81.00,77.83
47.69,47.69,70.13,80.71,77.88
47.71,47.71,68.71,77.14,76.20
47.04,47.04,68.34,83.29,76.17
45.55,45.55,69.75,83.85,76.70
46.32,46.32,69.25,81.04,77.59
44.49,44.49,69.66,80.16,77.52
45.13,45.13,68.81,81.12,77.95
46.53,46.53,69.17,78.26,78.91
41.50,41.50,66.18,79.12,78.90
37.94,37.94,66.73,76.83,78.98
40.78,40.78,65.78,79.31,80.60
41.32,41.32,65.62,76.70,80.10
44.88,44.88,65.45,80.67,80.49
54.55,54.55,65.42,82.08,80.10
60.13,60.13,70.12,76.26,76.71
69.84,69.84,78.00,68.25,75.32
78.69,78.69,90.29,70.62,76.15
78.88,78.88,81.76,67.12,71.46
79.70,79.70,82.62,68.32,74.13
82.03,82.03,77.61,71.06,75.58
80.77,80.77,77.69,70.62,74.75
79.28,79.28,69.23,70.06,76.22
79.85,79.85,71.03,69.91,75.65
76.70,76.70,71.30,73.01,77.65
81.00,81.00,70.44,74.51,77.13
82.60,82.60,71.30,71.66,77.58
83.15,83.15,70.83,68.95,75.61
81.76,81.76,70.32,68.40,76.80
82.49,82.49,71.17,69.70,78.59
83.36,83.36,69.39,71.28,78.88
84.72,84.72,70.16,71.97,78.59
80.56,80.56,69.47,71.48,78.09
78.89,78.89,70.57,69.75,77.69
80.93,80.93,69.84,71.76,77.44
81.66,81.66,69.13,72.78,77.52
81.59,81.59,68.61,76.02,78.30
76.84,76.84,69.94,73.74,79.07
69.02,69.02,69.78,73.67,79.36
67.61,67.61,69.08,71.75,79.98
70.43,70.43,68.81,71.73,79.06
70.39,70.39,68.09,72.53,79.35
72.17,72.17,66.72,75.09,79.53
72.57,72.57,65.78,69.26,80.56
73.76,73.76,70.12,73.00,78.85
70.85,70.85,71.07,72.00,76.26
78.04,78.04,83.48,67.97,75.90
82.64,82.64,83.37,63.95,74.66
79.68,79.68,81.68,75.30,75.43
81.61,81.61,74.65,73.32,74.53
82.36,82.36,73.66,73.76,74.65
83.00,83.00,72.71,75.39,76.24
83.60,83.60,71.40,74.23,76.77
83.99,83.99,70.18,73.99,77.44
83.13,83.13,69.34,75.30,76.73
82.48,82.48,67.68,73.41,77.40
84.43,84.43,68.54,76.22,76.42
85.39,85.39,67.89,74.19,77.82
85.01,85.01,66.81,73.79,76.94
84.80,84.80,68.80,72.48,79.62
83.36,83.36,68.46,72.88,76.99
81.80,81.80,67.59,73.38,76.80
82.39,82.39,68.88,73.32,77.05
80.98,80.98,67.19,75.75,77.92
78.20,78.20,67.54,74.28,76.96
79.75,79.75,68.27,73.14,78.56
79.93,79.93,66.69,75.29,78.61
76.68,76.68,65.38,76.98,77.81
68.54,68.54,63.59,75.59,76.42
65.51,65.51,65.76,73.29,77.01
61.89,61.89,64.62,73.14,77.51
66.82,66.82,65.07,72.34,78.34
66.70,66.70,65.01,68.17,77.25
70.88,70.88,72.37,64.88,75.88
77.27,77.27,76.82,70.47,76.49
83.17,83.17,89.13,77.37,73.75
80.75,80.75,80.21,78.43,73.33
75.71,75.71,85.20,79.78,74.31
77.27,77.27,77.34,81.06,75.03
82.73,82.73,80.08,80.52,75.55
80.05,80.05,76.15,81.25,77.07
82.53,82.53,73.79,82.25,77.25
84.35,84.35,71.09,80.67,76.55
80.97,80.97,70.04,80.23,75.55
78.30,78.30,68.92,80.41,76.45
76.40,76.40,70.38,82.33,76.52
75.76,75.76,69.41,81.15,77.31
70.14,70.14,69.83,78.92,77.92
73.24,73.24,71.79,79.68,75.25
79.80,79.80,83.31,79.32,76.51
79.12,79.12,87.75,76.60,74.27
75.94,75.94,81.33,73.18,76.39
78.87,78.87,75.36,77.97,74.97
80.28,80.28,78.76,80.31,76.66
79.94,79.94,75.76,83.11,77.13
80.53,80.53,71.74,83.17,76.97
81.66,81.66,66.70,80.45,78.05
80.18,80.18,70.79,81.03,76.44
84.76,84.76,72.23,81.42,77.50
76.93,76.93,66.81,79.71,77.26
87.20,87.20,64.11,79.62,76.21
80.10,80.10,65.30,81.82,78.29
85.22,85.22,64.65,80.89,77.53
82.42,82.42,66.34,79.20,75.15
84.99,84.99,77.02,79.66,73.79
83.11,83.11,83.96,79.94,72.83
78.77,78.77,80.69,78.66,74.28
80.79,80.79,76.69,81.12,75.71
81.31,81.31,76.73,82.10,73.64
82.38,82.38,74.94,82.22,74.82
82.58,82.58,71.91,81.85,75.16
82.14,82.14,69.67,82.01,76.72
83.30,83.30,69.27,81.02,75.18
82.80,82.80,69.25,80.72,75.78
82.85,82.85,68.61,81.60,77.16
82.59,82.59,67.45,81.65,77.76
80.29,80.29,71.20,80.16,77.07
76.34,76.34,71.21,80.65,76.74
76.81,76.81,83.43,81.30,74.56
77.70,77.70,86.86,77.48,70.85
83.92,83.92,77.33,77.35,72.96
81.51,81.51,80.67,80.79,74.13
76.30,76.30,75.99,83.08,75.82
80.70,80.70,70.49,81.86,76.52
84.77,84.77,68.21,81.84,76.78
85.06,85.06,68.85,83.08,75.88
83.79,83.79,72.05,82.23,76.26
80.03,80.03,71.02,81.96,77.18
74.08,74.08,66.65,82.12,75.86
73.55,73.55,68.63,82.88,77.36
70.66,70.66,71.22,80.39,76.34
74.45,74.45,70.70,80.73,77.47
75.82,75.82,71.16,81.75,76.19
79.94,79.94,71.86,78.91,77.95
82.26,82.26,73.50,77.04,76.95
83.52,83.52,74.97,78.17,77.56
85.93,85.93,74.64,77.62,78.14
82.43,82.43,72.57,77.21,79.50
81.52,81.52,73.35,77.99,77.75
81.18,81.18,73.77,77.63,77.66
83.81,83.81,71.54,77.69,77.87
83.86,83.86,69.43,79.11,76.75
84.19,84.19,70.25,80.18,77.20
83.06,83.06,69.57,78.01,77.82
83.07,83.07,70.17,77.81,78.32
84.67,84.67,71.92,77.19,79.40
83.93,83.93,69.99,76.69,78.33
83.49,83.49,70.59,77.75,77.02
84.18,84.18,70.22,80.23,77.92
76.35,76.35,69.13,80.53,76.99
71.22,71.22,69.44,78.58,77.09
73.25,73.25,68.20,80.05,77.52
73.48,73.48,67.67,79.48,78.70
70.24,70.24,65.80,78.87,80.00
67.62,67.62,65.14,79.08,79.77
70.16,70.16,64.84,80.03,79.45
74.46,74.46,63.90,79.43,79.35
79.51,79.51,63.05,80.49,78.36
80.49,80.49,63.04,80.74,79.82
81.20,81.20,62.81,79.93,80.18
80.11,80.11,67.19,80.89,78.77
78.15,78.15,72.51,80.85,75.20
84.68,84.68,83.17,75.16,74.29
80.53,80.53,83.55,73.70,73.49
75.13,75.13,80.53,75.46,74.30
74.69,74.69,78.98,77.40,75.87
80.51,80.51,76.35,77.40,75.91
76.70,76.70,76.14,78.72,76.98
76.16,76.16,73.91,78.36,77.43
80.52,80.52,71.16,80.02,77.04
81.48,81.48,70.04,78.38,78.33
83.22,83.22,70.25,78.07,77.67
82.87,82.87,69.89,78.13,76.96
83.20,83.20,69.60,77.62,77.78
85.17,85.17,69.74,76.67,77.37
84.81,84.81,69.74,77.87,78.41
83.74,83.74,68.91,78.04,78.12
82.31,82.31,66.58,77.93,77.41
82.89,82.89,68.84,78.77,77.15
83.47,83.47,68.30,78.15,78.57
82.24,82.24,67.32,77.63,77.86
78.61,78.61,68.47,75.90,78.44
78.12,78.12,66.27,76.26,79.04
74.71,74.71,66.83,76.77,78.66
68.86,68.86,66.44,77.31,78.81
70.75,70.75,66.61,77.60,79.33
71.73,71.73,64.51,78.78,80.87
71.36,71.36,65.45,79.01,79.21
69.81,69.81,64.32,73.33,77.81
69.86,69.86,67.36,73.26,78.02
84.16,84.16,70.76,70.71,80.16
83.87,83.87,83.42,71.50,75.01
80.27,80.27,87.76,67.79,73.70
79.47,79.47,79.25,69.83,74.59
78.03,78.03,85.20,73.44,74.21
80.51,80.51,77.62,75.17,75.84
78.90,78.90,74.19,74.29,75.52
81.06,81.06,74.71,73.42,77.44
79.60,79.60,72.92,76.48,76.60
71.83,71.83,72.53,77.17,77.76
63.64,63.64,70.81,76.58,76.80
59.82,59.82,68.21,73.24,79.33
61.88,61.88,70.08,74.98,79.03
64.56,64.56,70.07,73.01,80.17
61.10,61.10,70.34,70.32,76.93
65.78,65.78,77.02,66.10,78.35
76.37,76.37,89.58,68.72,76.12
83.08,83.08,81.41,67.78,74.66
79.96,79.96,80.81,69.71,74.66
75.98,75.98,74.95,73.29,75.86
75.69,75.69,72.60,68.00,75.98
74.95,74.95,74.77,70.07,75.62
74.92,74.92,68.59,69.23,76.88
77.90,77.90,73.95,71.88,78.74
77.66,77.66,71.67,73.73,78.17
84.51,84.51,66.70,72.70,78.04
81.86,81.86,66.18,74.74,77.99
79.01,79.01,68.51,75.62,78.93
74.64,74.64,65.99,73.32,78.36
77.97,77.97,69.03,71.35,74.44
81.54,81.54,78.85,72.67,73.74
82.60,82.60,84.90,76.16,72.98
80.61,80.61,81.39,78.45,72.84
79.49,79.49,77.38,78.55,73.48
81.03,81.03,76.52,77.94,74.23
82.00,82.00,74.05,78.93,75.70
81.71,81.71,72.24,77.98,77.58
82.47,82.47,71.38,77.28,78.65
81.81,81.81,69.44,77.09,77.89
81.58,81.58,69.16,77.22,76.09
79.62,79.62,68.94,78.63,75.39
74.07,74.07,69.06,78.55,76.56
68.12,68.12,71.44,77.09,77.03
68.49,68.49,75.35,78.37,76.06
73.89,73.89,85.51,78.37,77.46
81.02,81.02,86.65,77.06,75.32
83.47,83.47,77.56,75.26,73.84
83.19,83.19,79.51,78.83,74.10
83.23,83.23,79.63,81.08,73.88
83.23,83.23,71.04,81.80,74.55
83.32,83.32,70.78,81.16,74.92
82.90,82.90,67.20,81.01,77.45
81.94,81.94,69.01,80.92,76.40
76.99,76.99,70.43,80.04,77.30
68.75,68.75,68.26,80.50,77.33
68.24,68.24,68.00,81.76,77.19
68.11,68.11,68.63,83.05,78.39
76.22,76.22,69.16,83.17,77.37
73.52,73.52,69.81,83.81,79.10
80.40,80.40,67.74,81.72,78.54
84.71,84.71,71.87,80.99,77.29
80.88,80.88,72.47,79.89,77.60
81.60,81.60,72.36,80.68,76.90
83.31,83.31,71.66,80.85,77.47
83.04,83.04,71.85,80.69,77.07
82.32,82.32,73.12,79.85,79.26
78.12,78.12,70.29,81.08,78.16
76.09,76.09,70.29,81.38,77.79
79.18,79.18,69.23,80.89,78.68
80.94,80.94,68.21,81.82,78.53
80.81,80.81,68.93,81.04,77.47
82.35,82.35,70.04,81.48,77.92
83.05,83.05,67.68,81.01,78.53
81.72,81.72,69.38,82.15,77.48
80.82,80.82,68.02,81.99,78.08
78.95,78.95,67.72,82.39,78.19
80.51,80.51,65.83,82.82,77.87
78.98,78.98,65.07,83.90,77.02
74.94,74.94,65.74,83.72,78.57
74.05,74.05,64.55,83.69,78.09
75.76,75.76,62.52,83.99,78.98
75.69,75.69,63.46,83.08,79.41
77.16,77.16,63.00,82.88,79.82
77.18,77.18,64.32,81.52,79.49
77.70,77.70,63.36,81.29,80.84
77.09,77.09,62.75,81.02,79.58
78.28,78.28,66.48,80.65,79.00
77.69,77.69,71.00,81.99,74.59
71.07,71.07,79.76,82.32,78.52
78.51,78.51,84.20,79.10,75.89
81.33,81.33,80.57,80.59,76.02
79.73,79.73,77.54,78.92,75.99
80.54,80.54,74.28,80.89,75.49
78.94,78.94,73.85,79.12,76.55
81.52,81.52,72.17,80.50,74.88
83.95,83.95,73.04,76.63,75.53
83.02,83.02,71.08,79.06,75.28
81.95,81.95,69.78,78.75,74.97
81.52,81.52,69.87,79.36,74.81
81.42,81.42,70.29,81.61,76.00
80.98,80.98,70.10,80.83,77.10
83.06,83.06,69.11,80.48,78.23
83.21,83.21,68.65,81.45,76.48
81.77,81.77,67.90,79.65,77.74
81.81,81.81,67.39,80.22,76.97
79.27,79.27,65.79,80.26,77.79
79.31,79.31,66.35,83.19,79.02
80.86,80.86,67.24,82.97,77.85
80.70,80.70,66.73,82.23,78.08
82.13,82.13,66.81,82.40,78.90
77.58,77.58,64.80,82.35,78.79
64.57,64.57,64.02,82.41,79.20
60.35,60.35,65.26,82.02,80.07
61.89,61.89,64.26,80.83,77.99
63.73,63.73,63.36,83.11,79.78
61.04,61.04,66.19,83.45,79.30
61.20,61.20,72.55,81.20,76.89
70.79,70.79,79.77,76.49,76.99
77.90,77.90,88.06,74.17,76.22
81.50,81.50,82.92,70.94,73.24
81.09,81.09,83.52,72.96,74.48
82.41,82.41,78.52,74.33,73.72
81.93,81.93,77.25,73.71,73.88
80.15,80.15,75.81,74.15,75.10
80.68,80.68,74.48,72.73,76.25
79.56,79.56,72.13,69.44,76.13
78.75,78.75,69.63,66.54,76.73
79.44,79.44,70.17,71.78,77.13
77.70,77.70,69.29,74.55,76.66
78.08,78.08,70.79,75.37,76.91
80.09,80.09,70.35,75.43,77.63
78.13,78.13,70.50,77.08,78.47
79.17,79.17,67.99,76.37,78.94
79.04,79.04,68.71,75.01,78.62
82.58,82.58,66.64,72.71,78.37
71.85,71.85,66.02,74.08,78.96
67.65,67.65,66.22,76.59,80.02
55.47,55.47,66.71,77.30,80.82
55.20,55.20,64.83,75.25,79.86
61.47,61.47,62.96,75.93,81.23
69.10,69.10,61.20,76.12,80.39
74.61,74.61,61.13,74.08,79.95
73.64,73.64,59.25,75.93,80.40
73.30,73.30,59.92,78.36,79.96
74.37,74.37,63.84,77.50,79.07
74.85,74.85,69.80,76.94,77.31
76.37,76.37,78.42,74.70,74.88
80.48,80.48,86.12,69.84,75.23
77.91,77.91,82.52,72.70,75.95
76.95,76.95,76.68,78.99,76.28
79.95,79.95,73.02,76.03,76.56
81.43,81.43,71.72,74.10,74.93
80.08,80.08,72.75,76.37,74.76
76.68,76.68,71.15,75.86,74.78
76.17,76.17,70.34,75.25,78.28
75.02,75.02,70.70,75.61,78.71
70.01,70.01,69.84,74.10,77.90
69.57,69.57,68.70,71.73,79.36
68.58,68.58,71.02,71.43,80.81
64.98,64.98,71.58,67.57,77.96
71.78,71.78,74.28,66.02,78.86
76.26,76.26,88.16,69.22,75.77
81.21,81.21,84.80,65.20,73.33
84.76,84.76,78.01,69.14,75.02
83.12,83.12,85.79,75.05,73.26
82.31,82.31,74.65,73.87,74.39
83.05,83.05,80.06,73.97,75.70
83.97,83.97,77.15,75.44,74.60
82.93,82.93,70.75,77.61,76.50
83.23,83.23,74.14,78.19,76.62
83.62,83.62,69.00,78.31,77.23
79.27,79.27,65.08,78.73,76.48
75.82,75.82,69.06,78.75,76.80
75.76,75.76,67.48,77.71,76.99
74.44,74.44,75.12,71.89,78.15
72.91,72.91,81.05,65.94,79.57
74.06,74.06,90.20,69.06,73.17
76.71,76.71,78.72,72.09,73.08
81.09,81.09,78.50,73.98,74.01
80.31,80.31,74.13,71.33,74.95
77.32,77.32,76.03,75.97,76.82
82.73,82.73,76.98,76.13,75.27
83.02,83.02,72.22,72.20,75.29
78.81,78.81,72.87,74.22,77.78
80.14,80.14,71.03,75.55,77.27
81.28,81.28,69.25,76.47,77.87
81.68,81.68,70.00,72.27,77.83
81.77,81.77,70.31,69.84,78.74
82.68,82.68,70.32,74.73,77.54
81.26,81.26,69.53,75.64,77.20
82.11,82.11,68.42,70.44,76.03
82.51,82.51,70.37,73.42,77.55
83.79,83.79,68.60,74.51,76.63
82.84,82.84,68.75,74.68,77.79
78.63,78.63,67.38,75.56,76.37
73.94,73.94,67.53,74.15,78.32
69.95,69.95,67.81,73.92,80.94
63.35,63.35,67.93,73.86,79.83
62.68,62.68,67.19,75.12,79.78
62.70,62.70,65.02,72.92,79.32
63.87,63.87,64.30,74.93,80.67
67.36,67.36,64.38,76.12,80.40
73.88,73.88,64.15,73.81,79.30
77.80,77.80,67.66,74.06,80.45
85.06,85.06,69.77,71.14,76.78
86.49,86.49,80.19,74.10,74.28
81.73,81.73,83.81,72.07,74.02
80.16,80.16,79.24,71.39,74.55
80.13,80.13,76.01,73.59,75.67
81.04,81.04,73.75,73.10,76.01
83.93,83.93,73.94,72.92,75.81
83.37,83.37,71.44,75.51,75.70
82.53,82.53,71.33,73.81,77.10
80.49,80.49,71.16,75.53,76.60
79.15,79.15,70.90,76.82,77.49
79.91,79.91,72.14,74.58,78.03
80.16,80.16,70.58,74.04,77.03
78.09,78.09,71.28,76.11,77.96
79.54,79.54,70.01,75.47,78.41
79.74,79.74,69.58,73.71,76.76
81.62,81.62,71.16,74.59,76.69
80.62,80.62,71.59,76.71,78.79
79.29,79.29,70.94,75.53,78.59
80.33,80.33,70.68,74.24,78.88
83.53,83.53,68.49,74.75,76.62
68.54,68.54,68.96,75.51,77.74
65.22,65.22,69.16,77.01,78.94
63.97,63.97,68.41,73.66,78.62
63.10,63.10,67.38,72.75,79.43
54.61,54.61,65.70,76.83,78.44
58.45,58.45,66.62,71.78,80.09
57.79,57.79,67.41,72.40,78.74
62.44,62.44,70.80,70.32,78.05
69.87,69.87,73.39,62.66,78.58
82.36,82.36,89.94,73.61,76.29
82.44,82.44,82.82,69.51,74.26
82.00,82.00,80.59,76.91,74.33
82.17,82.17,78.09,80.94,73.74
82.81,82.81,74.65,82.80,73.79
82.76,82.76,72.49,82.53,73.36
83.13,83.13,73.78,80.03,75.34
83.36,83.36,71.23,81.80,75.81
82.47,82.47,69.39,81.74,75.98
81.45,81.45,69.32,80.31,77.99
80.64,80.64,70.90,81.52,78.53
78.99,78.99,68.19,83.20,78.43
75.84,75.84,71.76,81.25,78.05
74.47,74.47,76.01,76.33,76.61
70.78,70.78,88.79,77.04,74.20
72.78,72.78,85.38,77.12,73.70
73.95,73.95,80.29,78.22,75.50
75.40,75.40,77.27,80.79,74.55
77.33,77.33,75.29,82.72,76.56
78.19,78.19,77.47,82.33,76.34
77.59,77.59,73.91,82.86,76.82
77.80,77.80,72.26,83.25,77.24
77.45,77.45,72.11,83.85,77.15
81.57,81.57,67.40,82.73,77.69
83.57,83.57,66.52,81.75,78.31
84.36,84.36,67.17,82.69,77.95
81.27,81.27,64.21,82.20,79.05
82.92,82.92,68.48,80.82,76.17
83.29,83.29,74.98,81.23,76.60
80.65,80.65,85.25,78.12,75.78
80.26,80.26,81.08,72.26,74.30
82.37,82.37,77.65,65.67,74.15
83.60,83.60,76.25,68.73,76.33
82.52,82.52,75.21,67.74,76.99
82.43,82.43,72.38,70.61,76.54
81.69,81.69,73.08,70.72,76.41
82.21,82.21,72.46,69.79,77.86
81.86,81.86,71.53,69.60,77.43
81.35,81.35,69.73,69.33,78.15
81.95,81.95,70.32,73.87,78.89
82.40,82.40,71.54,72.62,78.10
81.03,81.03,71.04,77.18,78.60
77.59,77.59,71.12,66.57,78.73
80.02,80.02,73.74,78.00,78.40
80.37,80.37,72.05,77.74,78.43
78.84,78.84,69.35,83.37,78.55
76.52,76.52,68.31,83.95,77.78
80.57,80.57,66.55,84.24,75.47
75.54,75.54,65.55,82.12,76.42
69.77,69.77,64.02,80.42,76.76
72.89,72.89,61.95,82.84,75.03
76.01,76.01,62.79,81.83,78.37
77.55,77.55,63.33,83.26,77.48
79.24,79.24,62.66,81.01,77.79
79.16,79.16,61.07,81.43,77.76
78.56,78.56,60.55,81.97,78.83
79.23,79.23,67.81,78.44,78.46
78.26,78.26,76.72,74.12,76.58
79.21,79.21,88.80,73.76,75.22
79.93,79.93,81.96,60.83,75.18
80.75,80.75,84.15,73.52,74.24
74.49,74.49,80.49,77.93,74.64
75.00,75.00,75.95,79.14,76.63
77.39,77.39,74.02,79.64,78.27
77.38,77.38,73.13,80.73,75.81
80.44,80.44,72.23,77.59,77.76
82.09,82.09,71.85,80.53,77.52
82.10,82.10,72.64,81.03,76.49
83.60,83.60,73.38,81.32,77.68
86.10,86.10,71.44,80.53,77.20
86.49,86.49,71.58,80.75,76.26
85.52,85.52,71.97,76.68,76.65
86.96,86.96,70.73,79.00,78.73
83.18,83.18,71.45,78.16,77.97
76.94,76.94,72.67,80.68,78.86
78.08,78.08,72.35,80.44,77.84
83.22,83.22,71.78,80.47,78.35
83.81,83.81,71.82,80.22,77.59
83.05,83.05,71.39,80.32,77.66
81.14,81.14,71.07,79.63,78.15
81.36,81.36,70.79,79.77,77.35
82.21,82.21,70.91,81.14,78.88
79.67,79.67,69.63,80.40,76.65
77.01,77.01,70.57,81.06,77.55
73.85,73.85,71.64,80.50,78.59
71.32,71.32,72.59,83.21,77.93
66.87,66.87,73.68,80.38,76.59
66.39,66.39,83.61,80.72,76.59
66.68,66.68,84.69,80.31,74.45
60.24,60.24,80.70,81.16,75.73
60.71,60.71,78.15,82.31,75.17
59.82,59.82,76.28,83.43,74.24
56.31,56.31,74.47,82.67,75.00
56.25,56.25,72.60,83.60,76.61
55.65,55.65,73.18,83.67,77.44
52.03,52.03,71.31,82.96,78.55
49.76,49.76,72.29,82.82,77.63
52.25,52.25,74.10,83.23,78.91
51.58,51.58,73.64,83.86,78.29
52.16,52.16,71.63,83.10,78.27
49.97,49.97,71.40,82.64,79.63
46.50,46.50,72.12,83.63,78.47
46.90,46.90,71.70,83.78,78.94
47.42,47.42,71.63,83.28,79.03
44.65,44.65,71.58,83.10,80.22
45.33,45.33,70.91,84.39,79.52
45.32,45.32,71.49,83.86,80.27
44.17,44.17,71.63,82.87,80.41
42.20,42.20,69.54,82.29,79.90
42.87,42.87,69.60,83.66,79.12
41.83,41.83,69.65,83.74,79.06
46.88,46.88,68.77,84.26,79.21
54.29,54.29,68.05,84.38,79.25
60.57,60.57,67.10,84.20,78.11
75.79,75.79,74.41,81.74,76.28
82.98,82.98,79.64,74.50,77.47
84.96,84.96,85.41,60.46,75.16
81.07,81.07,82.27,68.60,74.57
79.77,79.77,84.64,73.92,74.60
79.48,79.48,78.24,77.65,74.09
76.84,76.84,74.16,79.40,73.86
81.03,81.03,75.90,81.23,75.82
75.69,75.69,72.64,79.99,76.58
65.10,65.10,70.69,80.98,77.75
61.48,61.48,72.28,80.44,77.74
59.59,59.59,69.49,80.39,80.04
59.72,59.72,69.41,81.35,80.09
62.66,62.66,69.83,79.72,79.25
73.71,73.71,70.62,77.34,79.80
72.28,72.28,76.16,75.43,78.86
67.54,67.54,87.06,77.04,77.05
72.84,72.84,88.32,72.12,75.81
80.07,80.07,78.22,72.81,75.50
79.03,79.03,75.80,76.95,75.50
79.88,79.88,78.54,75.22,76.29
79.39,79.39,71.98,77.63,74.25
80.17,80.17,74.13,80.50,76.32
79.88,79.88,71.41,79.84,77.23
80.99,80.99,70.40,81.89,77.00
65.14,65.14,71.00,81.16,78.87
60.20,60.20,67.28,81.55,78.20
64.09,64.09,69.32,83.04,78.02
68.46,68.46,67.78,83.59,77.30
77.48,77.48,72.24,80.39,77.61
80.43,80.43,74.59,78.63,75.87
78.94,78.94,81.27,76.29,75.80
79.12,79.12,82.44,69.44,74.05
77.29,77.29,78.72,68.71,74.27
75.64,75.64,75.12,66.83,77.06
78.98,78.98,74.74,68.48,75.44
80.75,80.75,74.26,73.28,77.28
78.89,78.89,74.06,73.29,77.77
78.38,78.38,71.53,70.24,77.29
78.63,78.63,70.74,73.40,78.63
81.20,81.20,70.62,72.96,76.87
82.07,82.07,72.33,72.26,75.05
79.57,79.57,72.35,71.58,78.14
74.70,74.70,71.74,71.25,76.71
75.85,75.85,78.96,69.23,77.34
82.57,82.57,89.43,70.56,72.31
84.68,84.68,80.04,66.29,73.11
85.28,85.28,79.34,72.67,75.56
84.79,84.79,76.34,74.78,76.05
84.21,84.21,71.23,74.68,75.87
84.32,84.32,72.88,76.37,74.65
83.86,83.86,70.77,72.96,77.17
81.96,81.96,69.84,73.50,75.69
79.26,79.26,69.31,71.12,76.70
75.48,75.48,68.53,78.02,76.60
70.50,70.50,67.71,79.50,77.51
69.29,69.29,67.93,72.67,78.17
70.49,70.49,68.93,73.72,78.26
71.85,71.85,75.33,70.76,78.19
69.39,69.39,88.21,74.59,77.08
70.95,70.95,83.35,67.47,75.63
77.28,77.28,81.95,69.83,75.44
81.73,81.73,80.99,67.91,76.01
83.75,83.75,79.19,72.79,74.06
83.80,83.80,72.69,73.54,75.41
84.05,84.05,75.75,75.89,76.86
83.16,83.16,74.83,75.44,77.49
82.54,82.54,71.69,76.82,77.52
83.37,83.37,69.54,75.68,76.29
81.86,81.86,69.94,75.39,78.46
82.68,82.68,70.82,77.44,77.40
80.26,80.26,70.29,77.25,77.29
76.93,76.93,71.17,76.85,77.93
78.54,78.54,70.91,73.89,79.14
80.45,80.45,69.61,74.52,77.35
78.95,78.95,70.66,71.45,77.39
79.11,79.11,69.54,72.06,78.17
79.83,79.83,69.09,71.51,79.03
80.08,80.08,69.06,70.96,78.33
82.14,82.14,69.44,70.97,79.32
83.24,83.24,68.32,71.93,77.36
83.30,83.30,67.75,71.61,79.09
81.81,81.81,68.05,72.22,77.60
78.83,78.83,68.20,73.06,79.88
79.03,79.03,68.54,71.50,79.10
80.32,80.32,67.34,73.42,79.47
79.07,79.07,67.19,72.46,79.07
74.86,74.86,68.14,73.00,78.57
71.85,71.85,73.00,69.69,79.35
68.96,68.96,85.14,69.51,76.02
68.84,68.84,85.27,68.45,75.94
63.53,63.53,81.31,58.17,75.74
62.15,62.15,78.45,71.00,78.21
57.76,57.76,76.32,64.18,77.67
55.94,55.94,75.36,67.30,76.44
54.77,54.77,74.87,67.21,76.16
55.04,55.04,74.10,65.84,77.59
56.30,56.30,72.94,65.38,77.90
54.85,54.85,72.51,68.24,78.80
52.05,52.05,72.66,66.86,79.11
52.82,52.82,72.76,69.18,78.46
53.73,53.73,71.57,61.45,79.70
57.49,57.49,72.53,66.69,79.99
56.45,56.45,72.63,67.98,80.54
56.15,56.15,72.34,68.10,80.53
55.77,55.77,72.26,67.67,80.94
54.07,54.07,71.71,67.62,80.96
49.73,49.73,71.32,67.93,79.45
44.29,44.29,69.23,65.10,79.26
40.32,40.32,69.58,65.07,81.46
39.72,39.72,69.30,65.50,79.78
40.50,40.50,68.43,67.07,79.36
44.25,44.25,68.55,68.62,79.50
51.54,51.54,67.62,69.99,78.75
63.71,63.71,67.24,69.40,79.43
69.10,69.10,68.28,67.89,79.03
86.89,86.89,73.12,63.41,78.51
85.06,85.06,85.16,68.10,76.39
79.48,79.48,86.43,65.64,73.97
81.43,81.43,77.97,72.05,74.83
79.62,79.62,83.37,74.45,73.30
81.38,81.38,75.51,73.56,76.41
82.56,82.56,81.01,73.70,75.80
82.77,82.77,75.34,74.56,76.11
81.10,81.10,72.64,75.39,75.17
65.84,65.84,76.49,75.02,77.99
61.00,61.00,70.32,75.91,77.65
59.42,59.42,68.73,76.23,79.13
64.19,64.19,68.90,76.28,78.49
68.54,68.54,67.22,73.87,78.64
71.93,71.93,72.59,69.77,78.73
74.24,74.24,76.75,62.59,79.85
73.65,73.65,90.74,67.40,74.93
81.35,81.35,80.75,61.68,73.17
80.53,80.53,83.22,67.49,73.90
81.02,81.02,76.69,67.21,73.55
81.83,81.83,75.32,69.66,75.10
81.80,81.80,72.04,69.88,75.72
80.82,80.82,71.52,70.82,75.84
70.89,70.89,70.17,70.86,76.86
66.76,66.76,69.09,72.96,78.27
60.89,60.89,67.86,71.38,78.65
57.08,57.08,66.89,71.48,78.93
56.68,56.68,66.66,73.34,79.46
60.45,60.45,70.82,73.38,79.92
69.80,69.80,74.98,68.46,77.18
74.23,74.23,87.58,64.08,76.11
82.21,82.21,80.67,77.43,74.66
81.71,81.71,77.40,78.32,73.37
78.07,78.07,75.43,75.33,74.71
72.54,72.54,75.98,74.73,73.63
72.40,72.40,75.39,75.49,76.18
61.65,61.65,73.67,77.22,77.23
60.63,60.63,72.08,74.57,78.02
62.39,62.39,71.53,77.28,78.39
60.15,60.15,70.44,74.88,78.31
62.31,62.31,69.75,75.44,78.29
65.55,65.55,70.04,75.66,78.30
68.91,68.91,69.36,75.18,79.40
71.28,71.28,70.60,73.10,78.61
78.77,78.77,71.00,71.73,76.00
85.49,85.49,68.60,78.57,77.12
84.41,84.41,68.25,74.98,74.29
83.19,83.19,67.50,71.56,76.92
83.44,83.44,68.88,72.95,75.22
83.48,83.48,69.03,72.86,79.03
84.27,84.27,68.77,71.86,77.14
84.47,84.47,67.94,75.15,77.20
74.06,74.06,68.51,75.34,78.27
61.56,61.56,68.93,75.59,78.70
58.68,58.68,68.55,75.05,80.74
62.07,62.07,68.54,75.31,79.79
60.67,60.67,68.38,78.60,79.45
71.44,71.44,70.93,76.80,79.11
72.82,72.82,71.96,77.05,79.10
80.40,80.40,81.08,70.82,77.22
79.72,79.72,88.63,73.96,72.58
74.90,74.90,79.08,72.80,71.45
78.02,78.02,83.71,68.70,73.61
77.58,77.58,76.70,73.38,74.13
78.18,78.18,76.19,72.39,74.20
82.88,82.88,74.71,76.33,74.90
79.83,79.83,72.38,76.88,74.52
81.09,81.09,71.58,73.69,76.39
82.26,82.26,70.82,72.92,76.27
83.93,83.93,70.42,75.21,76.53
83.19,83.19,70.27,75.45,77.40
80.20,80.20,70.55,75.97,78.58
77.83,77.83,69.88,75.70,78.18
81.68,81.68,68.71,76.59,78.73
82.84,82.84,68.41,76.94,77.96
83.05,83.05,67.23,73.33,77.56
80.92,80.92,67.43,78.46,78.63
73.85,73.85,67.91,79.40,77.66
80.21,80.21,68.48,78.31,79.16
84.29,84.29,67.37,79.88,80.53
83.80,83.80,67.27,78.60,78.91
81.38,81.38,67.36,78.04,80.41
78.33,78.33,66.07,80.21,79.65
78.64,78.64,67.80,77.84,79.15
82.43,82.43,66.41,79.16,79.81
79.19,79.19,66.76,79.34,79.66
77.17,77.17,67.09,78.17,78.35
74.07,74.07,69.49,79.30,79.08
71.00,71.00,72.75,81.71,79.13
67.98,67.98,87.17,81.63,75.78
62.53,62.53,84.94,78.77,74.72
63.35,63.35,80.41,78.67,75.17
60.10,60.10,76.94,76.82,75.60
56.75,56.75,77.10,77.49,77.18
52.35,52.35,76.19,80.23,76.41
52.17,52.17,72.94,78.75,77.20
57.29,57.29,74.04,78.67,79.14
56.07,56.07,74.19,79.61,77.71
58.67,58.67,71.79,80.02,77.49
55.40,55.40,72.88,79.98,78.31
57.83,57.83,74.24,80.26,77.46
59.27,59.27,73.80,79.37,78.96
55.85,55.85,71.20,80.95,78.69
56.80,56.80,73.15,79.91,78.14
56.02,56.02,72.15,78.70,79.16
54.03,54.03,70.92,80.24,79.50
54.96,54.96,69.89,79.21,79.19
52.51,52.51,70.72,78.68,79.42
51.65,51.65,69.82,80.29,78.83
59.00,59.00,69.34,78.87,80.37
56.65,56.65,69.76,80.58,78.82
60.04,60.04,68.83,79.64,79.48
56.75,56.75,68.10,80.04,78.75
55.50,55.50,68.34,81.41,80.15
60.28,60.28,67.85,81.49,79.84
71.76,71.76,70.43,79.33,80.35
87.66,87.66,68.28,77.71,78.71
85.53,85.53,83.80,76.08,77.02
82.55,82.55,84.33,73.68,74.98
82.62,82.62,76.94,67.46,74.45
83.31,83.31,84.88,73.78,74.13
83.17,83.17,76.45,78.21,72.54
82.87,82.87,75.93,76.35,73.27
84.70,84.70,74.35,77.37,75.42
84.29,84.29,74.59,80.14,76.27
81.63,81.63,72.27,79.88,76.28
85.08,85.08,69.38,79.88,77.29
81.62,81.62,67.90,79.59,78.47
69.63,69.63,65.20,81.87,78.45
69.58,69.58,67.14,81.92,77.99
70.70,70.70,67.95,81.58,78.70
68.14,68.14,72.41,79.03,77.30
65.95,65.95,88.15,73.69,74.99
71.97,71.97,86.83,72.77,72.59
79.88,79.88,76.41,73.56,74.45
83.63,83.63,77.50,79.83,73.85
83.57,83.57,77.11,81.78,74.10
84.22,84.22,70.60,79.53,74.59
83.30,83.30,72.82,80.46,75.17
82.55,82.55,66.96,81.04,75.55
81.79,81.79,70.17,80.94,76.44
81.21,81.21,66.72,79.81,75.76
73.65,73.65,65.76,80.18,77.34
73.15,73.15,67.48,79.72,78.16
73.28,73.28,67.84,81.30,76.36
67.66,67.66,72.22,80.52,77.96
70.76,70.76,82.51,77.96,78.04
78.17,78.17,83.82,78.66,76.24
82.83,82.83,81.15,73.77,75.52
76.87,76.87,75.94,76.48,74.90
77.49,77.49,76.82,78.78,74.39
76.55,76.55,75.47,76.78,74.04
79.41,79.41,74.78,79.36,75.76
81.89,81.89,74.17,77.93,75.69
80.42,80.42,72.62,77.25,76.23
76.88,76.88,70.88,78.94,76.29
82.64,82.64,70.22,77.18,77.32
83.46,83.46,69.84,77.81,78.44
80.23,80.23,70.89,78.97,76.13
83.56,83.56,72.64,77.24,77.61
84.79,84.79,72.73,76.32,77.79
80.31,80.31,82.72,75.45,75.82
79.14,79.14,88.02,70.71,73.03
81.41,81.41,78.47,71.71,73.26
83.98,83.98,77.23,70.43,73.50
85.09,85.09,72.92,67.75,75.44
85.36,85.36,72.24,72.33,76.19
84.52,84.52,75.83,73.42,74.91
84.64,84.64,69.15,74.75,76.41
84.12,84.12,69.99,74.74,76.48
82.00,82.00,70.79,72.98,76.72
78.38,78.38,67.60,79.30,77.59
72.43,72.43,67.93,80.15,80.45
75.94,75.94,68.47,78.43,78.40
82.42,82.42,68.34,68.43,76.78
86.25,86.25,70.32,62.79,76.54
78.16,78.16,84.11,71.52,76.76
78.09,78.09,87.25,72.49,71.09
80.40,80.40,74.75,77.41,73.06
80.97,80.97,81.01,77.16,75.40
81.86,81.86,78.97,77.90,74.12
82.92,82.92,74.46,78.64,75.36
83.26,83.26,73.63,78.32,75.02
82.72,82.72,71.60,78.59,74.86
80.45,80.45,72.88,79.78,76.48
76.21,76.21,72.19,79.90,75.75
76.91,76.91,71.38,78.20,75.12
80.92,80.92,71.35,79.54,77.03
83.78,83.78,70.26,80.59,76.23
83.50,83.50,70.09,78.20,76.36
83.90,83.90,68.92,78.67,77.34
84.27,84.27,67.88,80.19,75.99
82.27,82.27,67.95,79.80,75.95
78.23,78.23,66.93,79.58,76.83
79.02,79.02,67.10,80.42,77.62
82.81,82.81,67.09,78.35,76.81
80.49,80.49,65.53,77.65,77.50
65.79,65.79,67.56,79.38,78.98
65.11,65.11,65.91,78.32,79.12
68.49,68.49,65.64,77.11,80.53
71.23,71.23,65.59,77.52,80.68
72.62,72.62,63.06,77.43,80.18
70.82,70.82,65.27,78.49,78.10
66.83,66.83,67.85,78.76,78.08
73.38,73.38,69.63,78.40,75.67
82.83,82.83,79.47,71.86,77.07
84.70,84.70,81.71,76.56,73.80
78.88,78.88,78.79,79.38,73.66
75.05,75.05,76.21,79.90,73.71
76.37,76.37,75.93,79.44,73.93
80.06,80.06,74.22,79.75,73.92
81.59,81.59,71.63,80.20,75.33
83.16,83.16,70.52,81.21,74.38
83.59,83.59,69.87,79.30,74.18
84.59,84.59,70.73,79.60,75.20
83.56,83.56,70.19,80.61,75.43
81.98,81.98,70.23,79.09,74.57
81.65,81.65,71.96,78.15,76.82
83.21,83.21,71.92,76.99,75.70
82.99,82.99,70.13,79.66,75.43
83.52,83.52,70.77,79.90,74.91
81.09,81.09,71.09,79.93,77.13
79.89,79.89,70.31,78.57,77.28
83.57,83.57,70.58,79.04,77.62
84.91,84.91,70.36,77.11,77.61
84.84,84.84,70.89,77.37,79.24
75.62,75.62,69.24,78.93,78.90
71.88,71.88,70.26,77.32,79.19
70.12,70.12,68.82,81.80,78.55
69.31,69.31,68.06,77.76,78.28
69.35,69.35,67.13,80.22,78.28
74.70,74.70,69.71,78.21,79.01
81.02,81.02,73.23,74.83,80.65
77.92,77.92,76.85,73.94,79.85
77.17,77.17,88.77,74.87,73.44
77.47,77.47,81.15,73.44,73.20
80.28,80.28,85.52,78.30,73.15
82.87,82.87,76.57,78.94,72.68
81.11,81.11,78.52,80.87,74.30
79.05,79.05,76.87,82.18,73.85
76.72,76.72,75.04,81.04,75.01
77.57,77.57,74.16,82.26,76.42
79.01,79.01,73.64,83.99,76.09
81.47,81.47,67.73,83.69,76.21
83.13,83.13,67.76,82.27,76.99
83.93,83.93,69.62,82.41,76.64
84.30,84.30,70.05,81.25,77.07
83.33,83.33,72.89,76.29,76.15
81.00,81.00,84.66,69.66,75.15
81.14,81.14,88.25,70.20,70.80
79.78,79.78,80.11,76.86,71.04
80.51,80.51,77.27,79.69,73.76
81.31,81.31,74.29,81.70,74.43
82.14,82.14,73.43,81.53,75.20
75.87,75.87,74.60,82.24,76.67
71.72,71.72,68.79,82.57,76.04
70.59,70.59,73.26,82.85,77.42
65.86,65.86,68.36,81.87,77.28
63.19,63.19,68.76,82.90,79.02
67.70,67.70,68.65,83.21,77.85
72.71,72.71,66.20,82.59,79.86
74.67,74.67,66.79,83.65,78.01
76.92,76.92,69.93,83.30,75.97
81.44,81.44,80.46,77.24,74.93
80.50,80.50,83.67,73.77,72.85
80.07,80.07,79.98,76.91,72.76
79.86,79.86,75.32,79.43,73.38
78.90,78.90,73.79,80.58,72.42
78.93,78.93,73.51,81.03,73.72
80.24,80.24,72.73,82.15,74.90
82.09,82.09,72.32,80.73,75.59
83.56,83.56,72.34,79.55,76.31
83.70,83.70,70.87,80.76,75.53
83.90,83.90,70.46,81.66,77.01
84.23,84.23,71.49,80.54,76.40
84.22,84.22,69.90,81.33,77.36
84.57,84.57,69.77,80.70,76.69
82.86,82.86,71.03,80.90,74.50
82.60,82.60,69.57,82.51,72.22
83.46,83.46,69.38,83.52,75.27
84.06,84.06,67.79,81.76,75.31
82.49,82.49,67.86,81.65,74.40
81.28,81.28,68.20,81.21,76.46
78.60,78.60,69.28,81.05,76.46
68.21,68.21,69.10,80.68,78.48
70.36,70.36,68.59,81.41,77.75
68.91,68.91,67.82,80.84,78.67
66.76,66.76,67.75,80.42,80.43
63.07,63.07,65.98,79.96,80.48
65.03,65.03,66.02,79.39,78.31
70.10,70.10,70.18,78.07,77.94
77.97,77.97,73.72,77.31,76.30
75.84,75.84,88.29,77.67,73.63
79.10,79.10,81.41,73.96,74.53
82.63,82.63,82.15,73.26,73.69
80.67,80.67,79.21,79.50,72.84
81.65,81.65,77.62,80.40,73.62
75.64,75.64,70.15,78.58,74.23
78.29,78.29,72.30,78.24,74.48
81.94,81.94,72.82,78.66,75.80
82.99,82.99,71.34,79.88,75.38
80.55,80.55,71.46,80.19,74.82
80.79,80.79,72.22,80.84,76.65
80.64,80.64,71.94,81.42,73.32
80.81,80.81,73.44,80.54,75.92
81.95,81.95,71.30,80.80,77.03
83.60,83.60,70.66,81.49,77.29
83.58,83.58,70.89,80.55,76.36
84.55,84.55,69.98,79.95,77.43
81.86,81.86,68.39,80.98,76.52
82.46,82.46,69.08,81.39,76.61
81.07,81.07,69.11,81.85,76.39
79.47,79.47,68.45,81.08,76.88
79.56,79.56,67.93,81.76,76.88
79.29,79.29,67.78,82.23,76.42
79.85,79.85,67.82,81.99,76.85
80.58,80.58,68.14,82.63,76.45
81.72,81.72,67.46,82.61,77.75
82.59,82.59,67.27,82.32,77.14
83.04,83.04,67.71,82.20,77.62
82.25,82.25,69.33,82.27,76.64
75.28,75.28,73.34,83.40,73.30
72.60,72.60,86.60,82.61,71.06
68.50,68.50,82.83,81.00,72.58
70.41,70.41,78.61,80.96,73.87
74.37,74.37,75.59,81.17,74.90
66.60,66.60,75.32,82.71,75.83
57.77,57.77,73.81,81.83,75.73
65.08,65.08,72.79,82.18,77.71
57.21,57.21,71.68,82.79,77.79
50.72,50.72,71.37,83.59,77.43
50.93,50.93,71.37,81.99,78.59
49.15,49.15,71.16,82.08,78.40
50.97,50.97,72.27,82.21,78.58
52.88,52.88,72.07,82.51,78.23
49.53,49.53,73.25,81.77,78.12
50.86,50.86,72.71,81.28,77.88
51.18,51.18,72.44,82.89,79.31
48.62,48.62,71.66,82.28,80.17
51.27,51.27,71.13,82.02,79.49
50.20,50.20,70.65,82.31,79.16
44.04,44.04,69.16,83.07,78.19
48.20,48.20,69.41,82.50,78.89
50.46,50.46,69.84,81.04,79.78
47.21,47.21,68.40,81.87,80.36
53.64,53.64,68.79,81.94,80.06
61.24,61.24,68.79,82.46,80.23
64.53,64.53,68.64,82.56,78.85
69.58,69.58,70.38,82.03,80.02
72.57,72.57,72.17,80.91,78.81
84.28,84.28,73.74,79.62,79.89
79.50,79.50,87.85,81.37,71.98
78.74,78.74,80.35,80.56,72.83
77.61,77.61,79.71,81.60,72.98
77.91,77.91,76.25,82.02,74.62
77.45,77.45,74.38,81.80,74.52
78.38,78.38,71.94,82.47,76.43
80.45,80.45,73.15,81.75,77.19
82.19,82.19,71.11,82.18,77.36
84.34,84.34,69.68,82.56,78.05
84.93,84.93,70.39,83.13,77.78
79.19,79.19,69.76,81.59,76.22
78.92,78.92,70.65,80.33,78.12
81.87,81.87,71.09,80.68,77.14
81.83,81.83,77.32,80.99,76.44
78.34,78.34,88.01,79.48,72.96
77.94,77.94,80.18,74.70,74.62
81.06,81.06,77.89,74.96,74.16
83.93,83.93,74.03,68.43,76.75
84.05,84.05,72.57,71.44,74.86
83.52,83.52,74.61,70.18,76.22
82.14,82.14,69.17,70.01,76.52
80.10,80.10,68.25,74.07,76.47
79.10,79.10,70.74,76.47,77.03
79.46,79.46,69.76,76.70,79.75
82.95,82.95,66.61,74.66,79.32
83.98,83.98,67.93,77.07,78.49
84.05,84.05,68.79,77.15,78.32
84.61,84.61,72.38,76.73,76.06
81.02,81.02,71.95,75.80,75.37
79.79,79.79,86.31,75.55,73.73
77.76,77.76,83.21,75.29,72.02
78.77,78.77,78.67,79.86,73.65
79.26,79.26,75.65,79.22,71.61
79.70,79.70,77.24,79.50,73.38
80.90,80.90,74.06,78.82,73.77
80.56,80.56,73.03,79.08,76.09
79.59,79.59,72.65,79.18,74.96
81.57,81.57,71.83,78.08,75.93
81.08,81.08,71.35,78.40,76.43
72.38,72.38,71.90,80.84,76.45
68.91,68.91,71.71,79.06,76.55
69.95,69.95,72.35,72.26,78.54
69.50,69.50,77.63,74.20,76.04
81.83,81.83,88.16,71.28,74.51
81.38,81.38,80.86,70.91,75.96
77.64,77.64,85.01,76.63,75.85
82.06,82.06,79.88,80.37,77.22
82.38,82.38,78.70,79.85,75.04
82.15,82.15,80.69,81.60,75.41
83.20,83.20,73.96,81.20,74.76
83.29,83.29,76.23,79.51,73.95
83.20,83.20,74.72,80.67,76.00
81.73,81.73,69.03,81.01,76.11
77.46,77.46,72.37,81.47,75.70
76.29,76.29,70.36,80.88,77.43
77.26,77.26,69.67,82.44,76.73
80.26,80.26,72.39,81.37,76.18
79.21,79.21,78.70,79.64,74.71
76.69,76.69,88.58,76.17,72.78
78.06,78.06,77.20,75.15,73.08
79.88,79.88,82.36,71.58,75.42
80.25,80.25,78.40,67.27,75.81
78.92,78.92,74.61,71.27,76.82
77.61,77.61,72.03,73.06,76.28
79.57,79.57,71.57,75.16,78.11
84.13,84.13,70.06,75.29,76.09
84.27,84.27,70.92,73.97,77.43
81.74,81.74,71.21,73.26,78.17
82.94,82.94,70.32,74.98,77.85
84.44,84.44,70.33,75.69,76.51
85.11,85.11,71.61,76.65,78.22
85.57,85.57,69.44,69.47,78.02
85.28,85.28,68.65,72.63,78.55
84.43,84.43,70.39,70.40,77.61
83.45,83.45,69.50,70.72,78.08
82.95,82.95,68.40,72.84,78.05
85.13,85.13,67.03,73.63,77.66
83.91,83.91,68.43,71.93,78.30
83.12,83.12,67.70,73.12,79.48
83.24,83.24,66.65,74.89,80.05
83.86,83.86,66.41,70.95,78.51
82.12,82.12,66.43,72.89,80.82
82.40,82.40,67.47,67.35,79.00
82.95,82.95,67.54,68.67,79.80
82.43,82.43,67.38,69.24,79.52
79.08,79.08,72.82,69.23,77.27
75.76,75.76,75.52,71.96,73.36
74.17,74.17,87.96,78.70,74.46
72.67,72.67,83.64,76.94,73.45
66.28,66.28,81.06,76.01,74.89
60.12,60.12,76.03,76.97,75.14
63.88,63.88,74.59,75.43,75.43
62.11,62.11,74.38,77.83,75.96
63.23,63.23,73.86,78.35,78.20
59.16,59.16,73.50,78.52,79.15
59.34,59.34,73.68,77.80,78.29
56.16,56.16,72.24,76.93,78.89
54.29,54.29,73.76,76.98,79.44
53.35,53.35,74.75,77.90,78.77
53.34,53.34,73.94,77.19,79.69
53.54,53.54,74.41,78.11,79.33
55.29,55.29,73.81,77.45,78.41
52.03,52.03,72.98,77.72,79.43
46.74,46.74,72.17,77.96,80.17
50.64,50.64,70.87,75.21,79.88
48.28,48.28,69.46,76.94,80.60
45.88,45.88,69.10,76.62,79.99
43.33,43.33,69.19,76.23,82.01
46.42,46.42,68.82,74.84,80.48
49.07,49.07,68.29,77.60,80.93
47.94,47.94,68.29,75.74,80.72
51.52,51.52,68.15,78.12,81.06
56.11,56.11,70.29,73.70,80.61
61.63,61.63,76.58,65.16,79.11
71.07,71.07,84.77,67.61,77.60
78.93,78.93,87.48,60.50,74.87
79.49,79.49,77.41,60.50,74.34
78.12,78.12,84.29,69.83,75.11
81.57,81.57,78.77,72.06,77.11
79.60,79.60,74.22,72.12,75.59
83.88,83.88,74.36,73.90,75.10
84.33,84.33,73.28,72.02,77.43
85.18,85.18,70.89,72.93,77.16
82.18,82.18,69.92,73.48,77.64
79.88,79.88,70.05,72.26,78.28
80.97,80.97,70.00,72.34,77.84
79.52,79.52,68.63,67.52,77.92
75.22,75.22,70.64,64.74,78.40
75.34,75.34,73.30,61.52,77.90
75.77,75.77,84.37,68.23,75.66
78.26,78.26,89.23,71.95,73.10
80.30,80.30,79.95,72.05,74.33
79.42,79.42,78.86,72.38,74.59
81.19,81.19,75.17,71.67,75.66
83.10,83.10,75.44,72.79,76.29
83.40,83.40,73.93,75.11,76.31
83.81,83.81,71.55,75.51,76.99
83.93,83.93,71.92,77.07,77.40
81.71,81.71,68.67,76.76,78.50
77.17,77.17,67.23,76.55,79.51
75.98,75.98,68.54,75.39,78.84
82.05,82.05,67.47,75.28,77.82
79.48,79.48,68.60,76.57,78.25
84.35,84.35,71.25,75.29,78.60
83.67,83.67,75.68,71.60,75.08
77.11,77.11,85.56,72.37,74.17
74.06,74.06,81.13,72.63,73.84
74.59,74.59,78.15,72.47,74.89
76.82,76.82,76.68,70.69,76.22
78.79,78.79,74.81,72.41,74.67
80.56,80.56,74.65,71.87,74.87
78.66,78.66,73.90,74.10,75.59
76.92,76.92,72.29,74.02,76.25
79.49,79.49,72.30,73.02,76.23
80.97,80.97,71.44,68.57,75.73
82.91,82.91,72.59,71.38,76.99
83.13,83.13,71.75,67.39,77.11
73.98,73.98,72.51,72.96,76.73
85.32,85.32,71.91,79.86,75.28
84.26,84.26,71.29,76.81,75.68
81.96,81.96,70.60,73.87,75.20
84.58,84.58,70.06,75.09,75.44
82.45,82.45,70.34,72.81,76.38
74.50,74.50,70.28,73.18,77.48
60.82,60.82,69.27,75.37,78.51
61.21,61.21,69.99,76.56,78.32
63.68,63.68,69.47,76.49,77.99
62.20,62.20,67.34,74.61,79.41
65.66,65.66,66.04,74.88,79.06
67.08,67.08,64.15,76.88,79.50
70.14,70.14,63.72,70.78,80.13
71.99,71.99,70.05,72.02,79.07
73.18,73.18,74.74,66.47,80.59
77.50,77.50,87.73,71.73,77.99
75.10,75.10,86.55,70.72,75.64
77.23,77.23,79.18,74.41,73.64
78.44,78.44,84.42,79.25,73.50
81.04,81.04,74.37,82.95,73.89
82.57,82.57,71.15,82.19,74.31
77.28,77.28,71.64,81.09,74.07
77.87,77.87,71.92,83.25,76.91
83.95,83.95,71.26,82.27,75.16
82.07,82.07,70.30,80.70,76.04
82.33,82.33,70.97,82.57,75.99
82.90,82.90,70.58,83.60,77.13
81.47,81.47,70.71,81.88,76.05
81.34,81.34,69.17,82.44,77.48
81.13,81.13,68.39,82.20,77.46
80.88,80.88,69.87,81.03,78.25
79.04,79.04,69.76,81.34,77.58
79.06,79.06,68.70,83.08,77.92
79.94,79.94,67.38,83.30,78.01
81.79,81.79,67.42,82.17,76.75
82.32,82.32,66.72,82.93,76.40
80.65,80.65,67.80,83.01,77.76
82.71,82.71,68.08,81.76,77.92
83.33,83.33,66.77,82.76,78.31
82.68,82.68,65.57,83.59,78.86
81.16,81.16,65.77,82.31,77.99
81.69,81.69,66.04,81.33,79.25
83.09,83.09,65.75,83.35,76.70
80.28,80.28,70.16,81.26,75.38
79.03,79.03,79.37,78.92,75.31
76.98,76.98,85.23,78.53,73.02
75.92,75.92,80.51,79.03,74.29
77.86,77.86,77.04,79.64,74.18
81.34,81.34,75.45,81.28,75.03
81.61,81.61,73.78,81.91,74.44
78.70,78.70,73.86,81.63,75.43
80.08,80.08,73.51,82.57,75.21
80.22,80.22,71.01,82.30,74.89
79.67,79.67,69.15,80.94,74.54
80.15,80.15,69.44,82.23,76.20
80.30,80.30,69.71,83.19,75.68
80.59,80.59,68.65,82.61,77.52
82.65,82.65,70.55,82.35,75.86
79.62,79.62,70.22,82.51,76.32
77.29,77.29,69.81,82.56,76.21
77.39,77.39,70.53,82.14,75.39
77.69,77.69,69.69,82.44,77.65
78.65,78.65,69.85,82.83,76.65
77.64,77.64,68.27,81.73,76.57
80.31,80.31,67.21,82.96,76.28
83.06,83.06,67.75,82.92,77.28
83.48,83.48,69.18,81.56,76.42
82.51,82.51,67.78,79.57,77.72
82.73,82.73,67.84,80.92,77.49
80.82,80.82,67.37,81.55,78.40
78.90,78.90,67.60,80.88,78.04
82.23,82.23,69.01,80.02,78.30
83.12,83.12,71.51,79.05,77.94
81.62,81.62,86.93,77.45,75.45
80.86,80.86,84.66,70.95,73.40
82.25,82.25,78.67,60.32,74.80
82.12,82.12,84.26,71.89,74.71
82.05,82.05,76.26,78.43,75.50
82.66,82.66,73.49,77.00,74.62
83.31,83.31,76.09,78.68,75.48
84.74,84.74,75.51,78.22,75.64
84.70,84.70,73.42,77.09,76.09
84.05,84.05,72.03,76.73,76.92
83.28,83.28,70.07,78.84,76.55
82.81,82.81,70.76,79.04,75.84
81.64,81.64,70.55,78.24,77.94
80.95,80.95,70.12,77.10,77.83
81.25,81.25,72.72,76.53,77.17
77.94,77.94,86.41,76.00,75.91
77.17,77.17,83.54,71.22,71.37
78.97,78.97,80.11,77.29,73.42
80.44,80.44,83.61,80.58,73.91
80.75,80.75,74.09,79.24,75.15
81.85,81.85,79.11,79.57,76.31
83.89,83.89,71.16,81.25,76.36
84.40,84.40,72.17,82.46,75.03
82.80,82.80,72.17,82.69,75.80
81.41,81.41,66.16,81.59,76.31
81.32,81.32,66.84,81.93,77.43
82.90,82.90,67.66,81.79,77.28
83.13,83.13,69.93,80.07,76.28
82.39,82.39,73.01,80.65,74.02
78.89,78.89,86.32,77.37,74.28
78.24,78.24,83.13,76.31,75.12
79.36,79.36,79.62,73.74,75.30
79.02,79.02,77.37,71.54,75.70
81.44,81.44,75.55,71.18,74.24
83.69,83.69,73.85,75.66,74.38
84.54,84.54,72.49,74.96,76.09
83.99,83.99,72.41,75.99,76.88
83.84,83.84,73.01,76.54,76.21
83.87,83.87,71.37,76.03,77.28
84.71,84.71,71.31,74.76,76.21
84.18,84.18,69.66,76.67,75.47
82.78,82.78,70.68,79.83,77.14
83.30,83.30,69.90,77.19,76.39
83.91,83.91,69.19,77.19,76.80
84.13,84.13,70.34,76.29,76.51
83.75,83.75,69.35,75.82,77.59
82.68,82.68,68.29,80.70,76.82
80.40,80.40,68.94,81.65,75.25
80.95,80.95,68.49,81.86,77.35
80.85,80.85,68.83,81.58,76.91
80.41,80.41,69.22,81.42,78.29
80.17,80.17,68.87,82.07,76.89
79.73,79.73,69.26,82.26,77.38
81.04,81.04,68.01,81.25,78.37
81.38,81.38,68.89,79.85,77.75
82.47,82.47,66.03,81.72,76.27
83.29,83.29,67.72,82.18,78.47
83.94,83.94,68.11,80.03,77.74
82.66,82.66,75.64,76.88,77.74
79.71,79.71,84.78,75.98,76.03
79.13,79.13,86.83,68.18,72.57
78.81,78.81,79.17,76.01,72.77
79.39,79.39,84.63,78.65,72.87
81.06,81.06,77.60,80.18,73.99
82.03,82.03,75.83,80.05,74.01
82.40,82.40,73.44,80.92,75.84
82.16,82.16,71.96,82.87,75.48
83.45,83.45,73.39,82.84,75.49
84.24,84.24,72.11,83.04,76.48
84.06,84.06,70.55,83.17,74.97
82.86,82.86,70.24,82.44,75.94
82.23,82.23,68.99,81.42,75.56
82.61,82.61,70.59,80.58,75.92
83.24,83.24,69.63,72.42,76.94
83.38,83.38,68.86,74.75,76.62
83.04,83.04,67.78,79.87,75.94
82.29,82.29,68.63,81.38,77.33
82.37,82.37,68.35,82.10,77.01
82.72,82.72,66.88,82.40,77.14
83.31,83.31,67.06,81.25,78.09
81.64,81.64,67.10,81.85,78.18
77.30,77.30,67.20,81.85,77.49
80.62,80.62,66.23,82.21,78.12
81.28,81.28,66.06,80.93,78.64
81.78,81.78,66.64,81.35,77.55
82.87,82.87,66.94,80.70,78.03
83.86,83.86,69.21,78.65,76.13
83.63,83.63,76.11,77.40,74.63
81.74,81.74,87.20,65.74,74.08
79.30,79.30,82.85,74.63,74.37
78.14,78.14,78.91,78.30,75.43
77.26,77.26,77.07,80.47,76.02
78.23,78.23,74.81,80.70,76.46
79.34,79.34,73.67,80.67,75.57
80.75,80.75,73.14,81.86,74.72
81.55,81.55,72.55,82.00,75.93
80.58,80.58,70.90,81.20,77.28
80.03,80.03,70.98,81.72,75.84
79.74,79.74,70.54,82.51,77.20
77.96,77.96,71.15,81.28,76.59
80.42,80.42,71.48,79.05,76.74
83.11,83.11,71.23,78.60,77.75
83.42,83.42,70.62,74.02,76.84
82.94,82.94,71.22,79.21,76.77
81.75,81.75,69.31,81.18,75.04
82.58,82.58,68.71,82.87,76.45
83.62,83.62,67.92,82.29,75.82
84.20,84.20,67.81,82.28,75.93
84.62,84.62,67.90,81.12,75.83
84.66,84.66,67.95,80.86,76.89
84.38,84.38,67.35,81.92,76.87
84.41,84.41,66.66,81.91,77.99
83.98,83.98,65.73,80.89,79.16
83.54,83.54,66.10,81.68,76.94
83.11,83.11,66.09,81.92,78.41
83.31,83.31,68.98,78.26,77.31
81.53,81.53,75.18,74.07,75.94
80.09,80.09,87.04,69.94,74.77
80.03,80.03,84.07,68.93,73.00
80.44,80.44,79.62,68.84,73.78
80.60,80.60,83.44,75.77,74.69
80.93,80.93,79.10,81.57,75.28
77.98,77.98,74.48,81.34,75.43
74.85,74.85,73.73,78.98,76.90
67.22,67.22,72.47,78.47,76.61
64.69,64.69,74.53,81.03,76.33
66.11,66.11,74.32,82.10,77.61
65.15,65.15,73.15,81.33,78.34
63.43,63.43,71.32,82.57,78.26
61.57,61.57,72.27,81.10,78.30
61.19,61.19,76.04,80.28,76.25
62.31,62.31,82.13,79.98,77.31
56.38,56.38,85.57,79.45,74.86
50.34,50.34,78.92,79.40,74.73
51.79,51.79,77.47,82.68,75.78
50.64,50.64,74.67,82.79,73.10
50.32,50.32,73.18,81.73,74.62
54.15,54.15,73.74,81.26,73.79
57.09,57.09,83.83,81.81,75.78
52.82,52.82,85.41,81.31,74.83
50.14,50.14,80.62,81.65,75.09
51.12,51.12,77.28,83.47,77.22
51.13,51.13,75.80,83.13,77.59
47.32,47.32,74.17,81.26,76.90
44.07,44.07,74.52,83.03,76.47
43.20,43.20,81.65,81.32,75.03
41.41,41.41,85.67,78.94,73.83
39.33,39.33,82.40,79.35,74.66
41.28,41.28,76.67,81.88,75.12
37.19,37.19,75.01,83.08,75.07
33.86,33.86,72.57,82.74,75.24
37.59,37.59,71.40,80.54,76.38
36.92,36.92,69.95,82.04,77.04
29.65,29.65,68.82,82.28,77.57
30.04,30.04,68.54,81.69,77.33
32.82,32.82,69.08,83.37,76.93
27.85,27.85,67.71,83.35,76.67
22.36,22.36,68.57,82.77,78.49
20.39,20.39,69.61,82.98,77.80
16.11,16.11,71.66,78.00,76.96
16.00,16.00,77.24,76.11,78.88
14.41,14.41,76.36,82.48,77.40
12.92,12.92,72.73,79.62,76.41
13.70,13.70,72.63,80.27,77.49
15.62,15.62,69.26,83.05,76.52
16.66,16.66,69.40,82.88,75.88
14.14,14.14,69.03,81.56,77.14
13.66,13.66,68.76,81.21,77.20
14.37,14.37,68.18,78.58,77.77
16.81,16.81,67.20,77.05,78.71
16.81,16.81,67.01,77.10,78.12
17.17,17.17,67.22,77.35,78.77
18.27,18.27,68.36,77.55,79.24
15.59,15.59,70.60,68.06,77.86
11.23,11.23,80.02,74.90,76.79
15.58,15.58,89.11,74.72,72.46
14.47,14.47,80.55,75.75,74.59
12.49,12.49,83.60,74.89,75.35
15.32,15.32,77.55,75.25,76.38
21.79,21.79,78.81,72.07,76.71
16.61,16.61,80.78,69.43,78.60
20.15,20.15,78.43,75.45,78.45
21.93,21.93,79.17,75.91,77.80
18.01,18.01,78.13,73.53,78.88
16.81,16.81,78.45,72.96,81.16
22.19,22.19,79.16,68.12,79.13
18.33,18.33,77.65,77.51,79.27
21.97,21.97,79.50,73.63,80.48
18.38,18.38,77.48,71.01,79.50
20.06,20.06,77.05,69.03,81.71
20.59,20.59,76.44,72.73,83.18
28.91,28.91,76.70,70.42,80.15
34.24,34.24,76.93,71.03,82.50
31.95,31.95,77.04,71.67,82.34
22.56,22.56,76.54,65.17,82.67
18.92,18.92,76.55,63.08,79.73
17.39,17.39,76.34,67.56,81.41
21.70,21.70,77.55,64.00,80.67
22.46,22.46,77.25,60.63,80.62
24.86,24.86,77.45,66.22,81.04
26.73,26.73,76.87,62.93,79.91
25.41,25.41,78.09,62.85,81.04
24.77,24.77,77.10,63.31,80.38
20.92,20.92,80.37,64.92,79.96
22.58,22.58,83.60,78.83,80.03
27.86,27.86,78.96,67.56,79.60
34.68,34.68,78.60,80.78,79.48
33.02,33.02,76.59,79.98,79.64
27.76,27.76,76.35,77.58,80.20
26.28,26.28,75.79,75.49,79.19
24.23,24.23,76.03,72.84,81.10
24.55,24.55,76.52,75.73,80.89
23.54,23.54,76.45,75.87,80.11
21.87,21.87,75.70,69.98,81.43
22.19,22.19,75.88,72.47,82.04
24.14,24.14,75.88,65.79,82.99
23.06,23.06,74.70,63.78,80.68
23.30,23.30,75.48,63.70,80.54
25.87,25.87,88.66,72.18,78.49
30.18,30.18,87.18,76.65,76.17
29.67,29.67,80.52,76.76,78.40
26.91,26.91,82.21,77.99,78.28
28.17,28.17,76.12,78.55,80.14
32.42,32.42,75.59,80.07,79.97
32.33,32.33,75.24,78.39,80.35
35.25,35.25,74.89,76.62,82.30
37.98,37.98,74.80,78.48,82.45
39.94,39.94,71.78,78.89,80.38
37.45,37.45,71.25,78.24,82.85
34.08,34.08,73.13,79.21,82.21
35.75,35.75,73.20,79.78,81.83
29.55,29.55,74.19,79.69,82.07
28.89,28.89,71.56,76.35,82.09
29.20,29.20,72.96,76.75,80.99
34.33,34.33,71.52,78.43,82.60
30.43,30.43,70.46,74.07,81.44
33.84,33.84,69.55,74.73,83.43
27.36,27.36,68.59,71.69,81.19
28.75,28.75,68.38,74.61,82.74
27.57,27.57,68.38,73.35,83.57
29.15,29.15,68.71,76.50,80.92
29.42,29.42,68.36,74.65,82.81
29.86,29.86,68.40,73.60,81.63
23.96,23.96,68.56,73.13,81.67
22.21,22.21,67.23,70.84,81.13
24.47,24.47,67.46,76.60,82.25
30.17,30.17,69.22,70.13,82.78
37.00,37.00,68.93,70.24,81.96
35.21,35.21,67.78,73.36,81.74
47.42,47.42,67.46,71.12,82.36
50.37,50.37,68.34,69.51,81.80
49.14,49.14,68.71,68.71,82.91
48.27,48.27,70.08,60.71,81.01
44.81,44.81,71.98,60.99,83.85
45.44,45.44,73.18,53.18,83.20
42.76,42.76,70.65,52.78,83.63
42.81,42.81,69.65,57.44,83.82
50.99,50.99,70.90,53.40,83.42
46.21,46.21,70.32,56.72,83.05
44.48,44.48,70.88,59.65,81.89
43.71,43.71,76.13,68.34,78.99
42.96,42.96,86.13,82.14,78.06
37.59,37.59,82.85,80.78,76.75
32.89,32.89,79.88,72.48,76.98
35.42,35.42,78.60,74.23,78.21
36.51,36.51,77.21,76.73,77.00
41.70,41.70,76.47,79.43,75.40
45.25,45.25,77.37,74.25,75.52
53.43,53.43,76.68,78.73,76.59
59.65,59.65,76.09,78.89,77.41
55.85,55.85,75.33,78.92,77.89
53.50,53.50,74.63,79.84,76.65
49.43,49.43,74.19,80.75,74.96
48.18,48.18,72.54,80.39,77.01
54.60,54.60,71.47,80.26,76.60
57.58,57.58,69.93,79.90,79.88
54.95,54.95,69.80,79.60,80.96
59.39,59.39,68.65,79.87,79.50
60.44,60.44,69.86,79.61,79.44
51.31,51.31,68.77,80.16,76.69
58.97,58.97,67.74,80.68,76.91
61.89,61.89,67.54,80.05,76.85
62.37,62.37,68.54,80.14,77.94
63.87,63.87,67.00,80.24,78.12
62.27,62.27,66.01,80.33,80.61
61.71,61.71,65.57,80.42,80.78
61.69,61.69,67.43,81.01,79.09
56.42,56.42,67.03,81.61,76.88
55.20,55.20,69.03,80.64,78.24
59.83,59.83,72.45,77.78,77.08
57.34,57.34,81.99,73.82,76.71
57.67,57.67,90.29,69.64,73.61
58.06,58.06,82.70,60.14,76.58
56.33,56.33,84.19,63.74,79.52
56.90,56.90,78.84,57.75,78.56
54.68,54.68,74.65,56.19,77.53
46.76,46.76,71.63,61.72,79.37
54.26,54.26,69.49,48.26,77.40
55.19,55.19,70.80,52.16,78.98
47.56,47.56,70.81,55.44,79.11
42.02,42.02,69.43,64.81,79.66
40.20,40.20,68.82,68.51,81.98
44.98,44.98,69.84,68.86,79.67
49.74,49.74,72.30,67.18,77.70
40.34,40.34,78.25,72.31,75.82
35.35,35.35,77.70,83.97,73.94
38.04,38.04,76.06,81.02,73.77
43.31,43.31,73.78,76.56,74.49
43.73,43.73,75.18,76.59,71.85
43.05,43.05,74.56,75.21,72.12
42.25,42.25,75.33,76.26,70.49
44.05,44.05,76.50,79.57,70.59
43.70,43.70,79.18,81.38,69.59
42.74,42.74,71.53,80.70,68.65
44.62,44.62,73.52,78.93,71.09
43.97,43.97,70.84,81.73,72.15
39.89,39.89,72.68,82.23,72.98
36.09,36.09,72.18,80.72,75.21
33.92,33.92,72.61,80.14,76.43
32.84,32.84,77.04,79.72,77.03
32.35,32.35,82.02,77.83,78.04
33.33,33.33,79.06,73.05,76.86
38.21,38.21,76.10,80.05,75.31
38.93,38.93,75.24,74.90,73.41
41.28,41.28,75.47,73.18,73.57
40.88,40.88,75.29,70.09,73.04
43.40,43.40,74.03,69.61,73.52
43.84,43.84,75.93,73.81,75.06
40.99,40.99,74.70,67.82,75.35
40.85,40.85,75.08,63.36,75.46
49.42,49.42,73.63,59.59,80.36
55.88,55.88,72.99,53.04,78.01
50.38,50.38,73.36,47.84,78.59
45.70,45.70,75.96,53.03,79.35
44.71,44.71,91.61,58.63,78.72
41.22,41.22,84.51,41.37,77.75
39.54,39.54,82.82,50.02,77.75
38.35,38.35,81.53,49.32,77.37
36.30,36.30,73.90,51.14,77.12
36.46,36.46,71.53,62.50,76.61
39.27,39.27,71.68,67.98,75.43
46.02,46.02,68.35,74.55,75.61
57.46,57.46,71.89,72.95,73.89
59.56,59.56,65.67,68.82,75.36
53.30,53.30,69.74,68.91,78.74
64.06,64.06,67.26,67.46,78.99
62.81,62.81,66.28,63.18,78.88
58.88,58.88,67.40,68.96,79.10
52.14,52.14,66.81,83.73,77.53
48.47,48.47,66.02,81.31,75.69
55.27,55.27,68.34,79.06,75.01
57.60,57.60,67.67,80.18,78.86
51.40,51.40,66.00,80.93,78.16
51.95,51.95,65.20,79.57,79.10
55.67,55.67,64.83,79.77,79.33
61.04,61.04,64.92,79.93,77.54
62.23,62.23,65.95,79.40,76.99
54.61,54.61,66.31,80.66,75.11
55.10,55.10,64.73,79.97,76.58
58.63,58.63,65.85,80.10,76.09
54.95,54.95,67.07,78.01,77.54
54.18,54.18,68.51,76.20,76.39
61.99,61.99,73.33,70.92,78.13
64.54,64.54,84.05,68.79,78.43
59.01,59.01,83.09,64.99,77.28
50.65,50.65,79.03,63.86,75.12
43.42,43.42,79.28,63.68,76.01
51.87,51.87,76.68,56.57,75.03
56.77,56.77,77.27,48.12,76.71
56.23,56.23,78.46,48.89,77.35
57.09,57.09,75.90,44.37,78.33
55.33,55.33,76.29,45.24,79.43
57.18,57.18,75.89,45.30,79.12
59.40,59.40,75.76,47.72,77.13
55.31,55.31,75.47,51.05,76.79
59.30,59.30,72.46,45.51,76.93
62.88,62.88,71.49,57.19,75.59
63.89,63.89,75.34,59.96,76.50
61.33,61.33,76.80,69.68,77.78
60.73,60.73,77.19,84.93,78.73
63.67,63.67,76.82,81.34,79.17
65.82,65.82,76.66,79.63,77.74
59.36,59.36,76.73,79.86,75.35
56.48,56.48,75.17,79.87,76.15
63.71,63.71,74.35,81.57,75.36
66.16,66.16,72.68,81.22,75.31
66.20,66.20,73.02,81.34,76.24
62.26,62.26,70.92,80.68,78.55
59.99,59.99,69.45,80.90,80.15
59.91,59.91,69.26,80.60,77.99
58.57,58.57,71.10,80.59,76.95
54.98,54.98,72.46,81.57,76.36
58.68,58.68,72.93,81.94,76.59
59.07,59.07,71.98,82.67,79.00
56.63,56.63,71.93,83.62,77.52
60.28,60.28,71.80,80.83,78.66
60.06,60.06,71.48,79.59,78.90
63.51,63.51,69.54,83.10,77.36
66.03,66.03,69.39,83.50,75.79
55.55,55.55,68.59,83.70,76.31
56.67,56.67,67.51,83.60,76.81
62.50,62.50,67.46,81.39,75.23
62.03,62.03,67.41,83.49,77.18
66.02,66.02,66.25,82.33,76.46
67.58,67.58,66.29,77.05,77.44
67.15,67.15,68.95,65.92,79.47
67.53,67.53,75.04,70.75,76.95
63.80,63.80,90.51,77.34,75.20
62.31,62.31,81.75,76.20,74.19
66.95,66.95,83.92,77.63,74.19
67.83,67.83,81.64,78.99,74.91
67.52,67.52,73.75,77.34,75.91
67.66,67.66,69.94,77.58,77.45
69.53,69.53,70.43,78.24,77.65
71.68,71.68,69.33,78.09,76.44
69.40,69.40,71.47,80.02,77.01
58.72,58.72,71.00,79.23,76.63
59.47,59.47,70.87,78.11,77.07
62.62,62.62,68.62,77.05,76.02
62.31,62.31,69.51,76.71,76.92
62.59,62.59,67.66,75.41,75.93
61.65,61.65,71.08,72.85,79.09
64.01,64.01,72.19,72.52,79.96
66.27,66.27,71.57,67.47,76.33
60.66,60.66,69.19,74.61,77.59
58.53,58.53,67.97,63.99,77.65
65.83,65.83,68.12,62.73,75.73
65.22,65.22,67.51,69.42,78.17
64.12,64.12,66.56,60.16,78.14
63.28,63.28,67.47,67.73,77.20
60.54,60.54,66.69,67.56,80.62
64.36,64.36,66.20,57.54,80.16
65.33,65.33,66.66,59.33,78.68
59.74,59.74,67.99,60.98,77.22
59.61,59.61,68.25,61.51,74.74
57.16,57.16,76.13,65.76,75.68
56.93,56.93,85.35,72.71,78.68
60.63,60.63,81.20,76.51,77.85
61.96,61.96,78.83,71.79,77.03
59.01,59.01,77.41,74.04,76.97
57.77,57.77,76.13,71.95,78.44
62.28,62.28,77.94,66.57,78.35
57.65,57.65,77.92,65.58,75.86
53.67,53.67,77.36,63.04,75.78
57.25,57.25,76.85,66.68,76.47
62.59,62.59,76.70,65.08,76.05
66.19,66.19,75.34,61.33,77.13
65.12,65.12,74.42,53.24,74.95
67.70,67.70,71.98,54.05,76.35
69.74,69.74,73.18,59.22,75.58
65.20,65.20,84.14,72.11,76.04
57.10,57.10,89.39,74.65,72.81
52.08,52.08,83.11,76.69,74.42
45.22,45.22,82.12,76.62,74.52
44.47,44.47,79.59,78.78,77.70
41.44,41.44,76.41,77.02,76.03
50.24,50.24,67.21,76.94,77.19
46.25,46.25,68.34,77.10,75.14
47.17,47.17,69.99,75.07,76.89
43.42,43.42,69.81,79.30,75.15
43.95,43.95,72.78,81.91,76.48
48.75,48.75,71.61,81.70,77.77
50.20,50.20,71.92,81.19,75.34
51.67,51.67,67.29,80.51,76.90
43.78,43.78,68.21,78.23,74.81
38.49,38.49,62.60,73.16,76.89
38.08,38.08,60.95,75.58,75.32
43.67,43.67,56.76,72.83,76.35
41.37,41.37,58.83,71.97,77.16
40.32,40.32,61.53,72.95,77.56
52.58,52.58,63.99,73.16,78.55
48.79,48.79,60.98,76.46,79.69
47.85,47.85,59.34,76.66,77.98
43.65,43.65,60.34,74.23,78.96
49.57,49.57,60.56,74.46,78.42
45.38,45.38,60.14,73.93,78.98
51.48,51.48,61.56,70.84,79.15
44.52,44.52,61.83,65.47,79.77
49.98,49.98,61.09,62.70,78.88
55.28,55.28,62.84,58.96,79.64
63.67,63.67,64.76,55.95,78.56
67.96,67.96,64.97,57.32,78.59
63.10,63.10,65.50,57.65,78.97
59.93,59.93,63.09,55.91,79.27
61.12,61.12,63.40,56.82,81.14
60.40,60.40,65.41,52.18,80.60
57.16,57.16,65.35,50.66,78.45
55.16,55.16,65.53,56.71,77.68
56.62,56.62,63.67,59.14,77.04
60.90,60.90,65.89,58.94,77.31
59.64,59.64,65.31,47.75,77.98
58.69,58.69,66.38,52.18,77.91
60.68,60.68,68.09,58.70,79.61
61.18,61.18,81.55,67.70,78.12
56.28,56.28,84.29,84.85,77.27
51.92,51.92,81.24,81.68,74.20
54.26,54.26,78.45,79.90,75.61
58.01,58.01,77.73,80.24,73.81
60.81,60.81,77.57,80.26,73.70
62.23,62.23,76.54,80.51,76.69
61.64,61.64,75.99,80.97,76.61
62.97,62.97,77.09,80.78,78.87
63.15,63.15,76.44,80.82,79.13
59.25,59.25,75.36,80.78,78.45
54.38,54.38,74.72,80.80,76.57
60.73,60.73,74.26,80.35,78.27
64.26,64.26,72.96,80.77,78.20
62.48,62.48,71.42,81.25,79.04
59.57,59.57,69.97,81.10,78.90
60.70,60.70,70.09,80.78,80.16
59.24,59.24,69.96,80.35,78.49
57.24,57.24,69.42,82.21,77.04
55.90,55.90,67.10,82.66,76.41
44.94,44.94,64.92,78.54,73.06
44.11,44.11,63.55,81.17,73.73
45.59,45.59,63.03,83.06,73.91
46.35,46.35,62.41,83.87,73.68
48.75,48.75,61.65,81.58,74.95
55.31,55.31,59.67,82.89,75.48
52.44,52.44,62.13,82.66,76.07
62.78,62.78,64.61,81.87,76.00
66.61,66.61,66.33,81.25,78.04
62.24,62.24,76.51,79.55,76.68
59.13,59.13,89.71,74.93,75.56
52.41,52.41,84.27,57.17,71.88
58.21,58.21,83.05,57.80,74.35
63.73,63.73,84.08,62.01,76.07
61.42,61.42,72.84,55.74,77.01
58.43,58.43,70.96,65.82,75.85
47.69,47.69,77.35,70.40,72.72
47.09,47.09,75.60,66.63,72.60
43.52,43.52,70.18,69.12,72.71
46.19,46.19,68.72,67.06,75.10
46.68,46.68,71.10,70.78,74.81
48.76,48.76,72.37,64.57,73.22
51.69,51.69,72.15,62.53,75.01
58.52,58.52,73.24,59.19,75.32
57.78,57.78,76.92,75.59,77.50
59.98,59.98,73.87,80.62,76.78
61.82,61.82,72.06,81.70,76.61
65.90,65.90,69.66,80.96,78.13
66.63,66.63,70.26,80.04,76.84
63.55,63.55,70.59,80.41,74.08
61.50,61.50,70.04,79.58,73.05
59.91,59.91,70.81,76.67,75.83
58.20,58.20,69.56,78.72,74.24
61.07,61.07,69.36,79.11,75.11
70.13,70.13,69.47,77.91,77.89
71.28,71.28,69.67,78.16,78.83
71.04,71.04,68.56,78.87,77.09
69.20,69.20,69.25,78.64,72.04
67.01,67.01,79.03,79.71,74.12
65.34,65.34,82.69,77.58,73.81
61.43,61.43,79.92,75.83,75.29
51.85,51.85,80.35,77.77,72.69
60.78,60.78,79.59,64.30,74.59
65.36,65.36,78.66,61.74,77.31
65.02,65.02,78.32,62.30,77.60
63.24,63.24,77.95,62.19,74.94
58.18,58.18,77.32,61.71,75.53
54.01,54.01,77.66,62.63,76.00
49.66,49.66,76.27,66.37,74.27
45.08,45.08,75.08,64.24,72.66
43.81,43.81,73.31,74.77,72.00
50.70,50.70,72.90,61.83,73.05
46.98,46.98,75.03,64.09,75.29
40.35,40.35,82.62,70.63,74.03
37.89,37.89,88.71,71.34,70.53
39.45,39.45,82.78,71.63,71.71
36.61,36.61,81.18,72.48,73.29
36.50,36.50,75.07,75.01,73.03
42.75,42.75,73.69,74.51,74.89
44.93,44.93,69.46,71.73,73.66
41.41,41.41,68.12,70.73,71.48
44.16,44.16,64.54,66.35,74.96
50.41,50.41,68.24,68.57,76.13
56.35,56.35,69.24,70.76,76.41
60.48,60.48,71.13,65.75,77.07
62.75,62.75,67.66,66.65,76.34
59.65,59.65,66.81,74.62,76.89
64.87,64.87,69.84,82.67,77.39
67.92,67.92,67.98,78.54,76.35
68.54,68.54,67.13,79.48,77.66
68.31,68.31,65.41,76.80,74.51
68.87,68.87,68.52,77.33,74.33
66.57,66.57,68.26,78.86,75.30
64.15,64.15,69.40,78.03,75.26
63.37,63.37,68.74,80.08,77.66
60.25,60.25,67.19,78.80,75.23
69.68,69.68,68.52,76.63,74.95
72.97,72.97,68.85,77.98,78.29
73.35,73.35,67.68,78.55,77.15
72.47,72.47,67.12,80.73,73.17
69.70,69.70,70.47,74.60,73.18
65.91,65.91,73.16,74.86,75.02
60.63,60.63,83.01,72.19,74.13
59.26,59.26,83.64,74.17,72.61
63.33,63.33,80.77,68.47,75.68
67.02,67.02,79.72,62.74,75.67
67.73,67.73,79.21,56.91,76.33
68.97,68.97,77.88,54.43,74.85
67.66,67.66,79.02,54.13,73.87
65.65,65.65,78.56,50.59,75.18
62.72,62.72,78.02,49.08,74.07
60.32,60.32,77.26,52.97,75.44
58.80,58.80,77.87,39.92,73.93
66.61,66.61,76.82,44.44,75.74
66.61,66.61,75.70,48.70,78.00
66.58,66.58,73.38,57.36,78.60
65.51,65.51,75.26,70.06,73.96
64.04,64.04,78.50,84.33,75.93
61.70,61.70,77.84,83.52,73.71
57.41,57.41,77.70,80.51,73.68
51.59,51.59,78.23,79.58,73.00
61.07,61.07,78.38,80.63,76.81
60.97,60.97,76.95,81.39,78.25
51.41,51.41,75.18,82.48,77.29
50.40,50.40,74.64,83.11,74.58
44.98,44.98,73.57,79.06,72.98
47.35,47.35,72.55,81.00,75.12
43.40,43.40,71.28,81.00,76.03
45.65,45.65,71.29,80.28,74.31
54.14,54.14,71.73,80.86,75.28
52.17,52.17,73.75,79.18,74.43
49.74,49.74,73.24,79.67,77.81
55.19,55.19,75.15,78.31,76.62
56.45,56.45,74.03,79.15,76.53
56.65,56.65,72.97,82.67,75.04
56.03,56.03,70.57,80.47,79.66
50.76,50.76,70.62,75.77,76.78
46.94,46.94,70.58,78.97,76.53
44.96,44.96,69.49,76.75,76.75
41.81,41.81,69.33,80.03,76.03
43.98,43.98,68.57,81.89,76.40
37.54,37.54,69.57,77.35,77.41
41.82,41.82,68.26,79.44,75.49
42.14,42.14,69.55,76.70,75.19
43.56,43.56,72.19,61.82,78.84
44.98,44.98,76.21,69.86,75.91
44.79,44.79,91.06,76.22,71.92
49.10,49.10,85.02,75.55,73.39
45.86,45.86,81.72,74.87,71.58
43.41,43.41,80.08,76.61,73.84
33.81,33.81,77.72,78.76,74.58
31.41,31.41,78.46,76.51,75.90
41.48,41.48,78.76,76.93,75.54
44.28,44.28,78.65,78.58,77.10
39.73,39.73,79.39,79.67,76.42
33.66,33.66,78.97,77.23,77.53
31.02,31.02,79.72,73.79,77.06
28.29,28.29,79.91,73.45,72.15
32.34,32.34,79.12,78.20,75.27
33.34,33.34,79.18,79.58,74.71
37.44,37.44,77.74,78.58,76.56
36.63,36.63,78.57,76.94,74.70
43.67,43.67,78.31,73.14,75.55
42.35,42.35,77.65,63.57,75.84
42.53,42.53,77.10,61.51,74.62
47.77,47.77,77.97,59.74,75.85
59.50,59.50,77.42,61.05,79.02
57.99,57.99,78.29,61.89,79.78
53.94,53.94,77.47,65.32,76.44
65.86,65.86,78.76,68.13,80.42
69.02,69.02,78.04,58.95,80.92
67.27,67.27,78.32,58.58,81.13
58.37,58.37,78.92,67.07,77.32
50.24,50.24,78.89,70.62,75.20
49.60,49.60,79.60,72.90,75.37
58.02,58.02,83.61,73.31,76.25
58.60,58.60,81.46,76.52,75.41
55.83,55.83,79.29,82.72,75.95
51.14,51.14,79.21,81.37,73.88
54.38,54.38,78.95,76.38,74.68
55.76,55.76,78.63,75.32,76.91
61.30,61.30,79.28,73.76,76.88
67.04,67.04,78.65,74.48,74.98
78.55,78.55,77.85,68.66,77.69
82.86,82.86,77.15,64.03,76.92
83.50,83.50,75.64,60.80,79.20
80.65,80.65,74.61,65.19,76.29
79.82,79.82,75.31,56.64,73.68
80.58,80.58,75.45,63.53,74.95
78.24,78.24,82.18,74.86,73.80
70.10,70.10,88.08,77.01,69.53
61.24,61.24,80.95,76.12,71.17
64.09,64.09,84.05,77.70,72.54
59.01,59.01,73.92,78.42,75.10
55.57,55.57,73.62,79.20,75.45
60.58,60.58,73.89,79.33,76.84
63.50,63.50,73.02,78.61,76.43
67.07,67.07,73.20,80.08,76.37
75.03,75.03,74.65,80.36,75.82
77.27,77.27,73.76,78.82,76.11
79.45,79.45,73.88,78.67,78.61
80.34,80.34,74.79,77.28,75.08
75.08,75.08,73.88,79.66,74.88
73.12,73.12,74.88,81.60,77.39
71.83,71.83,75.11,81.28,74.92
64.55,64.55,75.09,78.61,76.24
58.79,58.79,73.89,74.77,76.79
57.46,57.46,73.18,73.44,73.58
64.29,64.29,73.87,64.86,74.35
71.10,71.10,72.57,66.05,72.25
73.43,73.43,75.41,58.43,73.96
74.64,74.64,75.68,53.60,77.22
79.35,79.35,73.70,54.38,76.94
81.23,81.23,72.88,53.11,74.76
79.25,79.25,73.49,49.94,77.21
79.79,79.79,72.43,54.49,76.54
80.18,80.18,72.81,52.82,77.83
81.78,81.78,72.35,61.89,77.98
82.40,82.40,73.82,61.46,76.84
82.23,82.23,70.93,59.26,77.83
77.56,77.56,71.23,59.59,77.06
72.24,72.24,71.18,57.56,75.20
72.62,72.62,72.16,51.87,75.69
76.75,76.75,72.07,53.02,77.46
82.08,82.08,70.15,50.73,78.10
81.81,81.81,70.44,46.50,76.02
79.44,79.44,70.71,47.00,75.54
77.57,77.57,69.14,47.69,76.37
69.73,69.73,70.69,43.95,76.06
64.86,64.86,68.80,46.60,77.79
67.15,67.15,68.90,47.10,75.41
59.68,59.68,70.39,58.25,74.87
56.87,56.87,77.01,66.15,74.71
56.78,56.78,84.25,66.37,74.50
56.85,56.85,81.32,79.22,74.75
57.90,57.90,77.67,84.04,73.52
58.52,58.52,77.43,80.90,70.19
62.01,62.01,80.18,81.11,73.50
61.90,61.90,77.19,81.08,74.29
64.53,64.53,76.70,80.89,74.63
67.77,67.77,75.66,80.69,73.91
69.20,69.20,75.81,81.23,75.50
69.70,69.70,74.39,80.14,76.34
68.31,68.31,73.52,80.59,75.49
59.62,59.62,73.14,81.73,74.77
55.07,55.07,72.89,81.90,74.06
52.24,52.24,71.70,80.97,75.32
52.45,52.45,72.02,81.16,74.62
57.96,57.96,71.95,82.18,75.13
63.25,63.25,69.56,81.69,73.24
70.56,70.56,69.45,81.74,75.50
72.79,72.79,68.57,81.30,73.91
86.66,86.66,68.73,80.13,75.65
84.05,84.05,68.17,79.98,75.70
83.57,83.57,67.77,80.27,74.83
82.14,82.14,66.85,81.25,71.96
81.60,81.60,67.05,80.19,74.43
82.57,82.57,69.13,80.41,73.71
81.08,81.08,67.44,81.32,72.55
79.19,79.19,66.82,81.85,73.58
79.40,79.40,66.41,81.31,71.63
80.69,80.69,72.55,80.95,73.84
76.22,76.22,86.72,79.64,72.96
76.76,76.76,86.59,74.83,72.66
77.95,77.95,80.75,74.30,74.18
78.01,78.01,84.12,68.90,70.84
77.04,77.04,76.99,64.28,76.63
76.26,76.26,72.25,67.24,76.99
75.51,75.51,67.72,62.64,75.54
75.79,75.79,67.46,51.22,76.58
68.03,68.03,67.06,50.87,76.47
69.02,69.02,67.85,63.14,75.97
66.92,66.92,66.24,67.85,77.08
67.40,67.40,66.92,66.62,77.45
72.04,72.04,65.35,66.91,77.24
76.53,76.53,68.10,64.92,73.46
72.03,72.03,79.98,72.55,74.14
71.60,71.60,77.15,84.04,73.41
74.90,74.90,74.02,78.29,75.53
71.64,71.64,72.80,79.38,76.00
67.03,67.03,72.35,79.87,73.29
72.01,72.01,74.02,78.28,78.51
73.35,73.35,72.13,78.01,76.74
73.53,73.53,70.73,80.94,77.57
73.52,73.52,67.13,80.69,77.56
69.15,69.15,67.96,78.65,75.59
67.56,67.56,68.35,80.64,75.28
69.95,69.95,66.26,78.15,78.43
72.14,72.14,69.40,77.64,77.74
71.14,71.14,68.26,79.80,73.46
81.80,81.80,70.73,79.81,76.32
82.09,82.09,80.98,79.93,75.90
79.68,79.68,78.23,79.19,73.88
76.22,76.22,76.52,74.23,74.83
79.96,79.96,76.83,78.85,73.09
80.52,80.52,75.73,64.08,75.44
82.28,82.28,76.29,69.23,74.89
82.35,82.35,77.44,61.16,74.18
77.03,77.03,76.41,57.83,72.76
71.18,71.18,76.57,55.18,75.77
79.38,79.38,76.81,54.64,75.08
78.47,78.47,75.71,51.31,76.31
76.55,76.55,75.29,44.95,76.83
75.96,75.96,73.08,38.94,76.42
74.83,74.83,71.16,30.90,78.29
78.97,78.97,75.24,36.16,74.86
74.62,74.62,91.74,49.32,72.63
71.08,71.08,84.60,38.88,72.35
72.70,72.70,83.62,34.77,73.54
75.80,75.80,82.77,31.05,74.34
77.04,77.04,73.77,27.32,77.08
78.61,78.61,69.28,32.41,75.57
76.47,76.47,65.51,28.84,76.07
63.64,63.64,66.34,43.02,72.15
57.29,57.29,68.74,44.19,76.62
64.50,64.50,69.59,55.31,79.10
63.51,63.51,72.89,58.79,76.12
64.28,64.28,67.78,61.63,76.83
64.11,64.11,66.93,58.21,75.61
64.34,64.34,68.31,79.41,79.00
70.39,70.39,66.08,83.58,75.45
67.58,67.58,64.55,80.14,76.79
67.88,67.88,58.60,80.62,76.21
67.16,67.16,58.18,81.19,75.51
68.36,68.36,57.72,77.47,77.90
70.21,70.21,59.76,76.81,77.48
67.23,67.23,57.06,77.59,77.17
57.29,57.29,56.03,79.56,77.55
51.88,51.88,56.34,80.73,75.79
54.02,54.02,55.40,78.85,75.90
50.21,50.21,55.97,79.32,76.33
49.77,49.77,57.55,79.19,75.40
50.97,50.97,66.62,79.41,75.84
46.58,46.58,73.32,80.82,74.35
53.53,53.53,80.59,77.53,77.30
54.15,54.15,86.15,73.42,76.50
54.04,54.04,82.90,72.57,74.42
55.12,55.12,79.65,68.34,74.89
50.98,50.98,79.37,61.86,76.02
51.00,51.00,78.39,56.86,75.68
56.68,56.68,78.32,54.92,76.04
56.17,56.17,79.21,44.47,74.62
49.34,49.34,77.26,41.90,72.35
55.32,55.32,78.54,42.85,72.32
61.21,61.21,77.07,39.88,74.92
59.85,59.85,74.82,40.07,73.39
75.59,75.59,74.26,42.53,75.05
81.86,81.86,72.90,44.88,74.79
79.35,79.35,74.04,60.77,74.67
70.68,70.68,77.64,61.37,75.05
68.05,68.05,77.93,76.78,74.63
71.69,71.69,77.50,78.80,75.65
70.89,70.89,76.84,73.83,76.24
63.23,63.23,76.91,74.32,76.99
76.43,76.43,75.50,72.64,78.56
78.03,78.03,73.77,73.79,76.33
74.86,74.86,72.77,74.77,78.25
77.18,77.18,69.82,74.82,75.22
74.47,74.47,69.42,72.35,73.53
74.76,74.76,67.96,73.20,75.69
73.56,73.56,66.92,75.05,75.25
71.83,71.83,66.17,74.51,74.88
70.97,70.97,69.42,74.10,76.73
67.46,67.46,72.56,75.96,76.82
66.96,66.96,73.26,72.38,75.01
67.98,67.98,73.81,71.41,76.76
69.16,69.16,73.67,73.27,75.77
71.76,71.76,72.40,75.34,75.96
70.49,70.49,72.40,76.49,74.91
73.58,73.58,71.26,74.01,74.36
68.79,68.79,68.47,75.83,75.34
71.29,71.29,68.41,72.55,73.63
75.90,75.90,66.87,74.30,75.93
76.96,76.96,65.70,75.31,74.93
80.13,80.13,64.66,69.43,76.63
80.44,80.44,63.75,75.99,75.19
81.18,81.18,65.30,70.04,75.52
80.45,80.45,71.34,70.91,75.69
80.34,80.34,85.06,68.98,73.89
78.15,78.15,88.57,63.96,70.34
78.96,78.96,78.66,63.44,71.69
79.04,79.04,84.84,66.33,73.38
81.53,81.53,73.83,71.13,73.33
80.91,80.91,72.98,72.13,75.00
81.16,81.16,68.01,70.55,74.62
80.97,80.97,66.70,69.87,75.03
80.19,80.19,65.15,68.22,76.68
73.64,73.64,70.76,68.65,77.80
75.05,75.05,68.74,68.39,77.41
74.77,74.77,70.16,75.09,74.07
75.63,75.63,63.40,73.51,75.02
76.20,76.20,71.34,70.92,75.53
75.94,75.94,77.36,74.21,75.15
74.78,74.78,75.84,74.86,75.20
73.90,73.90,73.65,73.68,74.07
73.15,73.15,69.67,70.20,76.71
71.89,71.89,67.64,60.67,74.77
75.45,75.45,67.64,65.49,76.40
78.69,78.69,69.38,61.55,76.15
79.20,79.20,69.07,62.66,76.13
80.26,80.26,71.88,68.06,72.87
80.97,80.97,71.88,62.40,74.00
80.61,80.61,65.11,56.50,73.71
79.74,79.74,65.91,59.56,74.21
77.01,77.01,65.44,57.55,74.08
77.34,77.34,68.10,59.38,72.16
72.18,72.18,72.79,58.76,72.41
71.06,71.06,84.60,58.57,72.87
69.61,69.61,84.03,77.63,71.74
72.30,72.30,80.21,78.02,74.95
77.63,77.63,79.20,75.51,73.93
80.14,80.14,78.10,72.60,73.72
77.04,77.04,77.81,62.13,70.93
76.28,76.28,78.11,62.73,73.72
76.97,76.97,78.33,49.83,73.68
78.66,78.66,78.48,57.38,75.48
77.89,77.89,76.62,57.32,75.86
79.16,79.16,76.63,47.27,73.76
77.16,77.16,75.77,36.42,71.53
75.54,75.54,73.12,47.24,70.94
72.53,72.53,75.35,52.35,70.94
71.55,71.55,76.41,66.30,72.83
72.47,72.47,90.97,78.18,72.63
67.72,67.72,82.17,77.79,71.23
64.04,64.04,84.21,78.42,73.46
64.56,64.56,84.13,78.81,73.28
69.31,69.31,73.37,78.76,74.19
70.47,70.47,71.19,77.51,75.98
71.33,71.33,70.29,77.93,76.66
72.54,72.54,66.45,79.32,77.36
72.38,72.38,69.27,79.35,76.89
71.92,71.92,66.34,80.28,77.62
73.38,73.38,73.10,79.18,77.61
73.75,73.75,67.71,77.77,77.60
72.74,72.74,64.14,78.36,77.04
80.36,80.36,63.10,77.83,75.02
80.13,80.13,59.30,79.05,71.81
82.14,82.14,58.37,79.59,71.93
81.22,81.22,59.95,76.93,72.99
80.14,80.14,57.81,71.10,73.40
75.27,75.27,60.90,68.38,76.34
73.44,73.44,60.28,67.91,74.81
75.81,75.81,58.89,67.37,77.24
74.56,74.56,60.41,55.98,74.73
78.74,78.74,60.52,53.20,74.34
79.46,79.46,58.67,57.32,74.93
80.22,80.22,58.48,46.63,77.28
78.88,78.88,58.53,48.03,77.47
74.61,74.61,58.64,53.04,75.91
74.61,74.61,57.69,48.76,77.13
76.21,76.21,56.44,51.12,80.42
75.72,75.72,55.91,53.82,77.65
76.18,76.18,56.31,54.26,76.59
78.81,78.81,51.92,49.29,76.82
77.48,77.48,53.91,49.84,76.79
71.71,71.71,52.94,47.03,75.81
73.18,73.18,54.05,48.40,76.03
75.52,75.52,51.26,43.22,77.65
73.92,73.92,54.22,48.77,77.06
71.77,71.77,52.47,44.84,75.66
73.84,73.84,53.04,45.26,75.23
72.59,72.59,53.95,42.96,76.71
71.39,71.39,58.30,44.49,75.70
69.23,69.23,65.87,42.86,75.78
67.70,67.70,75.80,55.11,74.91
67.56,67.56,84.27,73.76,73.15
69.59,69.59,84.95,81.39,72.56
71.50,71.50,80.63,79.10,72.97
68.11,68.11,79.01,80.23,72.97
68.41,68.41,77.78,80.67,74.63
64.72,64.72,77.21,80.89,75.36
64.87,64.87,78.09,80.69,74.68
68.25,68.25,77.16,80.49,75.23
67.71,67.71,77.60,80.61,74.34
61.39,61.39,76.43,80.40,76.79
69.87,69.87,75.21,79.74,77.47
68.26,68.26,75.89,79.54,79.70
62.13,62.13,71.41,79.31,77.00
64.84,64.84,70.64,79.79,78.24
66.16,66.16,70.11,79.80,79.03
69.07,69.07,67.97,80.33,79.05
71.22,71.22,64.49,80.76,78.62
69.18,69.18,62.84,80.63,77.61
69.45,69.45,63.26,80.06,77.39
59.39,59.39,62.14,80.17,76.93
60.28,60.28,59.63,80.61,76.41
58.35,58.35,59.04,81.00,78.66
61.16,61.16,56.86,80.84,76.94
55.71,55.71,56.40,81.32,78.17
53.23,53.23,54.03,81.60,77.17
53.65,53.65,54.32,81.34,77.58
51.74,51.74,54.97,80.97,75.96
52.97,52.97,58.22,81.07,77.30
49.64,49.64,71.11,79.06,76.95
43.77,43.77,81.61,77.01,75.99
46.13,46.13,90.81,73.45,76.22
45.08,45.08,79.49,75.13,74.35
42.45,42.45,84.70,63.87,76.49
44.69,44.69,79.23,65.19,78.09
44.10,44.10,75.34,61.24,75.18
43.76,43.76,70.38,57.47,76.97
43.89,43.89,68.79,57.42,79.01
48.66,48.66,63.89,57.73,80.20
43.54,43.54,61.94,59.53,78.12
44.22,44.22,64.46,69.08,78.06
46.79,46.79,68.84,70.06,78.61
46.19,46.19,62.06,67.15,75.43
45.06,45.06,68.41,57.95,77.91
41.74,41.74,78.15,75.62,78.16
41.52,41.52,79.38,79.01,77.24
42.38,42.38,74.55,76.93,78.54
44.16,44.16,73.47,81.91,79.50
43.22,43.22,71.96,79.94,77.54
40.70,40.70,73.29,80.10,79.56
41.31,41.31,72.25,80.20,77.98
45.12,45.12,69.71,77.74,79.93
48.54,48.54,68.75,77.35,77.33
50.98,50.98,66.18,78.55,77.12
57.55,57.55,65.57,80.30,76.57
59.35,59.35,63.34,78.31,75.89
72.44,72.44,62.94,77.29,76.51
80.35,80.35,65.14,79.13,73.39
80.75,80.75,70.62,79.21,73.35
83.21,83.21,80.36,77.53,71.38
79.71,79.71,83.07,78.08,71.76
79.96,79.96,80.97,77.81,75.54
78.95,78.95,78.31,71.02,74.45
77.72,77.72,77.07,69.54,71.89
77.41,77.41,77.72,66.41,71.19
75.21,75.21,76.89,61.72,74.03
77.54,77.54,77.54,57.31,75.53
79.26,79.26,77.19,52.82,75.00
78.50,78.50,76.25,42.25,74.12
77.08,77.08,76.45,40.47,75.15
77.49,77.49,77.33,40.08,72.81
78.58,78.58,75.24,36.03,72.78
79.31,79.31,72.44,19.74,74.62
82.25,82.25,73.70,7.32,74.05
79.47,79.47,85.57,13.76,74.66
70.33,70.33,88.73,15.92,72.50
73.86,73.86,80.48,18.27,72.68
77.03,77.03,84.81,15.96,72.87
78.19,78.19,72.87,12.57,74.68
76.06,76.06,72.09,8.75,75.03
75.09,75.09,67.27,14.99,73.86
74.62,74.62,65.79,26.49,72.41
73.23,73.23,65.74,38.29,73.09
74.87,74.87,70.03,41.82,75.83
74.38,74.38,71.63,41.44,79.06
70.98,70.98,72.77,45.72,81.00
69.23,69.23,62.09,57.69,78.82
66.97,66.97,62.12,61.74,77.11
72.01,72.01,56.82,78.66,78.20
72.04,72.04,55.91,83.46,78.27
69.60,69.60,56.22,80.38,78.49
74.42,74.42,56.44,80.22,76.72
73.31,73.31,57.55,78.36,78.08
78.86,78.86,57.96,79.38,75.79
73.37,73.37,64.04,78.72,73.43
70.35,70.35,59.67,80.08,73.98
73.47,73.47,60.17,79.31,76.04
78.51,78.51,56.16,77.82,77.55
79.42,79.42,55.57,79.32,76.52
79.05,79.05,56.60,80.29,76.95
77.21,77.21,58.49,79.71,76.55
68.83,68.83,63.15,80.47,73.57
66.29,66.29,73.80,79.13,77.99
65.03,65.03,83.07,74.71,78.09
64.03,64.03,81.86,72.15,75.73
64.98,64.98,78.20,68.41,79.47
66.86,66.86,78.79,69.25,75.92
69.72,69.72,78.02,60.53,75.07
71.43,71.43,77.39,54.30,74.64
72.05,72.05,76.15,49.04,74.99
74.39,74.39,74.65,47.20,75.31
75.33,75.33,73.88,32.99,74.70
82.75,82.75,73.15,28.53,74.38
83.23,83.23,75.25,36.23,75.16
81.15,81.15,74.59,28.02,74.24
81.27,81.27,73.75,28.93,75.06
80.58,80.58,72.54,39.51,75.70
79.75,79.75,75.58,48.35,73.23
75.46,75.46,76.97,57.78,74.15
75.38,75.38,76.48,66.33,74.05
78.12,78.12,75.17,78.55,74.22
78.67,78.67,74.57,81.26,73.95
78.52,78.52,73.19,77.11,75.91
78.37,78.37,72.37,76.46,77.48
78.34,78.34,72.43,77.89,76.69
78.46,78.46,70.90,78.19,75.25
77.79,77.79,69.87,78.25,73.54
77.51,77.51,68.94,77.94,74.36
76.25,76.25,66.73,76.87,74.33
71.51,71.51,65.35,77.73,73.72
76.29,76.29,64.96,77.05,73.46
76.23,76.23,68.32,78.99,75.45
75.58,75.58,69.73,79.76,73.01
75.42,75.42,70.75,79.42,75.47
77.92,77.92,69.72,78.94,74.75
83.73,83.73,68.37,77.32,74.01
81.13,81.13,66.99,78.14,74.75
83.38,83.38,64.63,78.68,73.40
78.77,78.77,61.39,76.38,74.13
71.01,71.01,62.49,77.35,73.06
71.13,71.13,64.47,76.60,74.59
74.24,74.24,62.89,77.78,73.63
77.69,77.69,61.42,78.07,75.49
80.96,80.96,59.89,76.01,74.02
81.79,81.79,62.16,79.45,72.06
82.38,82.38,68.78,79.98,73.51
79.37,79.37,79.47,80.07,74.63
68.11,68.11,89.19,77.39,70.34
67.93,67.93,83.01,78.27,72.40
70.99,70.99,81.83,78.17,73.61
73.75,73.75,75.01,77.90,73.54
75.39,75.39,70.37,79.46,73.63
79.31,79.31,74.83,79.69,75.51
82.22,82.22,68.49,79.98,74.70
80.87,80.87,65.51,80.26,73.92
79.14,79.14,63.30,78.63,72.58
81.36,81.36,65.44,78.53,74.21
81.06,81.06,66.22,80.01,73.56
81.67,81.67,62.40,81.29,72.65
82.15,82.15,60.02,76.89,74.14
80.14,80.14,68.85,74.92,74.58
79.00,79.00,72.63,73.23,76.73
81.51,81.51,71.40,73.18,76.79
81.84,81.84,70.19,68.44,77.18
82.47,82.47,67.23,69.24,75.38
83.05,83.05,66.56,65.56,76.21
81.29,81.29,67.71,65.15,76.37
80.31,80.31,65.13,63.57,77.70
79.51,79.51,64.49,61.75,75.95
80.33,80.33,68.45,64.42,75.22
79.30,79.30,72.62,65.43,75.83
76.45,76.45,73.20,62.47,75.78
77.78,77.78,72.97,59.46,75.24
78.41,78.41,74.28,61.51,77.27
75.22,75.22,75.53,65.59,75.31
73.44,73.44,81.75,69.83,75.09
74.60,74.60,82.77,74.05,75.97
73.35,73.35,80.10,71.40,74.90
72.13,72.13,78.29,73.32,76.58
69.84,69.84,79.45,69.11,76.13
70.50,70.50,78.53,64.76,74.96
67.27,67.27,77.10,54.53,76.09
65.61,65.61,76.33,56.41,70.52
67.58,67.58,76.10,50.75,72.49
67.80,67.80,75.18,41.92,72.97
73.45,73.45,77.93,49.92,74.78
73.64,73.64,77.49,53.49,78.41
77.21,77.21,76.34,55.82,75.96
77.75,77.75,74.33,56.97,72.37
79.33,79.33,75.58,65.36,71.98
76.26,76.26,85.43,77.68,70.66
75.57,75.57,86.27,76.08,68.26
78.12,78.12,79.48,77.47,71.51
79.00,79.00,83.74,76.51,72.45
80.24,80.24,75.04,76.38,72.94
81.17,81.17,73.92,77.59,72.46
80.43,80.43,73.39,78.27,71.51
81.49,81.49,73.10,78.69,74.06
82.20,82.20,71.54,77.42,75.47
81.12,81.12,71.99,78.70,73.56
81.20,81.20,73.36,78.89,74.68
80.55,80.55,73.35,78.20,72.77
80.33,80.33,72.51,78.97,71.78
80.69,80.69,72.85,76.92,73.09
79.87,79.87,72.26,80.00,74.68
78.93,78.93,70.81,81.08,73.63
77.09,77.09,64.63,73.35,71.93
76.52,76.52,63.47,69.87,73.30
77.98,77.98,64.81,67.77,75.27
74.68,74.68,63.04,68.75,75.74
71.23,71.23,63.18,66.14,76.44
72.58,72.58,64.45,56.73,75.34
76.12,76.12,65.82,50.77,76.51
77.33,77.33,63.33,54.11,74.50
76.71,76.71,63.13,56.01,73.28
77.52,77.52,63.32,53.37,68.74
76.74,76.74,62.79,53.57,70.22
75.43,75.43,61.93,53.19,73.25
76.29,76.29,63.96,50.85,74.43
74.74,74.74,62.02,44.35,74.42
77.46,77.46,62.91,52.44,72.96
82.53,82.53,60.42,49.39,75.16
84.31,84.31,58.85,47.76,76.74
83.76,83.76,57.68,42.25,77.69
84.45,84.45,57.26,47.12,79.39
85.33,85.33,57.79,43.54,78.70
82.97,82.97,57.68,39.62,77.80
80.22,80.22,57.76,42.76,78.40
79.82,79.82,56.43,42.46,77.62
78.85,78.85,56.13,45.79,77.85
78.83,78.83,57.42,48.23,78.43
77.80,77.80,60.33,40.29,77.35
79.11,79.11,68.08,50.27,76.20
77.02,77.02,79.65,54.54,75.47
78.26,78.26,83.49,65.59,73.92
76.35,76.35,82.85,80.81,72.71
73.84,73.84,80.29,80.01,71.83
75.24,75.24,77.65,79.47,72.54
75.44,75.44,76.04,79.38,72.88
78.25,78.25,76.72,79.68,74.46
77.30,77.30,76.83,80.47,75.07
70.66,70.66,75.40,80.41,78.15
69.24,69.24,74.85,80.34,79.92
70.21,70.21,75.42,79.75,79.55
66.72,66.72,72.58,79.79,79.91
71.47,71.47,70.66,80.40,79.43
65.45,65.45,69.28,80.51,78.54
66.75,66.75,68.29,80.72,78.16
63.03,63.03,66.63,80.76,78.94
61.25,61.25,66.22,80.67,77.43
63.03,63.03,65.49,80.07,78.76
62.74,62.74,64.49,80.60,78.55
67.58,67.58,62.27,80.83,78.87
67.53,67.53,61.92,80.99,77.77
65.47,65.47,63.77,81.05,78.58
56.65,56.65,62.29,81.08,78.16
53.70,53.70,62.17,81.15,77.66
55.98,55.98,63.03,80.51,78.81
56.62,56.62,63.07,81.14,78.39
56.75,56.75,59.28,81.48,77.25
51.90,51.90,60.38,81.05,79.28
53.87,53.87,64.45,79.88,78.09
51.00,51.00,68.02,78.56,79.11
49.22,49.22,89.63,78.36,77.10
54.19,54.19,84.25,70.28,78.36
56.20,56.20,81.49,68.34,78.98
54.09,54.09,85.03,61.43,78.16
62.70,62.70,75.95,60.55,79.46
69.91,69.91,67.79,57.32,78.53
74.48,74.48,72.87,51.76,80.96
76.31,76.31,68.87,58.46,81.13
78.49,78.49,63.31,53.67,80.78
79.21,79.21,70.36,62.34,79.71
77.31,77.31,69.08,62.24,79.94
77.04,77.04,66.40,60.68,78.90
79.17,79.17,64.78,57.13,79.16
80.23,80.23,65.61,62.95,78.65
82.46,82.46,71.64,68.61,77.55
81.62,81.62,69.64,79.61,78.80
80.84,80.84,70.45,73.58,78.15
78.29,78.29,66.67,77.84,78.93
70.28,70.28,65.89,80.59,79.41
68.86,68.86,67.86,79.23,78.71
68.31,68.31,70.69,78.33,75.73
75.43,75.43,72.19,79.68,77.37
75.98,75.98,70.10,78.64,77.19
77.94,77.94,67.55,78.32,76.27
77.15,77.15,66.42,79.73,77.22
69.76,69.76,65.79,79.08,78.35
69.16,69.16,67.29,79.25,78.18
70.94,70.94,70.55,79.47,79.43
68.51,68.51,75.98,78.07,77.63
71.89,71.89,82.61,78.62,76.33
74.42,74.42,80.13,78.90,75.17
78.81,78.81,77.61,71.88,74.53
81.38,81.38,77.48,74.19,74.12
80.32,80.32,76.77,72.05,71.71
73.81,73.81,77.17,63.42,74.93
65.55,65.55,77.82,62.27,76.72
68.58,68.58,78.65,62.45,77.87
68.65,68.65,78.07,52.18,76.41
72.57,72.57,77.95,52.75,76.71
76.12,76.12,77.43,56.02,76.24
79.25,79.25,76.07,47.09,74.92
79.46,79.46,75.80,38.62,75.97
77.89,77.89,72.32,29.91,75.85
77.36,77.36,82.93,38.05,75.98
73.98,73.98,90.53,35.00,71.22
75.95,75.95,79.92,27.93,73.91
75.93,75.93,85.21,28.51,74.93
77.31,77.31,79.67,24.28,75.79
79.04,79.04,73.29,18.06,75.82
78.76,78.76,71.39,23.89,76.31
77.98,77.98,72.59,29.94,76.17
79.49,79.49,72.03,38.83,75.94
78.87,78.87,72.46,49.08,74.56
78.11,78.11,73.01,53.82,74.21
77.58,77.58,72.02,54.97,75.70
78.45,78.45,68.24,57.01,75.91
78.61,78.61,69.53,58.19,76.60
79.25,79.25,70.76,72.83,76.71
73.61,73.61,70.34,82.56,74.73
80.26,80.26,71.08,77.65,73.85
78.01,78.01,69.74,79.30,73.97
80.11,80.11,70.33,77.74,73.59
77.49,77.49,70.30,79.02,75.57
77.33,77.33,69.96,78.94,74.70
78.49,78.49,71.83,76.70,75.02
78.63,78.63,70.95,77.41,73.22
78.60,78.60,71.41,77.08,72.66
80.51,80.51,71.98,78.32,72.57
78.47,78.47,72.11,78.86,72.32
80.44,80.44,72.00,77.93,71.77
79.21,79.21,72.39,74.55,72.97
77.86,77.86,78.94,73.45,72.32
78.31,78.31,83.42,71.51,71.88
76.54,76.54,81.36,66.93,72.41
78.72,78.72,78.86,67.87,72.26
77.16,77.16,78.59,57.79,73.26
77.13,77.13,77.62,58.58,72.38
78.71,78.71,77.73,47.99,71.89
75.75,75.75,78.02,55.49,74.02
77.56,77.56,77.26,56.63,72.26
78.38,78.38,77.68,49.96,71.63
79.37,79.37,77.23,51.97,72.68
76.15,76.15,79.36,54.50,73.18
75.45,75.45,78.62,54.09,73.43
76.98,76.98,75.36,55.79,73.66
76.01,76.01,74.56,66.04,74.18
73.64,73.64,78.02,81.82,75.08
71.56,71.56,78.04,81.88,75.20
73.18,73.18,78.87,79.47,74.15
75.93,75.93,77.88,79.84,71.44
79.16,79.16,77.19,79.32,69.29
79.89,79.89,77.18,79.36,67.96
79.08,79.08,75.71,78.57,70.09
75.18,75.18,76.69,77.84,72.21
75.11,75.11,74.40,78.49,72.11
78.62,78.62,73.99,79.43,74.11
79.12,79.12,72.03,79.79,71.17
80.45,80.45,71.55,79.69,69.91
78.53,78.53,71.35,79.61,70.35
75.71,75.71,69.58,79.38,71.04
76.04,76.04,72.07,79.73,72.77
78.74,78.74,72.31,80.35,73.70
77.48,77.48,72.82,81.34,75.00
75.87,75.87,72.89,81.84,74.35
76.03,76.03,70.51,80.00,74.56
76.42,76.42,69.63,77.91,75.12
73.17,73.17,69.45,78.70,75.96
79.12,79.12,68.43,79.58,75.62
74.90,74.90,67.54,79.26,76.57
72.57,72.57,65.29,80.06,79.62
72.79,72.79,65.50,79.19,77.95
77.93,77.93,65.58,77.99,78.57
80.03,80.03,63.94,77.97,77.95
76.32,76.32,67.20,76.14,77.42
72.21,72.21,71.56,73.77,77.20
72.86,72.86,74.69,69.02,77.24
71.19,71.19,89.83,68.16,74.57
72.31,72.31,85.61,70.11,74.58
73.62,73.62,83.54,73.43,76.26
73.06,73.06,79.65,76.70,77.30
71.46,71.46,73.02,76.20,77.36
73.08,73.08,71.09,75.92,79.01
75.56,75.56,70.65,75.98,78.39
71.31,71.31,64.71,75.59,77.40
70.97,70.97,67.80,75.80,77.45
74.74,74.74,70.87,75.73,80.19
77.08,77.08,66.95,74.25,78.30
76.03,76.03,66.32,72.47,79.99
77.47,77.47,64.35,73.33,78.47
77.68,77.68,65.40,71.95,77.44
71.55,71.55,76.54,74.30,78.03
69.31,69.31,72.68,74.60,77.94
69.94,69.94,69.32,69.01,79.30
74.77,74.77,65.76,73.51,78.81
72.00,72.00,67.87,64.48,77.33
71.02,71.02,68.31,61.27,76.91
71.91,71.91,68.07,67.14,77.40
67.53,67.53,66.72,58.16,75.98
67.28,67.28,67.70,64.32,75.15
70.94,70.94,69.11,63.77,77.69
74.22,74.22,66.70,56.57,77.88
73.73,73.73,68.16,55.01,78.68
75.64,75.64,69.84,60.04,79.57
80.29,80.29,70.42,57.13,75.22
78.25,78.25,79.52,57.25,74.99
72.28,72.28,84.18,70.37,71.49
77.81,77.81,80.94,76.16,74.12
78.62,78.62,77.33,76.65,72.79
79.94,79.94,78.17,72.19,72.75
77.83,77.83,76.83,67.12,74.16
75.68,75.68,77.04,65.24,73.85
68.36,68.36,77.71,57.87,73.83
72.18,72.18,77.45,57.46,76.65
72.31,72.31,77.89,57.22,77.64
72.90,72.90,77.15,57.23,75.81
76.56,76.56,75.94,52.92,75.99
75.28,75.28,75.27,51.80,77.23
71.94,71.94,72.04,47.78,78.00
76.19,76.19,72.28,53.23,76.60
73.01,73.01,77.14,66.68,75.28
68.48,68.48,89.47,74.17,70.63
70.82,70.82,85.31,72.43,73.00
70.61,70.61,80.15,74.39,73.65
74.96,74.96,79.04,74.27,75.39
72.77,72.77,73.47,74.31,75.64
65.14,65.14,73.20,72.52,76.63
69.58,69.58,69.98,73.33,76.52
68.66,68.66,70.10,73.28,80.16
70.63,70.63,67.14,74.17,80.10
72.23,72.23,70.52,74.74,79.94
73.48,73.48,68.89,72.77,80.59
69.65,69.65,68.02,67.15,79.92
69.80,69.80,67.76,70.92,82.44
68.49,68.49,66.39,74.42,78.74
66.43,66.43,66.83,75.05,77.13
68.58,68.58,67.19,76.88,77.13
67.63,67.63,65.72,74.05,76.10
68.52,68.52,66.15,71.51,78.89
72.79,72.79,67.11,74.70,78.53
73.94,73.94,66.70,65.76,79.01
69.27,69.27,73.67,62.72,76.31
73.44,73.44,72.42,59.39,80.25
75.89,75.89,71.49,53.87,77.72
70.81,70.81,78.40,51.78,79.62
71.20,71.20,77.24,48.59,78.35
73.28,73.28,77.87,53.69,78.03
74.26,74.26,75.92,55.79,77.78
73.39,73.39,76.08,55.33,77.90
73.99,73.99,77.01,45.98,77.19
74.63,74.63,78.01,58.09,79.20
73.22,73.22,77.34,59.88,78.78
72.09,72.09,77.68,60.03,78.66
72.58,72.58,76.55,57.57,78.47
72.16,72.16,76.05,61.21,78.56
73.72,73.72,76.64,62.41,78.42
73.47,73.47,77.01,62.13,80.21
73.59,73.59,76.69,70.55,79.49
72.69,72.69,75.75,71.94,80.32
72.55,72.55,75.59,69.22,79.64
73.44,73.44,75.30,65.78,79.61
73.85,73.85,76.32,66.31,79.39
76.53,76.53,77.20,70.92,79.93
78.80,78.80,78.96,82.44,77.07
76.86,76.86,80.03,80.89,76.01
79.05,79.05,77.18,78.82,76.18
76.98,76.98,78.85,78.04,76.82
79.37,79.37,80.89,78.55,77.30
77.28,77.28,78.00,79.20,77.77
77.16,77.16,75.91,79.36,78.57
75.41,75.41,77.54,79.06,78.93
73.95,73.95,78.76,78.88,78.68
77.86,77.86,77.35,79.58,77.64
78.32,78.32,76.01,78.19,77.62
79.56,79.56,76.56,78.15,76.51
78.07,78.07,74.84,78.57,76.19
77.49,77.49,74.67,79.87,78.64
75.57,75.57,74.40,80.32,78.70
77.37,77.37,72.99,79.83,78.29
76.18,76.18,72.85,79.67,79.36
76.36,76.36,72.81,80.09,79.28
77.53,77.53,70.57,80.70,78.29
77.20,77.20,69.26,80.42,79.61
74.40,74.40,70.78,79.64,79.06
73.68,73.68,70.73,79.25,80.80
73.10,73.10,69.25,79.74,79.52
74.87,74.87,69.98,79.95,81.73
70.19,70.19,71.28,79.82,80.15
72.54,72.54,70.99,78.81,81.02
72.15,72.15,70.58,80.27,82.04
70.51,70.51,70.89,79.78,82.63
72.09,72.09,70.16,79.15,81.75
73.48,73.48,74.14,80.13,77.61
68.31,68.31,89.64,76.98,74.39
66.48,66.48,85.38,62.49,75.95
72.78,72.78,82.38,58.86,79.08
71.20,71.20,81.09,63.16,82.66
74.25,74.25,73.18,60.65,79.33
78.52,78.52,71.11,64.51,78.10
75.15,75.15,71.06,54.76,80.26
71.90,71.90,73.12,66.37,82.67
74.72,74.72,73.39,57.32,82.19
69.35,69.35,73.03,61.58,81.42
73.12,73.12,73.52,60.61,81.02
73.87,73.87,71.68,61.44,81.04
74.16,74.16,71.87,60.63,79.57
74.30,74.30,71.57,70.84,80.65
74.47,74.47,72.98,79.66,81.17
71.88,71.88,70.45,84.95,78.40
71.25,71.25,71.61,76.54,82.12
66.58,66.58,69.78,78.06,81.77
67.90,67.90,68.64,77.84,82.49
70.84,70.84,67.82,76.39,81.53
73.57,73.57,70.57,76.76,81.34
73.94,73.94,68.33,77.54,80.61
70.09,70.09,69.10,78.99,80.66
69.91,69.91,69.41,78.20,79.14
71.14,71.14,69.13,78.51,80.69
67.75,67.75,68.70,79.51,82.52
71.23,71.23,68.63,79.49,80.71
62.77,62.77,71.01,78.96,79.30
62.06,62.06,75.56,76.58,78.14
60.59,60.59,81.69,75.26,79.73
59.91,59.91,80.88,74.32,77.91
56.25,56.25,77.28,72.79,80.10
51.05,51.05,78.20,72.22,81.67
52.81,52.81,77.34,71.49,79.68
48.29,48.29,76.95,69.78,80.94
51.43,51.43,76.43,71.90,80.82
55.00,55.00,75.82,71.51,81.79
52.40,52.40,76.69,70.69,81.51
54.01,54.01,79.73,67.55,79.49
56.57,56.57,76.42,67.68,81.34
52.44,52.44,81.24,67.57,79.75
51.18,51.18,80.50,67.16,79.17
50.69,50.69,78.59,62.59,80.11
51.97,51.97,90.33,74.35,78.11
50.58,50.58,84.21,66.72,77.53
48.69,48.69,86.03,62.57,76.37
50.25,50.25,79.14,65.26,77.02
55.52,55.52,72.88,63.32,78.99
60.19,60.19,76.62,62.70,83.14
61.80,61.80,74.56,58.00,82.08
64.41,64.41,74.38,65.29,79.23
63.32,63.32,73.90,68.53,80.93
62.87,62.87,76.03,68.81,79.40
66.90,66.90,76.57,71.06,78.17
67.52,67.52,75.97,70.79,79.66
66.64,66.64,73.77,76.98,82.32
76.84,76.84,76.11,69.85,78.21
72.29,72.29,78.66,78.44,80.58
74.39,74.39,77.70,82.68,78.13
75.83,75.83,76.65,79.06,78.91
74.56,74.56,76.60,78.69,78.83
75.01,75.01,76.49,79.40,79.66
74.57,74.57,77.92,77.13,81.00
73.35,73.35,77.99,78.58,78.29
72.73,72.73,77.59,78.60,80.52
74.62,74.62,77.78,78.97,78.11
73.57,73.57,77.92,77.89,78.33
75.02,75.02,77.70,77.91,80.51
77.65,77.65,77.37,79.79,79.25
78.68,78.68,77.24,79.37,79.74
78.20,78.20,76.40,78.09,81.02
77.46,77.46,76.34,76.05,79.10
72.79,72.79,81.94,73.50,80.41
69.04,69.04,80.08,68.88,80.32
77.71,77.71,77.63,57.70,80.75
79.96,79.96,77.09,63.20,79.00
71.89,71.89,78.59,64.70,80.09
74.68,74.68,77.45,65.59,80.18
75.17,75.17,77.28,58.83,78.35
73.79,73.79,78.77,54.67,78.65
78.26,78.26,77.36,54.17,80.13
79.65,79.65,76.91,58.99,78.24
77.93,77.93,76.31,52.34,75.97
76.78,76.78,77.34,49.45,79.06
76.17,76.17,77.60,54.79,79.81
78.09,78.09,76.85,62.49,79.39
74.32,74.32,80.74,67.63,80.02
75.32,75.32,79.19,69.81,79.48
73.30,73.30,77.20,80.60,78.18
71.28,71.28,76.76,79.88,79.04
73.18,73.18,78.13,77.53,77.76
75.62,75.62,77.52,76.00,77.79
74.83,74.83,78.17,75.52,80.26
74.88,74.88,78.22,75.02,79.91
75.11,75.11,78.07,75.94,80.75
74.73,74.73,77.37,75.70,80.74
72.40,72.40,77.09,74.38,80.56
73.15,73.15,77.62,74.47,81.22
74.70,74.70,75.47,73.79,81.32
72.91,72.91,78.02,73.12,80.93
73.34,73.34,78.90,72.16,81.21
69.46,69.46,83.14,74.08,80.92
69.60,69.60,80.51,74.90,78.46
66.01,66.01,78.52,75.12,78.30
68.55,68.55,77.47,71.85,79.04
68.82,68.82,76.77,74.64,78.95
70.18,70.18,77.58,76.73,80.55
69.48,69.48,78.81,78.71,78.94
69.16,69.16,83.53,73.53,79.35
66.61,66.61,80.20,69.84,79.70
66.47,66.47,77.78,70.05,80.27
64.38,64.38,77.68,73.41,80.55
65.74,65.74,77.76,69.37,81.92
62.49,62.49,76.96,65.86,81.25
58.68,58.68,76.61,65.13,81.88
52.82,52.82,79.46,68.05,80.13
42.15,42.15,88.89,77.31,73.56
45.49,45.49,81.64,76.88,76.22
42.90,42.90,79.98,76.17,79.40
40.38,40.38,77.48,78.10,79.87
37.26,37.26,75.16,80.08,80.91
34.86,34.86,75.37,80.90,80.93
38.70,38.70,75.39,80.75,81.15
33.87,33.87,76.10,78.99,81.23
38.56,38.56,74.59,77.51,81.19
33.64,33.64,75.39,79.07,81.93
32.71,32.71,76.16,80.34,81.72
23.36,23.36,76.01,79.79,82.82
23.92,23.92,75.87,81.11,81.81
20.42,20.42,75.42,81.11,80.95
18.47,18.47,75.14,80.84,80.50
20.09,20.09,75.33,79.11,80.33
26.08,26.08,75.69,80.48,80.67
27.81,27.81,73.99,81.74,81.05
22.24,22.24,73.97,80.55,83.27
11.75,11.75,73.98,80.29,82.96
4.88,4.88,73.35,81.14,83.73
2.92,2.92,73.50,81.06,82.47
1.81,1.81,73.85,81.19,83.30
4.23,4.23,73.39,81.86,82.04
9.48,9.48,72.75,82.84,81.78
11.42,11.42,72.98,82.42,80.72
14.99,14.99,72.52,82.21,81.51
15.48,15.48,72.84,81.51,80.18
13.57,13.57,74.46,82.96,80.84
10.87,10.87,84.15,81.33,78.62
5.03,5.03,84.88,78.23,77.58
13.87,13.87,78.61,78.98,82.41
12.83,12.83,77.94,81.10,78.70
10.91,10.91,76.24,80.76,79.43
16.77,16.77,75.01,80.58,80.04
14.14,14.14,74.87,81.59,80.46
14.19,14.19,73.82,81.58,81.81
13.41,13.41,72.13,80.49,81.61
14.61,14.61,72.22,81.42,82.01
16.61,16.61,73.64,81.73,80.37
15.44,15.44,73.37,81.82,81.08
13.54,13.54,71.66,81.99,80.83
13.39,13.39,70.62,78.84,81.41
12.14,12.14,69.04,81.66,81.92
14.33,14.33,69.40,81.80,80.70
16.29,16.29,68.79,82.74,80.32
15.40,15.40,69.12,83.42,78.83
16.72,16.72,69.77,82.62,80.96
16.80,16.80,68.58,81.22,81.24
13.70,13.70,68.67,81.13,82.88
20.06,20.06,68.93,82.26,83.08
17.46,17.46,68.33,81.69,82.82
8.02,8.02,69.54,81.56,83.64
12.14,12.14,68.95,81.97,82.95
10.26,10.26,69.87,82.03,83.48
5.69,5.69,69.62,81.54,83.49
6.41,6.41,71.34,81.52,81.34
10.70,10.70,78.93,81.70,80.98
11.15,11.15,88.16,80.47,75.97
9.28,9.28,78.46,77.81,77.49
4.15,4.15,83.64,78.97,79.15
8.25,8.25,77.54,79.41,78.65
11.39,11.39,81.55,81.80,79.93
16.80,16.80,72.92,82.38,80.25
13.59,13.59,72.66,81.97,81.94
19.32,19.32,73.76,82.38,81.99
16.00,16.00,70.65,83.16,81.83
14.08,14.08,71.45,81.94,81.64
14.66,14.66,71.26,82.14,81.41
15.02,15.02,70.22,82.25,81.79
20.44,20.44,71.18,80.27,81.31
10.43,10.43,73.48,78.96,81.27
8.29,8.29,78.67,70.14,81.57
9.48,9.48,89.61,67.37,79.37
17.51,17.51,83.06,69.04,79.14
14.66,14.66,82.42,77.10,81.42
11.93,11.93,81.65,78.94,81.58
17.06,17.06,75.81,81.48,82.12
15.92,15.92,70.13,81.80,80.84
13.57,13.57,71.21,80.56,81.67
12.52,12.52,71.16,79.00,80.24
9.73,9.73,68.78,81.34,82.42
15.09,15.09,66.24,82.13,82.01
11.35,11.35,68.38,81.86,82.53
13.07,13.07,68.96,82.70,82.15
20.49,20.49,71.68,82.07,81.48
14.69,14.69,73.58,79.62,78.10
15.02,15.02,85.40,74.10,80.75
15.82,15.82,82.91,76.58,79.79
12.29,12.29,78.19,78.75,79.99
15.69,15.69,74.99,78.32,81.28
20.67,20.67,74.26,79.70,81.41
16.82,16.82,73.19,79.62,81.21
17.84,17.84,73.85,78.26,81.41
14.07,14.07,73.86,79.60,81.11
19.31,19.31,71.48,79.49,80.89
18.31,18.31,72.27,79.23,82.87
7.07,7.07,71.28,79.38,82.33
9.37,9.37,72.48,80.59,81.96
22.40,22.40,69.67,79.86,83.38
16.05,16.05,71.73,80.37,82.85
20.01,20.01,70.76,69.42,82.29
12.83,12.83,71.28,67.47,83.25
16.50,16.50,70.93,79.85,82.45
8.31,8.31,71.60,80.19,81.10
16.68,16.68,69.78,80.94,81.47
13.67,13.67,69.42,81.78,83.08
12.99,12.99,69.38,80.11,83.12
16.94,16.94,70.00,80.38,82.40
12.82,12.82,68.99,81.60,82.37
15.28,15.28,68.33,81.78,82.65
8.15,8.15,67.03,79.01,83.55
8.87,8.87,67.42,78.36,84.08
11.80,11.80,73.05,78.92,83.06
12.34,12.34,75.23,70.78,82.14
14.49,14.49,86.71,69.49,79.90
11.07,11.07,87.05,73.23,78.77
17.60,17.60,82.81,76.65,80.76
17.62,17.62,84.65,75.72,79.37
17.94,17.94,75.62,75.32,79.21
17.18,17.18,75.47,74.22,80.32
22.04,22.04,72.67,76.16,81.32
16.88,16.88,72.83,75.49,81.66
20.85,20.85,71.98,73.50,81.98
19.66,19.66,71.55,69.13,80.85
14.95,14.95,73.54,72.78,81.62
14.26,14.26,71.06,70.35,81.36
12.73,12.73,70.72,72.95,82.39
15.39,15.39,71.37,70.37,81.27
8.19,8.19,71.98,69.27,81.44
8.29,8.29,75.77,66.79,82.30
8.85,8.85,89.28,72.14,78.70
11.35,11.35,83.70,68.94,78.48
9.99,9.99,79.29,72.68,79.97
9.37,9.37,79.08,74.24,82.11
9.36,9.36,79.19,71.81,81.41
11.24,11.24,74.47,73.25,83.30
20.08,20.08,67.51,69.97,84.07
17.53,17.53,70.36,71.35,83.49
11.52,11.52,69.62,71.64,84.63
14.45,14.45,67.61,68.15,82.74
18.46,18.46,65.89,68.03,81.02
29.34,29.34,67.70,67.52,80.57
36.33,36.33,71.50,71.23,81.98
27.91,27.91,71.98,76.12,80.52
13.09,13.09,83.47,74.89,80.61
17.80,17.80,84.18,71.21,80.90
17.18,17.18,80.60,72.56,81.36
14.79,14.79,76.64,75.46,82.43
7.21,7.21,75.57,72.24,81.73
11.82,11.82,75.06,74.29,81.17
16.30,16.30,73.78,74.42,81.82
21.32,21.32,72.75,75.18,83.80
12.84,12.84,72.27,74.96,80.93
13.10,13.10,73.54,71.77,80.64
9.96,9.96,72.27,75.11,81.51
16.11,16.11,70.84,76.95,80.61
18.17,18.17,72.51,69.15,81.94
15.64,15.64,72.69,59.96,81.52
19.51,19.51,82.27,68.96,81.06
13.39,13.39,88.90,69.84,78.07
14.70,14.70,80.93,75.47,79.36
10.81,10.81,84.01,74.82,79.79
16.54,16.54,74.18,78.97,81.31
7.04,7.04,72.36,79.35,82.11
3.91,3.91,68.36,77.05,81.69
5.48,5.48,69.39,77.20,82.18
10.92,10.92,69.50,78.08,81.46
12.18,12.18,68.12,78.74,81.48
9.27,9.27,66.30,79.36,81.48
12.35,12.35,67.64,78.80,81.32
11.04,11.04,66.84,76.53,81.59
11.71,11.71,66.08,75.93,83.12
10.74,10.74,66.06,76.66,81.85
12.66,12.66,70.42,79.43,81.22
19.06,19.06,74.75,80.31,82.74
20.71,20.71,73.15,81.22,83.03
13.11,13.11,74.91,77.65,82.29
17.17,17.17,73.06,77.29,83.32
13.87,13.87,72.26,75.96,82.69
16.71,16.71,72.56,76.71,83.75
21.78,21.78,71.60,76.78,82.65
21.81,21.81,71.32,75.69,83.14
18.15,18.15,71.05,76.95,84.64
14.96,14.96,69.95,78.26,84.09
17.67,17.67,69.17,80.03,82.91
17.45,17.45,71.53,79.58,83.36
18.02,18.02,73.20,75.25,83.27
8.01,8.01,84.23,75.51,80.76
11.64,11.64,87.21,74.15,78.58
11.66,11.66,73.91,74.59,79.29
15.47,15.47,82.14,78.58,77.93
9.05,9.05,79.62,81.03,77.22
16.72,16.72,73.54,79.80,78.07
12.22,12.22,71.25,79.88,80.29
11.99,11.99,68.10,81.55,79.49
5.57,5.57,69.58,81.27,80.91
8.88,8.88,69.09,81.00,80.72
12.78,12.78,65.47,81.14,79.99
13.09,13.09,65.69,80.43,80.64
16.51,16.51,67.26,78.99,80.95
15.62,15.62,68.86,78.49,80.93
8.86,8.86,74.72,79.83,80.73
10.07,10.07,86.76,80.20,79.85
11.92,11.92,84.18,81.26,78.92
16.10,16.10,79.52,81.19,80.10
16.25,16.25,77.48,80.06,81.40
9.07,9.07,75.93,80.10,80.11
19.69,19.69,75.33,82.49,79.66
14.96,14.96,73.17,81.44,80.17
6.59,6.59,72.05,81.76,79.86
18.17,18.17,71.50,83.02,81.84
13.93,13.93,72.05,81.77,82.64
8.40,8.40,73.51,80.41,82.49
13.74,13.74,72.97,81.09,81.48
15.54,15.54,71.42,80.13,81.46
15.72,15.72,71.07,75.66,81.57
9.16,9.16,71.00,74.74,81.62
16.65,16.65,71.23,78.97,80.87
15.08,15.08,70.48,78.65,81.17
3.13,3.13,71.04,79.24,81.38
10.74,10.74,70.27,77.83,81.25
14.57,14.57,71.10,78.27,81.37
19.93,19.93,70.87,76.29,80.80
15.92,15.92,70.14,77.94,82.36
20.11,20.11,70.21,80.18,82.95
22.72,22.72,70.75,79.23,82.69
13.63,13.63,68.67,78.86,82.29
12.99,12.99,68.25,80.29,82.80
11.48,11.48,68.22,80.20,81.76
15.83,15.83,71.41,80.13,82.26
9.59,9.59,82.00,81.38,79.55
14.11,14.11,86.27,80.46,75.94
16.96,16.96,77.94,78.70,77.29
13.36,13.36,83.06,80.12,78.45
14.44,14.44,77.66,83.34,78.78
18.47,18.47,73.57,83.01,79.55
13.55,13.55,71.61,81.93,80.90
12.07,12.07,72.25,82.27,81.21
6.75,6.75,72.73,79.77,81.81
13.99,13.99,70.41,82.35,81.52
18.69,18.69,71.88,81.67,80.97
18.57,18.57,71.55,82.11,81.50
16.89,16.89,70.83,83.06,81.22
18.71,18.71,70.74,83.52,80.67
19.05,19.05,71.66,82.48,82.40
17.68,17.68,70.84,80.52,82.69
16.28,16.28,69.96,80.86,82.09
17.94,17.94,70.00,81.33,81.40
12.62,12.62,68.60,81.55,82.24
11.16,11.16,69.05,80.55,82.33
11.54,11.54,68.64,80.99,82.20
18.01,18.01,69.63,81.20,81.90
15.01,15.01,68.84,81.09,82.20
17.57,17.57,68.52,79.86,81.96
4.93,4.93,67.36,81.35,82.22
3.98,3.98,66.61,81.55,82.59
7.91,7.91,66.54,81.42,83.04
9.12,9.12,66.85,81.54,82.45
15.29,15.29,69.42,82.65,80.77
13.16,13.16,72.19,81.72,80.04
8.04,8.04,80.50,80.35,80.79
11.47,11.47,84.08,79.29,79.04
11.70,11.70,81.60,81.34,79.27
12.44,12.44,78.61,81.60,79.64
3.82,3.82,75.29,81.90,81.22
1.68,1.68,75.41,82.52,80.45
3.64,3.64,74.35,81.49,81.27
14.44,14.44,74.29,80.88,79.82
18.84,18.84,73.30,81.69,79.26
18.58,18.58,72.57,81.68,81.43
8.84,8.84,73.25,82.19,80.38
15.62,15.62,73.92,81.37,79.55
12.35,12.35,72.51,81.53,79.38
16.79,16.79,72.18,82.34,79.68
9.31,9.31,69.56,83.34,80.13
17.80,17.80,69.99,81.55,80.59
13.89,13.89,69.49,83.31,81.68
14.30,14.30,69.26,83.52,82.14
14.41,14.41,69.05,83.53,81.59
2.54,2.54,69.26,83.68,82.20
10.94,10.94,68.26,83.37,81.51
15.75,15.75,68.79,83.61,81.72
16.14,16.14,68.84,83.88,80.64
15.04,15.04,67.43,84.53,80.48
7.91,7.91,67.50,84.51,80.52
13.34,13.34,68.14,83.80,80.85
13.16,13.16,67.39,83.15,82.14
17.30,17.30,68.77,82.52,82.60
20.44,20.44,74.24,80.47,80.25
15.20,15.20,82.37,72.06,80.15
9.42,9.42,87.76,60.70,77.05
13.76,13.76,82.51,72.99,76.79
14.09,14.09,85.78,76.88,77.53
12.92,12.92,78.24,77.18,78.05
17.70,17.70,75.60,79.14,82.01
13.20,13.20,74.08,78.33,80.21
14.00,14.00,73.99,81.83,82.11
16.02,16.02,72.70,81.28,81.20
19.02,19.02,70.50,78.89,81.38
20.45,20.45,68.92,81.02,81.64
16.17,16.17,68.19,81.21,82.82
21.99,21.99,70.01,81.78,82.27
18.22,18.22,70.99,79.81,81.40
17.01,17.01,76.19,81.38,80.56
12.86,12.86,87.85,81.04,77.66
13.30,13.30,80.89,77.27,79.36
14.62,14.62,75.41,79.74,81.44
12.93,12.93,74.33,80.13,81.33
14.03,14.03,76.72,80.62,82.27
10.82,10.82,74.08,82.31,80.83
4.67,4.67,68.99,81.93,82.01
4.72,4.72,68.21,81.46,81.33
6.31,6.31,69.60,82.87,82.05
6.72,6.72,66.16,83.47,81.51
7.44,7.44,65.70,81.22,81.52
10.16,10.16,66.71,81.15,83.08
12.89,12.89,69.44,82.32,81.13
15.51,15.51,74.72,81.52,82.93
11.59,11.59,86.38,79.40,79.57
17.34,17.34,82.81,80.47,79.80
17.73,17.73,78.29,75.98,79.13
18.86,18.86,75.76,75.78,80.45
10.56,10.56,75.75,75.56,79.89
12.13,12.13,74.52,80.82,80.11
15.53,15.53,72.29,82.17,81.37
18.63,18.63,72.17,81.12,81.37
12.53,12.53,72.21,82.01,80.93
12.83,12.83,73.08,82.53,80.27
12.79,12.79,74.84,82.78,81.53
10.48,10.48,73.30,82.30,80.33
8.06,8.06,72.35,83.90,81.51
19.56,19.56,71.55,83.11,80.66
14.10,14.10,70.25,80.31,81.38
12.13,12.13,69.74,81.24,82.58
21.23,21.23,68.47,84.38,82.62
12.31,12.31,68.74,83.24,82.22
6.54,6.54,67.96,81.15,82.42
10.37,10.37,68.48,82.11,81.98
16.95,16.95,68.52,82.66,83.48
19.47,19.47,69.04,81.96,82.74
20.55,20.55,68.91,81.13,81.99
16.52,16.52,66.23,81.83,81.52
17.51,17.51,66.23,83.07,84.40
18.42,18.42,65.57,82.68,82.43
14.79,14.79,66.67,82.85,81.79
14.68,14.68,70.32,80.23,82.07
17.89,17.89,71.86,78.65,81.88
14.25,14.25,86.32,78.56,80.79
14.39,14.39,85.56,75.16,78.74
14.39,14.39,78.63,71.63,79.83
17.97,17.97,83.17,74.72,79.15
16.10,16.10,79.43,74.92,80.55
24.20,24.20,76.15,77.03,81.47
19.81,19.81,75.64,76.82,80.86
14.74,14.74,75.91,75.99,80.73
12.41,12.41,74.06,75.22,80.26
14.06,14.06,69.77,74.96,81.57
13.89,13.89,70.73,76.09,81.31
9.17,9.17,70.62,77.75,81.58
17.13,17.13,71.29,78.89,82.07
18.16,18.16,72.28,74.49,81.64
13.96,13.96,78.54,62.41,82.72
10.54,10.54,90.09,68.83,77.86
6.52,6.52,77.20,71.99,78.07
8.65,8.65,78.52,75.35,80.05
18.13,18.13,71.66,76.55,82.52
25.64,25.64,77.80,77.49,81.69
30.01,30.01,74.54,76.91,82.27
22.69,22.69,70.82,77.16,80.95
24.95,24.95,71.31,78.62,81.06
28.70,28.70,70.95,77.42,81.80
27.13,27.13,66.53,76.64,80.73
25.80,25.80,66.54,77.69,81.90
20.30,20.30,67.90,79.15,81.80
12.58,12.58,69.50,79.81,79.32
6.55,6.55,74.17,78.40,81.71
18.29,18.29,85.94,69.78,79.62
21.77,21.77,83.63,60.30,79.26
17.13,17.13,79.85,68.78,81.57
12.11,12.11,77.79,69.55,82.28
21.25,21.25,75.67,67.99,82.73
22.48,22.48,74.68,72.41,80.82
25.05,25.05,72.18,73.86,80.52
16.87,16.87,72.40,75.65,82.23
13.09,13.09,70.71,76.60,81.49
10.30,10.30,72.68,76.27,81.26
13.20,13.20,73.00,79.24,82.27
17.76,17.76,74.81,80.10,82.88
19.91,19.91,72.36,81.30,81.99
16.62,16.62,72.67,75.64,81.57
17.04,17.04,73.56,63.42,81.31
11.04,11.04,88.35,71.29,79.88
16.55,16.55,85.02,67.63,79.65
13.07,13.07,79.72,71.22,80.57
17.99,17.99,81.11,72.76,80.23
15.02,15.02,72.66,66.45,82.16
13.94,13.94,73.51,62.42,81.83
13.52,13.52,71.21,73.29,82.48
11.76,11.76,71.82,72.32,81.09
6.77,6.77,70.10,66.78,81.95
8.14,8.14,67.97,71.97,82.22
9.28,9.28,68.68,71.48,83.01
10.00,10.00,69.00,68.26,83.22
15.73,15.73,69.74,73.38,83.80
23.68,23.68,72.65,74.03,83.82
24.99,24.99,75.02,70.85,82.21
25.43,25.43,75.47,69.02,82.08
24.30,24.30,75.70,73.43,81.32
26.41,26.41,74.77,70.56,81.89
32.58,32.58,74.45,70.10,84.72
39.15,39.15,74.45,74.00,81.93
38.67,38.67,74.23,74.54,83.25
42.18,42.18,72.39,71.37,83.27
45.62,45.62,70.75,72.76,84.47
48.85,48.85,69.79,72.98,83.12
54.07,54.07,69.21,71.63,83.80
58.51,58.51,69.33,72.10,83.40
65.51,65.51,74.48,69.72,82.36
77.01,77.01,76.42,62.95,80.75
79.01,79.01,88.14,69.30,80.52
80.05,80.05,81.62,69.20,78.88
80.64,80.64,80.46,74.71,78.16
82.10,82.10,80.45,72.91,78.27
81.93,81.93,71.87,77.07,78.75
82.14,82.14,69.54,77.98,79.99
83.06,83.06,67.01,75.09,78.62
81.63,81.63,67.13,73.63,80.31
81.09,81.09,67.56,80.06,80.12
79.51,79.51,65.49,76.14,81.94
78.28,78.28,65.56,75.81,82.54
78.28,78.28,64.62,76.36,82.17
78.18,78.18,65.67,78.29,80.11
81.05,81.05,67.84,78.28,80.55
77.85,77.85,75.68,74.13,78.73
75.86,75.86,85.80,76.81,78.12
76.65,76.65,82.11,74.87,76.90
79.50,79.50,77.57,74.24,79.08
79.65,79.65,73.81,74.28,80.66
80.70,80.70,73.57,69.16,79.52
81.13,81.13,73.87,67.60,78.75
80.57,80.57,72.44,75.23,79.61
80.04,80.04,71.61,71.19,79.76
79.37,79.37,70.82,73.17,81.50
79.58,79.58,70.88,75.56,79.72
80.37,80.37,74.27,77.13,81.72
80.53,80.53,72.70,75.99,80.63
80.29,80.29,70.54,76.48,80.14
81.03,81.03,71.51,76.86,78.42
77.67,77.67,76.89,76.97,78.84
75.81,75.81,86.08,66.56,78.60
79.70,79.70,80.25,68.93,78.73
82.86,82.86,76.43,73.86,79.98
78.22,78.22,74.19,80.60,79.37
77.34,77.34,72.63,75.01,81.62
73.51,73.51,71.45,77.94,82.87
75.29,75.29,75.31,80.06,80.20
76.06,76.06,85.93,75.67,76.66
74.97,74.97,81.37,70.31,78.63
76.51,76.51,79.14,76.67,79.06
68.31,68.31,75.23,75.59,79.70
68.89,68.89,73.56,73.24,80.60
77.20,77.20,73.03,74.76,78.64
74.15,74.15,73.33,71.20,79.09
71.01,71.01,79.58,74.47,78.97
67.20,67.20,89.41,77.73,76.87
72.72,72.72,80.59,77.96,77.41
79.96,79.96,81.86,76.86,77.53
74.22,74.22,78.12,81.93,76.38
73.95,73.95,76.01,83.61,78.09
76.89,76.89,69.80,82.34,80.09
79.93,79.93,70.81,81.66,79.21
75.12,75.12,71.08,81.94,78.74
77.32,77.32,72.05,82.41,79.53
75.20,75.20,71.98,81.82,78.24
67.42,67.42,71.99,81.79,79.22
64.94,64.94,71.62,83.45,80.76
65.92,65.92,72.44,82.69,80.63
65.07,65.07,73.00,81.94,81.38
69.09,69.09,71.42,82.09,79.77
78.55,78.55,71.73,82.85,81.18
84.42,84.42,70.67,79.77,78.31
82.25,82.25,70.15,79.28,78.43
80.84,80.84,68.44,80.44,80.43
83.22,83.22,68.40,81.66,79.90
81.29,81.29,67.39,80.14,79.50
81.29,81.29,67.96,81.65,80.21
78.18,78.18,67.85,82.02,81.39
78.89,78.89,68.27,82.45,80.96
77.99,77.99,68.33,82.67,79.71
75.62,75.62,69.63,82.13,79.97
75.31,75.31,74.70,83.10,80.73
71.07,71.07,72.59,82.67,79.62
65.16,65.16,76.68,80.38,80.29
76.16,76.16,86.67,78.40,78.92
77.80,77.80,81.00,73.86,77.07
80.86,80.86,77.34,74.70,76.20
84.68,84.68,73.78,77.66,79.75
84.15,84.15,72.71,79.11,77.13
80.66,80.66,74.11,80.90,79.07
79.95,79.95,73.67,81.01,78.56
80.59,80.59,73.83,80.58,79.58
81.14,81.14,72.94,78.32,78.72
79.38,79.38,73.49,79.95,80.49
74.81,74.81,72.74,80.25,80.13
68.07,68.07,71.86,81.17,81.06
64.41,64.41,70.39,81.20,80.99
68.16,68.16,71.43,81.81,79.54
74.72,74.72,72.06,81.08,80.37
81.95,81.95,71.57,80.69,79.63
85.39,85.39,70.09,82.26,78.99
82.52,82.52,68.47,82.09,78.82
81.02,81.02,67.91,83.09,79.08
80.44,80.44,66.43,81.99,79.24
78.68,78.68,67.37,81.54,78.89
79.98,79.98,65.68,81.82,80.47
80.28,80.28,65.47,81.95,80.17
76.62,76.62,65.49,81.85,80.34
70.24,70.24,64.76,81.68,81.13
65.50,65.50,67.60,81.13,81.11
63.97,63.97,68.26,79.78,81.25
64.89,64.89,78.27,72.52,79.80
71.44,71.44,89.36,70.89,80.55
80.04,80.04,84.38,70.92,78.30
80.64,80.64,79.86,77.71,78.66
75.81,75.81,76.16,76.66,79.07
81.29,81.29,75.30,79.11,80.48
81.15,81.15,74.99,80.43,81.47
72.72,72.72,71.77,78.51,81.68
80.85,80.85,70.28,78.51,81.91
82.75,82.75,70.17,82.48,81.12
80.81,80.81,68.07,81.94,80.75
75.55,75.55,68.77,80.38,81.47
73.13,73.13,68.10,80.67,81.62
76.72,76.72,69.87,80.79,81.33
76.40,76.40,73.47,77.06,81.80
75.74,75.74,82.23,78.03,80.88
74.08,74.08,86.81,79.89,78.89
79.28,79.28,77.41,78.69,79.18
80.84,80.84,76.77,80.58,78.68
80.54,80.54,78.05,79.91,79.97
77.41,77.41,73.31,80.36,79.62
77.36,77.36,70.57,81.25,80.86
78.82,78.82,67.76,82.26,79.63
82.36,82.36,68.47,80.84,80.11
84.50,84.50,67.50,80.66,79.65
83.52,83.52,66.47,81.61,80.37
80.18,80.18,65.34,82.28,78.37
81.86,81.86,65.07,82.65,81.11
82.68,82.68,69.22,81.77,80.43
80.85,80.85,78.41,80.97,80.09
79.88,79.88,84.56,78.49,76.98
80.79,80.79,81.06,75.52,78.12
80.91,80.91,77.79,77.07,80.35
82.21,82.21,73.28,78.34,78.63
79.86,79.86,72.55,80.50,77.76
79.92,79.92,71.93,80.50,78.80
80.64,80.64,70.34,79.01,79.19
81.69,81.69,69.91,81.33,79.89
82.41,82.41,71.75,80.28,80.32
84.15,84.15,70.90,79.11,79.66
83.12,83.12,71.11,80.16,79.78
79.59,79.59,70.32,81.15,79.59
71.82,71.82,69.85,80.93,80.45
69.88,69.88,70.47,79.97,80.63
79.43,79.43,71.13,77.58,80.61
85.39,85.39,69.25,80.59,79.70
82.12,82.12,68.01,81.57,78.72
77.32,77.32,67.62,80.96,82.38
75.83,75.83,68.13,80.56,82.28
77.67,77.67,68.67,79.65,81.76
78.22,78.22,69.31,80.93,81.59
74.26,74.26,68.33,81.35,80.03
73.76,73.76,67.96,80.54,80.93
73.41,73.41,68.71,81.46,81.59
76.22,76.22,68.05,81.99,81.28
75.83,75.83,67.59,81.78,81.86
71.64,71.64,68.37,79.35,82.30
72.99,72.99,69.86,78.63,84.01
72.99,72.99,75.00,74.40,84.45
70.78,70.78,85.91,66.73,82.09
69.83,69.83,86.54,64.08,79.64
69.14,69.14,79.16,66.63,81.29
69.21,69.21,84.70,67.14,79.29
72.50,72.50,78.61,71.26,82.34
74.64,74.64,76.51,70.99,82.87
70.26,70.26,75.05,72.04,82.72
66.72,66.72,71.83,72.21,81.56
70.95,70.95,73.30,71.28,82.04
84.41,84.41,69.29,70.85,80.51
80.42,80.42,70.37,70.84,80.61
80.21,80.21,70.40,67.58,81.26
80.32,80.32,70.38,67.74,81.30
76.15,76.15,70.44,64.55,80.40
66.76,66.76,73.32,64.93,81.03
79.10,79.10,82.68,65.86,79.36
82.57,82.57,88.81,64.77,78.03
81.26,81.26,76.75,71.87,77.17
80.42,80.42,81.81,76.04,79.59
80.97,80.97,77.70,75.80,79.25
82.88,82.88,72.76,74.41,81.57
83.20,83.20,71.12,73.66,81.03
81.92,81.92,69.49,75.05,81.74
81.11,81.11,68.38,76.15,81.61
83.07,83.07,71.08,74.94,81.87
82.91,82.91,68.90,74.49,80.81
81.28,81.28,67.29,72.93,81.14
81.10,81.10,67.72,73.00,80.59
81.57,81.57,71.87,72.21,78.73
77.12,77.12,78.81,69.73,80.53
74.52,74.52,85.21,67.51,80.87
69.63,69.63,79.77,70.48,82.16
64.48,64.48,78.83,69.81,83.42
65.14,65.14,75.18,72.30,82.59
71.44,71.44,75.90,70.98,83.27
66.97,66.97,73.08,73.71,80.04
63.95,63.95,74.87,75.99,81.06
63.02,63.02,75.52,74.48,81.85
59.77,59.77,76.61,75.09,82.29
63.76,63.76,75.21,71.59,82.19
60.90,60.90,71.92,71.72,81.86
62.90,62.90,72.54,76.70,83.18
63.10,63.10,71.84,73.37,81.49
62.57,62.57,73.20,67.62,82.03
67.86,67.86,89.85,74.20,80.84
74.47,74.47,81.89,74.29,80.94
68.76,68.76,76.52,77.58,81.86
66.60,66.60,76.04,73.13,84.16
62.23,62.23,77.82,73.61,84.44
61.01,61.01,72.83,77.55,84.99
61.39,61.39,68.31,78.91,84.41
62.64,62.64,68.36,77.30,84.58
65.12,65.12,68.64,78.08,84.24
70.07,70.07,67.01,80.04,84.91
62.77,62.77,67.27,77.78,83.41
67.01,67.01,66.15,78.17,83.14
70.23,70.23,66.85,79.85,83.04
70.54,70.54,67.34,77.83,83.95
77.25,77.25,68.32,75.95,82.82
79.00,79.00,73.83,76.71,81.84
70.82,70.82,75.27,77.49,81.04
72.46,72.46,75.00,77.35,80.51
73.48,73.48,73.70,75.96,81.47
64.87,64.87,73.94,76.80,81.25
61.28,61.28,73.15,77.28,81.82
62.67,62.67,74.10,77.10,83.39
61.74,61.74,73.92,76.25,82.54
62.93,62.93,73.66,76.19,81.97
64.09,64.09,70.88,75.65,82.10
67.29,67.29,70.12,77.76,81.96
69.95,69.95,68.91,79.51,81.58
70.99,70.99,71.97,77.11,81.78
81.87,81.87,72.98,72.58,80.91
79.68,79.68,88.62,75.36,79.33
81.00,81.00,79.77,75.08,77.99
78.88,78.88,77.17,79.90,77.24
77.37,77.37,80.68,78.99,76.60
78.97,78.97,76.31,78.36,78.53
78.92,78.92,72.23,77.95,81.61
72.18,72.18,69.40,77.01,83.09
72.02,72.02,66.20,77.00,84.69
74.58,74.58,67.12,78.94,85.50
69.75,69.75,65.84,78.37,84.10
71.49,71.49,67.00,78.37,83.86
80.97,80.97,65.55,78.18,80.46
79.69,79.69,65.11,79.98,79.99
79.02,79.02,68.61,79.03,78.24
81.26,81.26,81.32,78.82,80.12
77.56,77.56,85.44,73.37,78.74
78.31,78.31,81.32,75.73,78.09
79.30,79.30,78.67,77.99,79.44
77.36,77.36,76.20,77.32,79.47
82.54,82.54,74.02,77.75,78.73
83.77,83.77,72.84,78.98,79.49
83.08,83.08,72.18,77.06,80.07
83.00,83.00,70.49,77.68,80.36
82.92,82.92,70.14,79.46,80.75
82.63,82.63,71.06,80.02,80.44
80.78,80.78,73.25,78.70,79.14
77.53,77.53,69.72,77.65,79.21
75.58,75.58,69.75,79.21,80.22
79.51,79.51,70.28,79.31,80.04
83.05,83.05,69.21,79.98,80.78
84.63,84.63,69.49,76.87,80.10
84.67,84.67,68.57,76.26,80.06
83.55,83.55,68.46,78.86,79.64
83.27,83.27,68.26,77.53,78.24
81.86,81.86,68.28,77.21,81.07
78.22,78.22,68.29,77.68,79.95
81.29,81.29,68.08,78.99,80.71
81.24,81.24,67.12,79.22,81.40
80.69,80.69,67.13,78.75,81.23
81.67,81.67,67.93,80.18,79.46
81.81,81.81,67.15,78.34,81.08
80.36,80.36,69.18,76.90,80.02
79.72,79.72,72.67,75.34,78.04
77.71,77.71,86.39,73.71,79.20
77.33,77.33,87.29,67.96,79.20
80.26,80.26,79.35,71.46,78.53
81.33,81.33,82.22,75.76,78.25
80.05,80.05,74.17,75.91,78.88
78.18,78.18,76.22,79.78,80.20
79.10,79.10,72.97,80.34,78.66
81.52,81.52,71.34,80.18,80.40
82.97,82.97,72.70,81.38,79.67
82.82,82.82,70.05,80.89,79.49
83.84,83.84,69.01,81.02,80.25
83.83,83.83,69.70,78.86,80.54
84.11,84.11,70.25,79.69,80.18
84.54,84.54,70.03,80.15,79.56
84.45,84.45,70.17,79.47,79.39
83.66,83.66,68.75,78.77,80.11
83.97,83.97,69.04,77.59,78.74
82.30,82.30,69.15,78.16,79.43
81.64,81.64,68.04,77.46,80.94
82.26,82.26,66.83,77.21,79.22
80.99,80.99,67.76,78.02,81.31
81.64,81.64,67.01,78.74,81.38
82.27,82.27,67.44,79.21,78.47
83.46,83.46,66.15,80.35,79.50
83.64,83.64,65.64,79.67,80.01
84.58,84.58,64.15,80.08,78.59
85.03,85.03,63.52,79.87,80.93
75.94,75.94,63.78,80.88,80.17
72.13,72.13,67.52,81.96,79.17
75.47,75.47,71.85,79.70,78.59
80.14,80.14,81.90,80.57,79.72
78.85,78.85,83.40,79.15,76.75
79.80,79.80,81.23,80.22,77.47
81.64,81.64,77.79,79.81,77.18
80.11,80.11,75.55,80.90,76.95
78.76,78.76,74.65,81.43,78.60
79.78,79.78,73.50,81.33,79.96
79.99,79.99,71.43,81.13,79.29
81.09,81.09,70.95,82.23,79.56
80.82,80.82,70.73,80.87,78.71
79.63,79.63,71.21,81.43,78.51
79.70,79.70,72.12,82.30,78.63
79.17,79.17,71.26,82.57,77.80
78.54,78.54,71.07,82.83,78.19
78.44,78.44,70.61,84.28,79.90
80.98,80.98,70.70,80.76,78.77
82.28,82.28,70.10,74.98,79.66
80.36,80.36,69.92,67.80,79.64
78.34,78.34,70.17,76.00,79.32
76.85,76.85,69.65,70.75,80.62
71.41,71.41,71.58,72.03,79.98
68.86,68.86,73.60,74.63,80.80
68.03,68.03,76.77,71.63,81.07
64.70,64.70,73.83,71.66,81.48
62.35,62.35,67.55,67.76,80.76
59.28,59.28,67.46,75.69,80.67
59.28,59.28,71.64,75.13,80.32
67.17,67.17,75.27,69.94,80.15
80.38,80.38,84.00,75.79,80.93
82.03,82.03,87.07,74.60,76.73
80.00,80.00,76.16,67.28,78.51
82.00,82.00,82.91,75.23,79.65
83.32,83.32,74.97,82.05,78.72
77.68,77.68,75.36,81.70,78.78
74.92,74.92,71.57,83.05,80.34
79.06,79.06,74.50,82.48,79.68
75.63,75.63,69.19,80.83,81.01
76.49,76.49,67.68,80.91,78.88
71.09,71.09,68.33,81.93,80.11
70.80,70.80,69.73,82.13,80.82
68.57,68.57,70.56,81.31,80.88
68.31,68.31,70.25,82.38,80.19
74.55,74.55,73.62,81.39,79.52
81.64,81.64,83.88,79.17,77.55
81.91,81.91,85.39,69.97,77.44
82.85,82.85,77.85,71.78,78.78
83.13,83.13,73.27,74.87,78.42
82.07,82.07,74.68,78.72,81.39
78.25,78.25,75.94,79.92,79.90
79.63,79.63,71.45,80.21,80.18
80.37,80.37,70.03,80.34,79.51
81.55,81.55,66.66,81.98,80.54
81.72,81.72,66.30,81.27,79.82
82.34,82.34,64.76,80.33,81.73
81.25,81.25,64.34,79.35,81.21
73.65,73.65,64.44,80.97,82.21
74.15,74.15,67.36,82.55,79.44
80.11,80.11,74.40,78.61,79.38
80.69,80.69,83.94,75.63,77.93
80.72,80.72,81.75,73.14,76.82
79.85,79.85,77.30,74.31,78.03
81.88,81.88,74.29,75.09,78.36
80.40,80.40,73.07,76.89,79.12
79.80,79.80,72.17,76.19,79.76
79.72,79.72,70.57,77.59,79.70
80.28,80.28,69.99,78.29,79.41
80.00,80.00,70.32,77.42,77.84
76.60,76.60,70.37,77.40,79.37
71.36,71.36,70.34,78.92,81.20
69.75,69.75,71.49,79.21,79.74
70.13,70.13,71.17,80.39,82.27
75.77,75.77,69.95,81.79,82.36
86.43,86.43,69.36,81.50,80.69
82.85,82.85,67.51,78.24,77.60
80.43,80.43,67.55,79.41,78.06
78.68,78.68,67.03,76.13,80.42
80.98,80.98,67.67,72.47,81.08
82.16,82.16,67.41,75.84,81.11
81.71,81.71,67.53,76.18,80.31
81.68,81.68,66.00,77.45,81.18
81.62,81.62,66.37,77.30,79.86
79.59,79.59,65.37,76.80,82.05
81.68,81.68,66.22,78.76,79.86
82.00,82.00,64.66,80.48,79.72
78.87,78.87,66.43,77.36,80.66
78.07,78.07,68.09,73.17,79.28
82.92,82.92,74.14,65.08,79.34
76.79,76.79,88.63,63.42,77.90
83.16,83.16,83.14,59.82,79.33
82.38,82.38,76.13,62.80,79.21
83.45,83.45,80.52,70.25,78.44
84.97,84.97,76.61,71.88,78.46
83.34,83.34,77.60,72.60,79.62
81.25,81.25,75.19,74.05,80.09
83.85,83.85,72.09,75.13,79.05
84.53,84.53,73.99,75.80,79.98
84.91,84.91,68.97,73.98,81.41
83.09,83.09,69.83,72.02,80.08
81.07,81.07,70.51,74.70,78.98
85.63,85.63,70.95,74.54,79.39
85.26,85.26,71.30,68.00,79.41
77.81,77.81,73.72,67.06,79.84
79.29,79.29,88.82,65.78,78.80
78.24,78.24,83.00,65.05,77.15
80.06,80.06,78.27,64.65,80.37
83.62,83.62,75.49,69.02,81.30
78.65,78.65,78.99,71.63,81.47
78.15,78.15,76.54,73.18,79.99
80.76,80.76,67.47,72.51,81.30
80.96,80.96,64.52,71.86,81.89
81.89,81.89,66.76,70.05,80.78
81.52,81.52,65.71,73.32,78.20
82.50,82.50,63.82,74.91,80.06
82.64,82.64,64.04,74.57,80.83
83.17,83.17,66.20,72.64,78.99
81.56,81.56,73.83,74.91,77.85
78.57,78.57,85.80,76.55,78.78
81.86,81.86,81.30,77.46,77.01
81.20,81.20,78.43,71.07,77.56
81.44,81.44,74.77,73.67,78.43
82.06,82.06,73.59,71.11,79.94
83.46,83.46,73.32,74.01,78.80
83.02,83.02,71.63,72.41,79.79
83.55,83.55,71.34,73.58,79.41
82.70,82.70,71.44,73.45,79.27
80.09,80.09,71.63,74.92,79.69
82.13,82.13,70.88,73.99,79.17
79.51,79.51,72.33,72.18,79.65
80.99,80.99,72.38,69.29,78.78
85.54,85.54,72.83,67.35,77.45
82.89,82.89,87.46,66.51,76.59
80.37,80.37,80.28,63.27,73.27
79.86,79.86,77.79,70.09,75.45
79.72,79.72,82.85,73.73,78.06
82.90,82.90,73.97,74.25,76.96
84.16,84.16,68.61,73.78,77.09
82.84,82.84,71.91,74.19,76.75
84.67,84.67,67.34,74.06,77.03
84.04,84.04,68.66,75.80,77.40
83.86,83.86,66.10,73.96,77.33
82.13,82.13,65.26,75.90,78.35
81.35,81.35,65.99,75.98,76.52
81.58,81.58,67.48,73.32,78.70
84.58,84.58,64.88,74.85,77.76
84.50,84.50,66.56,74.09,79.47
80.91,80.91,69.56,73.05,78.78
84.52,84.52,74.59,74.77,76.48
81.37,81.37,76.48,74.99,78.17
77.89,77.89,75.15,75.08,77.55
80.79,80.79,75.07,75.31,78.18
82.70,82.70,75.22,72.76,79.54
81.54,81.54,74.59,73.63,79.24
82.60,82.60,73.58,75.36,78.10
80.49,80.49,72.63,75.75,77.80
82.22,82.22,73.41,75.36,76.88
84.51,84.51,70.65,74.94,77.87
84.98,84.98,71.17,74.08,77.12
81.35,81.35,72.79,72.59,79.25
77.58,77.58,72.08,66.40,76.66
79.94,79.94,77.45,57.77,80.26
80.94,80.94,88.15,61.49,75.44
80.12,80.12,79.50,66.66,77.13
76.42,76.42,80.90,73.55,77.92
82.82,82.82,76.34,73.86,78.11
82.08,82.08,74.22,72.82,78.12
82.59,82.59,72.03,73.31,77.25
79.23,79.23,74.19,72.54,78.24
80.70,80.70,72.36,73.17,78.44
86.02,86.02,70.94,73.56,78.41
77.31,77.31,68.97,72.56,78.29
76.07,76.07,68.21,73.51,78.53
85.17,85.17,67.04,72.73,76.11
84.52,84.52,66.69,72.51,76.80
84.02,84.02,70.19,67.93,76.70
79.47,79.47,79.71,60.85,77.01
77.72,77.72,84.05,73.27,77.81
79.31,79.31,81.19,72.40,76.92
81.66,81.66,77.85,71.48,77.09
80.20,80.20,75.70,72.53,76.76
76.40,76.40,74.99,74.18,77.53
81.82,81.82,74.39,74.21,77.72
79.23,79.23,73.01,73.55,77.75
75.27,75.27,71.66,75.52,77.81
79.49,79.49,72.14,75.74,77.91
81.20,81.20,72.98,75.00,77.29
80.48,80.48,73.08,75.48,76.89
80.58,80.58,74.18,75.17,78.44
80.94,80.94,70.25,72.22,78.02
80.91,80.91,71.05,68.45,79.68
81.13,81.13,72.86,72.29,77.59
78.54,78.54,71.39,70.02,79.67
79.55,79.55,69.57,76.53,79.24
80.86,80.86,70.31,73.81,80.73
80.78,80.78,67.88,75.26,79.58
79.29,79.29,69.46,74.07,78.59
79.05,79.05,68.18,71.17,80.63
81.40,81.40,70.01,74.36,79.40
81.54,81.54,68.70,75.24,78.45
81.06,81.06,68.27,74.20,79.33
82.67,82.67,66.78,70.59,77.55
80.02,80.02,66.89,74.51,79.04
80.09,80.09,68.03,73.69,75.41
80.45,80.45,76.33,71.31,75.09
78.85,78.85,83.00,70.90,75.51
76.63,76.63,88.50,66.04,72.80
78.74,78.74,78.12,65.11,74.71
77.53,77.53,81.88,73.42,75.51
77.88,77.88,77.90,75.17,76.33
77.81,77.81,79.00,73.55,77.04
79.02,79.02,73.29,73.78,76.39
80.62,80.62,72.77,72.68,77.24
78.64,78.64,73.57,75.47,76.78
78.66,78.66,72.13,75.95,77.23
80.63,80.63,70.86,74.67,77.46
78.70,78.70,71.70,74.17,78.80
78.17,78.17,71.02,72.91,78.86
80.81,80.81,70.56,75.91,79.61
80.72,80.72,71.75,71.77,78.13
79.32,79.32,70.82,72.85,78.97
79.05,79.05,71.16,80.20,79.19
81.11,81.11,68.55,79.52,78.24
81.63,81.63,68.54,77.45,79.20
77.84,77.84,68.84,75.96,78.72
78.58,78.58,69.21,75.40,79.67
81.39,81.39,68.28,76.16,79.74
80.22,80.22,66.84,76.00,79.85
80.18,80.18,66.72,76.29,79.63
78.78,78.78,65.57,75.43,77.83
81.47,81.47,64.76,76.25,79.16
81.61,81.61,66.30,77.06,78.00
78.62,78.62,67.53,76.05,77.92
79.94,79.94,69.54,75.42,78.23
79.65,79.65,78.08,77.16,75.31
79.55,79.55,85.93,78.36,77.25
75.31,75.31,82.20,77.75,75.93
76.21,76.21,79.04,74.69,76.28
79.70,79.70,76.83,74.62,75.54
79.60,79.60,76.58,74.73,77.17
79.38,79.38,74.55,76.43,76.86
77.36,77.36,73.03,76.87,79.20
78.88,78.88,71.63,74.44,78.90
80.16,80.16,71.91,71.37,78.89
80.69,80.69,71.96,74.35,77.26
81.98,81.98,73.01,75.44,78.71
82.06,82.06,72.91,72.04,74.65
80.16,80.16,74.45,66.36,74.86
78.10,78.10,83.51,69.13,76.88
77.50,77.50,87.45,71.45,74.72
78.49,78.49,76.75,72.60,75.71
78.94,78.94,82.18,71.35,76.16
78.08,78.08,79.57,72.40,76.21
78.00,78.00,72.82,74.77,78.36
80.47,80.47,70.17,73.47,77.90
81.98,81.98,70.63,73.31,77.24
80.50,80.50,69.65,71.54,77.97
78.86,78.86,67.65,73.54,78.46
79.94,79.94,65.73,74.18,80.19
81.41,81.41,65.58,74.10,78.82
81.22,81.22,67.25,74.29,77.25
80.95,80.95,68.95,74.81,75.73
80.92,80.92,72.01,75.21,74.30
79.01,79.01,86.68,74.45,75.95
80.61,80.61,84.12,73.26,74.71
79.93,79.93,79.87,73.57,75.76
78.99,78.99,76.88,76.70,75.79
78.10,78.10,75.31,75.72,77.98
79.85,79.85,73.66,74.97,77.53
82.34,82.34,73.60,76.26,77.22
80.77,80.77,72.49,78.02,77.43
79.72,79.72,69.79,78.14,79.06
80.12,80.12,70.93,77.54,78.50
79.08,79.08,71.62,76.54,78.21
79.79,79.79,72.86,75.28,79.26
80.14,80.14,72.24,74.67,79.10
80.75,80.75,73.72,73.51,76.30
76.55,76.55,85.96,72.34,75.05
77.94,77.94,85.41,66.76,73.92
79.23,79.23,76.18,65.70,76.41
79.83,79.83,80.12,72.06,76.94
77.72,77.72,79.86,74.72,78.22
74.93,74.93,77.82,77.48,79.58
70.15,70.15,69.38,77.49,80.52
67.55,67.55,69.31,75.19,81.53
66.12,66.12,68.10,76.33,81.19
60.02,60.02,66.91,76.69,80.59
57.50,57.50,65.63,75.71,79.08
61.26,61.26,66.07,75.00,78.08
58.24,58.24,67.78,75.66,78.14
56.26,56.26,69.56,75.38,80.24
55.06,55.06,78.22,76.09,78.24
61.98,61.98,86.07,75.69,76.09
57.82,57.82,81.27,80.64,76.86
58.68,58.68,78.59,80.77,78.52
61.00,61.00,76.45,75.81,77.73
66.68,66.68,74.60,72.33,77.50
60.59,60.59,75.49,73.87,77.58
60.55,60.55,72.67,74.23,77.36
64.93,64.93,72.97,74.24,79.88
71.20,71.20,72.87,76.42,77.57
69.60,69.60,72.87,75.59,80.47
72.94,72.94,72.92,72.71,78.59
76.06,76.06,73.87,71.26,80.36
72.72,72.72,74.32,74.33,80.67
71.54,71.54,73.30,74.05,78.19
71.96,71.96,79.17,71.60,78.43
64.94,64.94,85.10,73.89,76.71
68.07,68.07,83.44,74.12,77.67
76.52,76.52,77.54,74.57,77.15
76.05,76.05,76.34,74.04,77.91
75.89,75.89,75.81,73.38,77.94
78.81,78.81,75.46,71.56,75.46
80.19,80.19,84.95,74.33,77.23
74.70,74.70,84.75,73.10,76.81
62.94,62.94,80.99,74.06,78.57
64.21,64.21,77.66,76.65,78.98
62.31,62.31,76.81,75.37,79.30
59.94,59.94,73.36,74.94,79.22
66.48,66.48,73.93,75.30,78.09
73.71,73.71,77.40,71.81,80.29
74.83,74.83,82.93,69.78,78.16
71.83,71.83,82.92,68.06,79.50
74.44,74.44,80.19,68.21,79.33
72.43,72.43,77.10,69.73,79.31
75.33,75.33,75.74,72.28,79.54
75.34,75.34,76.45,72.56,80.68
74.43,74.43,76.09,71.33,81.55
73.92,73.92,76.04,70.66,80.26
72.53,72.53,76.59,68.74,81.55
77.02,77.02,76.23,70.40,79.93
76.69,76.69,76.04,71.57,81.57
75.40,75.40,75.43,68.21,81.20
75.26,75.26,74.82,68.45,81.45
77.49,77.49,74.13,70.63,81.04
78.15,78.15,74.23,73.51,81.88
79.32,79.32,73.94,70.79,82.17
79.67,79.67,73.96,64.07,80.19
80.87,80.87,72.56,67.82,79.54
78.91,78.91,72.24,70.79,79.06
75.40,75.40,72.74,68.06,77.47
62.76,62.76,73.54,70.61,78.87
59.29,59.29,72.26,73.76,77.58
50.88,50.88,71.07,71.01,77.62
50.93,50.93,70.50,70.23,75.60
47.15,47.15,70.25,67.54,76.00
46.38,46.38,68.80,70.37,75.00
44.49,44.49,70.48,70.26,75.30
47.26,47.26,72.61,71.49,73.81
64.21,64.21,76.90,63.64,78.48
73.86,73.86,82.20,62.15,77.79
76.55,76.55,80.44,70.43,75.47
78.02,78.02,79.00,68.37,76.43
77.92,77.92,76.11,70.49,75.54
77.37,77.37,72.57,68.12,76.86
76.86,76.86,69.95,69.90,75.85
75.65,75.65,68.75,68.79,77.06
78.26,78.26,69.94,67.82,75.64
79.02,79.02,68.43,69.47,75.35
79.11,79.11,67.49,70.79,78.02
77.84,77.84,67.87,73.44,75.57
78.00,78.00,65.90,72.68,77.88
78.52,78.52,65.90,66.62,77.69
76.85,76.85,64.08,68.53,76.04
75.90,75.90,68.50,67.17,76.98
79.87,79.87,65.38,70.26,78.02
77.67,77.67,62.96,72.67,80.15
76.82,76.82,62.22,69.64,79.30
78.43,78.43,62.63,68.28,80.15
78.44,78.44,61.85,71.83,80.39
69.77,69.77,61.44,67.59,77.19
65.36,65.36,62.02,74.44,79.71
60.88,60.88,62.61,71.84,78.36
56.27,56.27,61.44,65.67,79.70
52.68,52.68,61.91,64.71,79.32
56.01,56.01,61.13,64.09,80.46
55.30,55.30,61.60,68.18,78.73
63.64,63.64,68.86,64.51,76.79
71.09,71.09,73.85,68.70,75.14
73.95,73.95,84.19,67.57,75.38
76.08,76.08,83.08,61.25,75.90
75.78,75.78,81.45,61.62,75.59
79.03,79.03,78.81,71.17,75.18
77.75,77.75,60.81,76.02,72.69
78.10,78.10,56.69,74.57,74.79
79.68,79.68,48.01,67.08,73.33
80.23,80.23,50.17,68.79,71.09
78.97,78.97,49.77,73.99,72.51
81.13,81.13,50.08,77.15,74.23
81.50,81.50,47.83,74.83,73.22
78.37,78.37,49.72,70.35,70.42
80.11,80.11,59.91,67.07,73.70
80.12,80.12,66.80,73.39,74.11
81.45,81.45,81.27,73.44,74.30
78.06,78.06,86.72,74.15,71.27
78.65,78.65,80.52,70.54,69.16
79.24,79.24,81.33,71.59,70.50
80.41,80.41,70.75,75.93,70.09
79.80,79.80,59.10,78.60,70.72
78.65,78.65,55.65,76.93,70.03
76.39,76.39,49.27,76.32,70.18
73.82,73.82,44.86,74.41,70.08
68.39,68.39,47.84,76.54,71.40
68.72,68.72,46.09,77.08,71.74
66.12,66.12,44.19,78.36,70.44
63.08,63.08,53.90,76.71,65.80
59.24,59.24,61.02,75.37,65.06
64.52,64.52,71.97,77.24,64.48
79.32,79.32,83.86,76.03,64.41
79.50,79.50,83.01,76.82,63.02
79.53,79.53,77.92,76.03,60.37
78.61,78.61,69.46,76.81,64.11
79.66,79.66,59.18,77.74,63.50
79.65,79.65,54.52,76.81,60.80
79.15,79.15,53.10,75.90,62.02
78.25,78.25,52.76,76.85,61.00
79.18,79.18,50.24,76.90,60.25
77.86,77.86,49.92,76.27,61.66
77.56,77.56,47.94,77.39,60.16
73.19,73.19,48.14,76.71,59.55
75.14,75.14,56.37,75.89,61.56
71.03,71.03,66.82,73.19,62.70
71.18,71.18,80.00,65.17,70.88
77.72,77.72,82.87,61.28,72.69
79.20,79.20,78.59,63.60,73.42
78.40,78.40,82.38,67.84,72.21
78.06,78.06,66.84,69.03,72.06
77.28,77.28,53.75,70.40,72.43
77.44,77.44,56.55,71.23,71.24
76.43,76.43,48.66,73.45,70.16
76.67,76.67,46.59,71.89,70.16
77.58,77.58,41.01,72.36,71.93
78.15,78.15,40.69,73.03,71.22
79.51,79.51,40.74,72.36,69.97
78.83,78.83,44.41,73.72,69.93
79.16,79.16,50.21,73.13,69.39
79.25,79.25,61.05,73.39,69.88
81.05,81.05,74.75,73.83,69.39
82.01,82.01,57.98,71.76,70.09
81.59,81.59,54.93,71.68,67.82
80.93,80.93,57.44,72.35,68.28
80.07,80.07,52.33,72.87,68.02
79.35,79.35,47.34,73.00,68.00
77.78,77.78,38.84,71.71,67.56
77.60,77.60,38.68,72.03,67.99
77.30,77.30,36.41,72.09,65.17
78.32,78.32,35.13,71.51,66.90
78.73,78.73,36.48,72.78,66.00
79.51,79.51,39.52,71.71,67.16
78.41,78.41,45.12,72.32,66.14
77.76,77.76,50.68,71.89,66.13
78.35,78.35,65.35,73.24,66.97
78.30,78.30,63.36,72.08,66.41
78.64,78.64,64.05,71.10,66.00
78.77,78.77,59.13,71.77,65.04
77.77,77.77,54.19,71.78,65.73
74.48,74.48,52.88,71.20,66.69
77.18,77.18,50.20,71.56,65.87
68.73,68.73,48.38,71.87,65.09
61.63,61.63,50.92,70.96,65.77
61.17,61.17,42.06,71.74,65.07
59.04,59.04,36.27,70.92,65.48
59.76,59.76,40.27,71.89,65.12
64.08,64.08,49.75,71.29,65.16
63.84,63.84,63.75,72.38,64.17
64.42,64.42,73.45,69.77,64.71
62.31,62.31,83.77,62.36,67.75
74.76,74.76,84.76,63.15,69.14
79.00,79.00,78.28,71.24,68.27
79.52,79.52,69.63,72.90,68.20
80.42,80.42,61.80,73.89,68.27
80.58,80.58,58.68,74.54,66.24
80.49,80.49,57.18,74.92,67.35
79.92,79.92,53.86,73.73,67.71
79.23,79.23,51.75,73.70,66.29
79.30,79.30,48.40,74.89,66.55
79.55,79.55,44.45,74.07,66.94
79.55,79.55,43.54,74.39,67.12
77.52,77.52,46.13,76.00,66.39
76.58,76.58,49.76,75.24,66.00
79.29,79.29,62.76,75.67,65.49
78.44,78.44,61.87,75.43,65.07
78.12,78.12,53.74,74.72,65.94
75.22,75.22,56.50,75.25,65.60
75.97,75.97,56.73,75.16,65.30
77.24,77.24,50.54,75.99,65.01
76.89,76.89,47.24,75.19,65.37
77.02,77.02,40.23,76.08,64.25
63.34,63.34,37.96,76.83,65.03
54.84,54.84,37.74,76.47,66.93
61.95,61.95,36.47,75.95,66.97
57.71,57.71,38.88,75.44,65.97
61.12,61.12,48.09,73.77,62.20
61.15,61.15,58.93,70.60,62.51
68.94,68.94,71.69,66.34,65.12
81.97,81.97,84.21,65.08,67.98
79.76,79.76,83.80,62.90,68.46
79.98,79.98,80.10,70.05,68.49
79.59,79.59,77.25,73.23,68.31
80.78,80.78,57.30,73.29,69.12
81.14,81.14,53.95,73.40,68.67
80.84,80.84,52.83,73.87,68.96
79.16,79.16,47.00,74.59,69.72
78.66,78.66,42.57,73.26,68.55
79.07,79.07,42.61,74.45,70.12
81.52,81.52,41.93,74.31,68.03
74.63,74.63,44.66,74.17,65.26
68.80,68.80,54.39,74.50,66.93
75.12,75.12,63.29,73.53,67.05
81.63,81.63,76.44,70.75,74.39
80.22,80.22,84.66,65.98,72.81
81.05,81.05,83.64,58.66,72.74
81.25,81.25,82.46,62.53,71.66
80.53,80.53,72.19,66.81,71.29
80.20,80.20,63.81,69.43,70.41
80.36,80.36,52.69,70.66,69.93
70.07,70.07,46.09,68.77,71.08
59.78,59.78,46.59,71.70,70.44
66.75,66.75,43.21,69.51,70.55
64.96,64.96,40.21,70.55,69.94
66.45,66.45,40.58,71.44,71.29
65.16,65.16,48.39,68.65,70.21
64.72,64.72,60.54,71.61,68.69
68.51,68.51,70.78,68.96,66.03
79.55,79.55,81.98,71.47,62.94
79.07,79.07,81.96,72.26,60.65
77.45,77.45,78.98,71.07,58.66
79.67,79.67,72.02,72.24,60.38
78.67,78.67,60.63,71.99,60.34
78.66,78.66,55.09,72.41,60.19
78.60,78.60,49.81,74.93,61.06
77.92,77.92,46.87,73.52,60.34
77.89,77.89,43.28,73.20,59.86
79.11,79.11,41.96,74.08,59.65
76.11,76.11,39.78,73.30,60.68
72.97,72.97,43.91,74.21,59.86
72.35,72.35,57.70,72.76,57.28
69.52,69.52,68.76,69.29,57.34
74.28,74.28,79.09,64.76,65.85
78.96,78.96,86.64,60.68,71.52
77.69,77.69,79.16,67.87,72.08
74.64,74.64,80.18,72.20,69.47
74.10,74.10,70.97,73.29,70.98
67.92,67.92,54.66,74.59,69.80
63.35,63.35,53.35,74.11,69.17
55.64,55.64,48.62,74.59,69.41
54.87,54.87,40.54,74.50,67.48
59.56,59.56,43.87,74.51,66.76
61.90,61.90,40.84,74.02,66.44
62.51,62.51,38.42,75.40,65.81
63.49,63.49,48.52,73.27,66.20
63.49,63.49,57.15,76.05,65.60
63.75,63.75,61.19,74.39,64.56
79.60,79.60,74.65,77.02,63.50
78.53,78.53,64.93,73.95,59.15
81.14,81.14,60.17,75.20,62.61
80.31,80.31,57.72,73.81,59.64
79.65,79.65,56.87,75.02,60.44
79.79,79.79,48.81,74.06,58.92
79.99,79.99,44.27,75.69,58.37
79.67,79.67,38.66,74.12,55.30
78.65,78.65,38.44,75.08,54.51
78.61,78.61,36.95,74.60,54.73
79.93,79.93,35.50,74.24,51.34
79.21,79.21,37.95,75.58,53.51
80.09,80.09,44.49,73.55,51.91
79.67,79.67,54.47,75.70,50.67
79.49,79.49,64.54,72.18,53.48
78.95,78.95,65.81,74.37,51.50
76.07,76.07,63.47,72.52,50.46
72.13,72.13,59.72,74.64,52.21
64.69,64.69,57.69,73.11,49.98
63.70,63.70,54.02,75.98,49.90
64.23,64.23,53.00,73.02,49.46
63.81,63.81,42.97,76.05,49.56
64.23,64.23,38.55,73.84,48.33
69.44,69.44,44.36,74.64,49.64
67.29,67.29,47.20,74.52,46.69
73.48,73.48,53.17,73.20,48.48
70.10,70.10,56.16,75.41,48.24
65.05,65.05,62.36,71.31,57.03
71.92,71.92,72.79,72.67,63.10
78.72,78.72,81.92,67.29,66.50
79.64,79.64,82.36,67.62,61.45
78.04,78.04,79.73,68.73,63.28
75.85,75.85,72.71,71.63,66.43
75.06,75.06,60.53,71.59,68.24
75.53,75.53,55.40,70.46,68.96
75.19,75.19,50.97,72.66,66.69
75.10,75.10,46.26,68.11,67.16
75.91,75.91,43.00,71.12,66.52
76.21,76.21,40.99,66.91,65.36
75.48,75.48,39.16,71.53,64.80
76.88,76.88,39.42,70.23,63.88
77.16,77.16,44.93,73.29,59.72
75.96,75.96,52.35,69.34,57.00
74.32,74.32,63.56,73.31,66.74
74.56,74.56,64.93,70.71,64.25
75.72,75.72,60.30,70.81,65.13
75.14,75.14,60.31,72.78,65.67
76.41,76.41,57.68,71.15,64.26
77.00,77.00,49.50,73.79,63.84
78.83,78.83,46.70,70.39,63.00
77.51,77.51,38.71,74.31,63.36
77.99,77.99,36.76,71.05,63.54
70.12,70.12,33.65,74.76,62.92
69.91,69.91,35.04,73.18,63.16
72.54,72.54,37.83,74.29,61.04
76.52,76.52,50.65,71.50,60.54
79.16,79.16,60.88,70.35,61.39
80.53,80.53,67.82,64.44,63.68
79.98,79.98,84.25,61.47,68.80
78.74,78.74,83.40,55.74,70.20
78.18,78.18,82.59,66.65,70.42
77.81,77.81,79.84,67.78,69.53
77.39,77.39,65.18,70.91,68.47
76.68,76.68,58.54,71.48,67.12
76.96,76.96,52.11,71.31,67.71
77.90,77.90,47.27,69.67,67.88
79.04,79.04,43.99,70.29,65.77
78.83,78.83,36.66,71.35,65.61
78.44,78.44,39.40,71.04,65.45
79.23,79.23,36.67,71.38,64.93
79.94,79.94,42.73,72.19,65.84
80.39,80.39,48.29,71.53,65.16
80.88,80.88,61.68,74.16,63.41
79.75,79.75,65.21,72.09,62.03
77.56,77.56,58.08,71.74,61.62
75.29,75.29,55.86,71.44,63.65
73.61,73.61,55.36,72.53,63.84
62.60,62.60,51.84,72.85,62.84
58.45,58.45,42.87,71.04,63.03
57.85,57.85,42.84,71.82,63.84
59.46,59.46,39.57,71.45,64.24
59.54,59.54,34.99,71.61,61.97
60.59,60.59,32.62,71.64,61.19
60.57,60.57,32.96,71.63,60.03
57.30,57.30,39.35,72.02,60.21
58.29,58.29,56.09,70.89,60.05
66.83,66.83,67.49,71.62,65.03
70.93,70.93,80.40,75.68,69.15
81.38,81.38,83.01,72.84,69.15
83.40,83.40,79.31,71.25,69.52
83.02,83.02,73.28,74.27,69.82
81.61,81.61,61.00,75.31,71.48
80.56,80.56,55.96,74.98,71.43
81.33,81.33,50.24,75.38,72.72
81.31,81.31,45.29,74.50,70.70
79.29,79.29,40.68,73.34,71.22
65.69,65.69,38.06,74.03,71.68
61.95,61.95,36.76,72.49,71.01
63.20,63.20,41.09,74.44,71.11
73.78,73.78,56.06,73.90,67.38
83.03,83.03,64.72,72.31,64.42
85.05,85.05,76.36,69.63,64.41
82.35,82.35,84.37,67.49,62.99
80.85,80.85,83.74,67.32,62.61
80.29,80.29,83.36,70.36,63.82
79.92,79.92,73.91,73.39,62.71
79.94,79.94,60.12,73.70,62.28
80.62,80.62,48.77,74.76,63.80
78.10,78.10,53.40,75.22,63.00
71.92,71.92,41.15,75.67,62.84
67.12,67.12,43.32,76.38,63.12
68.57,68.57,41.88,75.69,63.86
67.19,67.19,40.94,75.10,61.98
65.45,65.45,47.44,76.39,57.50
65.70,65.70,61.50,76.61,55.81
66.45,66.45,68.08,72.88,60.75
70.59,70.59,83.79,70.18,69.50
81.38,81.38,85.75,61.56,73.54
78.51,78.51,82.28,67.10,73.34
77.85,77.85,81.39,73.01,69.54
76.87,76.87,61.93,70.24,69.60
77.89,77.89,58.06,70.24,68.77
77.27,77.27,55.71,75.81,67.93
76.44,76.44,48.66,72.84,68.39
77.77,77.77,49.29,73.54,66.87
78.74,78.74,48.86,73.33,67.70
77.95,77.95,46.07,73.86,67.06
79.65,79.65,45.46,74.16,65.77
78.32,78.32,47.58,74.03,64.47
78.54,78.54,53.14,73.03,64.32
77.75,77.75,61.21,72.96,64.05
77.15,77.15,65.61,74.33,62.65
78.75,78.75,63.28,73.11,61.15
79.00,79.00,57.69,72.09,60.16
79.35,79.35,58.50,73.38,60.52
80.94,80.94,54.27,74.10,59.56
75.54,75.54,51.41,74.02,61.52
64.15,64.15,52.55,72.18,61.62
62.21,62.21,56.36,73.55,62.02
58.26,58.26,50.17,74.08,59.63
58.99,58.99,44.93,74.50,59.33
60.97,60.97,43.98,74.74,59.56
62.77,62.77,48.29,74.30,57.90
63.99,63.99,56.44,74.14,55.93
70.68,70.68,68.12,72.14,57.50
85.17,85.17,81.98,66.71,66.78
82.04,82.04,82.28,66.99,68.15
80.72,80.72,81.16,71.56,64.80
79.75,79.75,73.67,71.04,65.97
79.30,79.30,64.37,73.13,66.81
79.98,79.98,58.22,72.53,66.37
79.81,79.81,54.86,72.26,67.97
80.27,80.27,47.22,71.55,67.56
79.83,79.83,43.37,72.00,67.56
80.49,80.49,40.54,71.31,67.83
81.18,81.18,38.54,73.30,67.47
82.52,82.52,37.45,73.76,65.27
81.78,81.78,41.86,73.44,63.92
80.99,80.99,47.35,72.37,61.91
80.05,80.05,61.00,73.34,62.59
80.96,80.96,65.16,74.18,59.37
81.60,81.60,61.88,74.45,58.16
80.95,80.95,58.63,73.45,57.63
79.37,79.37,58.08,74.80,55.77
79.99,79.99,49.42,73.82,55.53
80.29,80.29,47.11,74.36,54.64
80.73,80.73,38.95,74.18,54.72
80.21,80.21,34.59,74.01,52.46
79.90,79.90,36.68,74.22,52.70
77.08,77.08,37.22,74.01,53.16
71.82,71.82,31.69,74.82,53.53
69.76,69.76,50.32,73.18,50.38
67.57,67.57,62.38,69.83,54.42
65.56,65.56,59.36,55.14,59.24
65.32,65.32,81.04,62.58,69.18
75.85,75.85,84.00,62.98,73.45
79.85,79.85,82.82,66.83,73.66
79.78,79.78,80.48,68.58,72.30
79.93,79.93,67.06,73.56,71.95
80.39,80.39,49.59,74.26,70.34
80.77,80.77,51.03,74.38,70.29
80.51,80.51,40.06,72.00,68.00
79.97,79.97,38.11,73.45,68.40
79.53,79.53,37.97,73.12,68.47
79.68,79.68,38.44,75.63,66.59
80.03,80.03,39.76,74.29,65.57
79.72,79.72,52.15,72.57,64.11
80.20,80.20,60.51,73.31,63.00
80.54,80.54,75.86,70.02,64.68
79.46,79.46,85.89,68.20,61.07
77.70,77.70,81.63,62.94,60.72
74.73,74.73,82.52,64.88,61.81
73.89,73.89,77.77,66.61,62.75
73.96,73.96,57.08,70.14,63.03
76.15,76.15,54.95,73.53,62.23
77.39,77.39,47.04,76.26,60.05
78.74,78.74,44.12,73.97,60.56
79.63,79.63,40.21,74.41,59.65
78.73,78.73,35.61,73.74,58.71
78.26,78.26,35.79,75.12,57.72
77.17,77.17,43.17,74.98,57.22
75.47,75.47,52.96,75.68,58.01
74.15,74.15,60.89,75.66,58.25
71.42,71.42,75.28,76.02,62.80
66.44,66.44,83.60,72.94,69.80
60.86,60.86,81.19,72.77,68.55
61.28,61.28,75.21,73.51,67.54
60.19,60.19,61.28,75.07,67.35
60.04,60.04,54.39,74.50,67.20
60.60,60.60,51.07,74.94,66.66
63.85,63.85,48.32,74.13,66.17
65.24,65.24,44.65,73.69,67.07
67.99,67.99,41.26,73.52,66.69
67.85,67.85,40.14,75.48,64.94
70.01,70.01,45.96,76.24,65.98
68.81,68.81,54.52,74.70,61.71
66.21,66.21,63.10,74.01,58.91
66.96,66.96,72.27,69.27,64.41
65.17,65.17,74.39,61.59,66.04
65.30,65.30,69.29,70.99,65.83
67.46,67.46,64.98,73.90,67.75
69.23,69.23,59.63,75.69,67.96
67.56,67.56,56.43,76.37,66.68
70.66,70.66,51.27,73.77,67.57
70.04,70.04,46.60,75.00,67.00
71.29,71.29,42.29,76.59,67.23
65.79,65.79,40.18,74.65,65.84
54.50,54.50,35.00,74.92,65.22
59.73,59.73,33.68,77.18,65.93
59.97,59.97,46.09,75.51,63.88
72.83,72.83,61.88,72.28,65.45
73.20,73.20,68.23,65.70,66.78
80.39,80.39,81.77,60.19,70.20
78.25,78.25,83.04,60.46,71.07
78.38,78.38,82.28,62.94,72.81
79.05,79.05,82.60,69.15,72.07
78.51,78.51,60.68,68.56,70.14
77.56,77.56,51.51,68.07,69.73
78.57,78.57,49.18,68.41,69.72
76.55,76.55,44.08,70.69,69.88
77.49,77.49,44.31,70.60,68.87
78.18,78.18,39.36,71.54,68.31
79.30,79.30,36.01,71.22,66.51
78.21,78.21,35.07,72.29,65.87
77.88,77.88,40.36,71.23,65.04
77.94,77.94,46.31,72.08,63.89
76.76,76.76,57.63,73.63,63.85
79.62,79.62,66.46,71.97,63.97
79.62,79.62,58.40,68.25,63.62
79.85,79.85,57.57,71.72,63.34
77.01,77.01,56.94,71.49,63.44
77.52,77.52,57.18,72.25,63.18
71.87,71.87,50.52,71.45,63.57
70.13,70.13,44.41,71.30,62.90
69.35,69.35,40.36,70.92,63.27
72.15,72.15,36.53,67.26,65.29
71.33,71.33,38.60,70.00,63.29
74.19,74.19,36.52,71.57,63.63
72.25,72.25,43.26,71.48,62.71
73.12,73.12,58.16,72.22,61.50
70.24,70.24,69.61,71.97,61.34
79.31,79.31,78.61,70.90,60.60
80.62,80.62,83.26,71.67,60.99
79.72,79.72,80.68,71.54,62.45
78.81,78.81,74.76,70.49,68.70
80.37,80.37,66.98,71.21,69.15
81.33,81.33,61.08,71.15,71.28
81.50,81.50,54.98,71.43,70.85
81.91,81.91,49.15,72.33,70.45
81.53,81.53,44.76,72.08,70.11
81.10,81.10,41.61,73.15,68.80
81.32,81.32,38.70,71.95,69.56
81.00,81.00,38.92,72.84,67.95
80.55,80.55,43.56,72.07,68.50
80.13,80.13,50.58,70.12,68.24
81.17,81.17,59.60,71.21,64.37
79.73,79.73,66.05,71.81,63.80
79.86,79.86,61.45,70.51,65.88
79.83,79.83,55.55,72.58,67.66
80.53,80.53,58.71,72.06,66.72
80.09,80.09,54.41,73.55,65.84
81.72,81.72,48.54,72.47,66.69
81.79,81.79,42.68,73.19,66.71
78.17,78.17,37.68,72.73,66.57
70.97,70.97,33.10,72.37,64.29
65.06,65.06,34.54,73.28,63.19
63.66,63.66,34.38,70.71,63.57
62.86,62.86,42.19,64.44,60.69
65.03,65.03,57.13,61.68,58.21
67.12,67.12,64.70,55.55,59.22
81.30,81.30,80.91,55.55,66.69
81.13,81.13,84.84,59.67,69.11
82.05,82.05,79.13,65.80,71.72
82.34,82.34,83.05,72.23,71.35
80.24,80.24,64.90,73.42,69.73
80.28,80.28,52.80,76.46,70.68
80.71,80.71,49.24,75.68,72.14
80.95,80.95,43.29,76.23,71.64
81.05,81.05,43.48,75.01,71.46
81.10,81.10,37.68,73.11,70.01
80.04,80.04,33.72,73.59,69.38
76.12,76.12,34.84,75.61,70.45
71.44,71.44,53.80,74.75,69.69
75.77,75.77,64.92,73.53,68.39
79.21,79.21,69.94,72.00,68.18
78.54,78.54,84.80,70.40,68.48
78.86,78.86,83.64,70.00,68.74
79.55,79.55,80.73,72.68,68.84
79.04,79.04,78.85,74.21,68.68
79.22,79.22,59.60,75.82,69.05
78.98,78.98,56.01,74.56,69.65
77.42,77.42,42.76,73.26,67.18
73.69,73.69,46.13,73.87,68.48
77.99,77.99,33.42,75.59,67.26
77.93,77.93,30.92,75.77,65.50
78.80,78.80,33.22,74.22,66.81
80.05,80.05,44.19,74.50,65.14
78.66,78.66,54.64,74.07,63.08
79.11,79.11,66.77,74.44,61.81
79.26,79.26,79.25,76.32,63.91
78.93,78.93,83.63,75.44,59.82
80.86,80.86,80.33,74.52,59.87
79.98,79.98,75.42,70.61,60.84
80.61,80.61,61.22,70.96,65.37
80.15,80.15,54.49,72.39,66.01
79.87,79.87,51.03,69.68,67.22
78.93,78.93,45.14,68.03,65.71
80.86,80.86,40.09,67.23,64.59
81.37,81.37,38.48,67.40,63.73
79.44,79.44,34.87,69.08,62.81
75.24,75.24,36.04,69.69,62.92
78.86,78.86,52.41,66.30,62.39
81.18,81.18,64.13,64.41,61.12
82.46,82.46,70.11,59.52,62.28
78.51,78.51,85.55,63.39,67.66
77.39,77.39,83.79,68.57,71.39
78.01,78.01,82.28,73.15,71.55
77.42,77.42,77.17,75.63,71.59
78.05,78.05,55.89,75.95,70.93
78.15,78.15,53.39,77.37,70.09
79.82,79.82,46.94,76.13,69.71
78.20,78.20,43.90,75.91,70.30
74.26,74.26,32.13,76.70,69.29
72.32,72.32,33.55,75.95,68.71
70.68,70.68,32.80,75.72,68.13
70.52,70.52,40.28,77.02,68.36
70.68,70.68,49.57,76.36,66.54
72.28,72.28,56.12,76.48,66.11
78.20,78.20,72.81,78.20,66.77
79.47,79.47,69.11,77.25,65.94
81.54,81.54,61.54,76.40,66.54
80.64,80.64,59.10,76.09,67.00
79.68,79.68,55.18,77.02,66.71
80.21,80.21,43.92,76.31,66.52
79.10,79.10,44.20,75.93,66.27
79.25,79.25,39.40,76.24,65.69
79.43,79.43,37.44,76.77,64.27
78.46,78.46,34.44,75.87,63.46
79.15,79.15,31.96,76.56,63.32
78.45,78.45,34.58,77.21,63.61
78.79,78.79,37.65,76.50,61.06
79.69,79.69,44.17,76.41,53.16
81.43,81.43,54.48,77.55,52.53
81.66,81.66,67.40,76.79,53.30
78.67,78.67,63.02,76.06,52.23
73.48,73.48,62.21,76.25,51.85
66.32,66.32,56.52,77.18,52.19
65.24,65.24,56.64,76.01,47.70
67.26,67.26,50.70,76.48,47.49
67.94,67.94,40.39,77.32,48.94
68.61,68.61,41.63,76.34,48.95
68.82,68.82,41.16,76.66,47.92
68.77,68.77,41.89,77.48,48.97
66.61,66.61,37.46,76.83,47.83
62.70,62.70,43.87,76.40,47.22
59.42,59.42,58.99,77.28,46.61
57.28,57.28,64.43,76.01,51.19
71.33,71.33,77.18,74.37,64.43
79.51,79.51,83.76,74.01,68.76
79.76,79.76,81.02,76.25,66.99
80.17,80.17,75.87,73.95,67.29
78.75,78.75,62.06,75.50,68.05
79.61,79.61,58.97,75.37,68.43
78.81,78.81,53.19,75.95,65.66
78.98,78.98,49.58,75.01,66.15
78.97,78.97,46.10,75.27,66.81
79.37,79.37,40.61,76.31,65.60
79.53,79.53,38.00,75.66,65.15
81.10,81.10,34.54,75.59,63.07
79.89,79.89,39.24,76.23,61.61
80.09,80.09,50.45,75.76,61.63
79.44,79.44,57.78,74.07,59.68
80.22,80.22,65.63,75.07,58.67
79.26,79.26,55.00,77.38,59.40
80.03,80.03,53.22,75.89,58.65
79.06,79.06,55.59,75.54,57.91
79.94,79.94,54.45,75.34,57.21
72.47,72.47,48.15,75.39,56.83
65.75,65.75,38.40,75.62,56.43
64.76,64.76,42.49,75.00,58.75
63.65,63.65,35.73,73.85,59.28
63.54,63.54,35.69,74.04,57.65
63.17,63.17,34.97,74.48,55.25
64.80,64.80,41.77,73.38,55.17
65.39,65.39,58.34,71.84,55.28
80.69,80.69,67.55,70.24,56.76
79.77,79.77,78.45,66.21,61.06
78.69,78.69,85.39,56.53,56.99
78.64,78.64,81.83,55.04,61.82
79.97,79.97,81.22,71.41,64.27
80.11,80.11,72.95,72.04,63.71
79.48,79.48,55.80,72.86,62.40
79.57,79.57,50.53,71.50,62.87
82.30,82.30,44.60,72.59,61.71
71.45,71.45,35.57,70.83,61.54
69.04,69.04,42.88,72.20,61.79
66.66,66.66,38.62,73.35,61.27
65.76,65.76,39.20,71.41,61.85
63.60,63.60,49.07,73.62,62.48
61.72,61.72,66.60,69.45,64.10
64.58,64.58,69.85,62.32,70.31
73.90,73.90,85.42,64.04,74.05
83.15,83.15,83.60,66.52,72.18
82.78,82.78,81.89,68.86,70.68
82.20,82.20,77.21,72.75,71.65
82.23,82.23,61.96,71.83,72.34
82.16,82.16,55.73,73.09,71.50
81.79,81.79,51.19,72.63,72.04
81.26,81.26,48.07,72.80,72.09
80.71,80.71,45.60,73.14,71.00
75.12,75.12,36.27,74.22,69.67
75.82,75.82,35.42,72.86,69.51
78.30,78.30,42.00,73.91,70.06
79.21,79.21,55.14,72.97,69.28
76.32,76.32,64.79,72.50,65.43
77.32,77.32,79.54,74.67,64.26
78.85,78.85,84.18,72.05,61.44
78.90,78.90,81.23,65.68,59.93
78.90,78.90,77.52,67.93,64.54
77.76,77.76,65.64,70.95,65.42
77.86,77.86,56.10,72.85,65.65
78.54,78.54,48.95,73.89,66.46
78.57,78.57,42.28,71.70,66.17
78.89,78.89,36.96,73.42,66.50
76.98,76.98,35.08,72.19,66.05
74.20,74.20,33.14,72.06,64.06
72.10,72.10,39.08,73.33,63.07
69.72,69.72,52.76,69.39,60.33
72.32,72.32,64.52,71.40,58.53
81.24,81.24,73.17,67.94,62.40
80.29,80.29,83.83,65.28,71.65
79.10,79.10,85.91,67.98,70.24
78.30,78.30,81.16,72.46,69.84
77.84,77.84,77.59,74.13,69.15
76.26,76.26,68.85,74.17,69.26
73.57,73.57,55.36,74.47,66.36
67.92,67.92,45.96,74.07,66.78
66.80,66.80,46.52,74.09,67.06
64.01,64.01,40.46,75.11,65.80
68.49,68.49,33.66,73.33,66.17
69.07,69.07,30.88,75.37,65.21
69.97,69.97,41.63,72.07,61.61
71.63,71.63,53.49,75.96,62.10
74.51,74.51,61.17,72.12,62.55
78.48,78.48,72.15,72.86,65.02
80.42,80.42,71.79,70.35,61.91
81.31,81.31,60.66,74.39,60.24
80.71,80.71,61.19,72.80,59.00
81.09,81.09,55.17,75.37,58.41
81.56,81.56,46.73,73.40,59.38
81.61,81.61,46.28,74.06,58.88
81.41,81.41,36.68,74.86,57.05
81.47,81.47,36.77,73.03,57.66
80.86,80.86,34.55,75.31,57.38
81.78,81.78,34.81,72.13,58.15
82.09,82.09,33.70,75.24,58.08
79.60,79.60,39.12,72.99,58.27
80.08,80.08,47.94,74.52,57.75
81.08,81.08,56.10,73.01,60.17
79.85,79.85,68.46,75.54,60.14
78.71,78.71,64.89,74.00,60.32
74.91,74.91,61.32,75.81,59.92
66.61,66.61,58.86,72.86,60.84
63.83,63.83,56.21,74.31,59.28
66.38,66.38,47.06,74.31,60.59
65.43,65.43,45.64,72.46,60.08
65.55,65.55,45.91,74.65,59.24
65.63,65.63,43.86,71.91,59.87
64.76,64.76,42.27,73.98,59.07
64.50,64.50,39.42,71.98,58.31
65.24,65.24,47.73,73.66,57.83
63.99,63.99,59.16,72.66,56.78
61.56,61.56,70.16,75.33,61.72
79.48,79.48,78.44,75.33,63.57
81.42,81.42,83.64,74.62,64.27
79.96,79.96,82.78,71.10,64.52
79.86,79.86,77.05,74.15,63.78
79.73,79.73,64.78,74.08,68.72
79.02,79.02,59.79,75.61,69.06
79.81,79.81,54.60,73.28,68.47
79.54,79.54,47.67,75.14,67.95
79.85,79.85,44.88,74.11,66.93
80.73,80.73,41.38,75.07,65.70
78.97,78.97,39.42,75.44,62.51
80.30,80.30,38.68,74.82,60.75
81.93,81.93,43.44,75.96,59.09
82.47,82.47,47.95,74.79,58.91
82.88,82.88,53.21,75.09,62.99
82.84,82.84,67.03,73.12,62.40
83.00,83.00,62.94,74.28,62.92
82.80,82.80,58.76,72.92,62.07
82.85,82.85,57.77,76.36,61.79
80.93,80.93,56.35,73.98,61.75
71.88,71.88,50.05,76.10,62.98
60.49,60.49,41.23,74.33,62.12
59.36,59.36,40.14,75.97,61.16
61.46,61.46,35.35,75.13,61.57
61.26,61.26,35.41,75.63,61.46
63.08,63.08,30.75,76.04,61.49
62.30,62.30,43.48,75.08,60.00
69.90,69.90,64.30,75.17,59.96
66.81,66.81,64.48,69.64,59.18
70.41,70.41,75.98,59.89,63.83
70.94,70.94,84.88,62.35,68.47
80.14,80.14,82.23,64.79,69.77
82.46,82.46,82.90,68.32,69.10
82.74,82.74,71.71,72.29,69.73
82.92,82.92,61.17,73.13,68.64
82.35,82.35,52.00,71.87,68.78
81.65,81.65,46.91,73.29,69.18
81.27,81.27,33.49,72.39,68.67
79.79,79.79,38.67,73.45,68.06
78.03,78.03,30.64,73.78,67.30
78.50,78.50,35.32,73.05,66.97
80.72,80.72,37.63,73.92,66.22
81.30,81.30,45.54,73.87,65.62
82.30,82.30,54.11,72.43,64.38
83.11,83.11,67.19,72.99,64.70
83.35,83.35,62.31,73.30,64.37
81.18,81.18,56.71,72.32,64.35
64.21,64.21,54.44,73.26,63.00
60.15,60.15,54.74,72.56,62.94
61.49,61.49,48.59,73.29,63.27
67.46,67.46,45.54,71.85,64.18
71.08,71.08,40.26,71.81,64.84
70.74,70.74,31.62,73.50,64.21
71.65,71.65,28.70,72.47,64.28
70.72,70.72,29.12,72.28,63.08
72.01,72.01,40.54,72.64,62.85
70.64,70.64,56.48,72.18,60.65
79.62,79.62,68.03,72.71,62.48
82.34,82.34,74.18,73.38,65.35
78.22,78.22,83.89,72.45,68.01
78.81,78.81,81.62,71.21,69.00
80.21,80.21,76.58,72.48,70.51
79.89,79.89,64.73,72.56,71.89
79.08,79.08,55.39,72.24,72.09
77.62,77.62,51.55,73.76,70.07
80.02,80.02,45.58,71.66,70.06
81.77,81.77,41.05,72.05,69.78
70.93,70.93,36.77,72.98,71.24
69.36,69.36,30.77,72.24,70.85
67.50,67.50,36.54,73.78,69.07
68.82,68.82,49.99,72.35,68.11
68.48,68.48,61.18,67.92,67.93
66.58,66.58,67.55,53.35,66.84
73.29,73.29,85.61,60.88,66.10
75.69,75.69,86.57,62.94,62.52
75.78,75.78,80.65,61.68,62.47
74.24,74.24,81.01,65.27,64.17
74.90,74.90,64.30,72.39,63.63
74.60,74.60,55.35,74.35,61.66
74.25,74.25,48.47,74.43,62.40
75.96,75.96,48.99,74.97,60.25
76.87,76.87,40.08,75.28,59.82
70.09,70.09,36.63,75.96,61.46
70.78,70.78,32.03,72.39,56.27
72.79,72.79,37.20,66.35,55.15
73.45,73.45,54.82,60.94,57.69
76.04,76.04,63.63,58.63,61.94
74.19,74.19,80.44,69.58,65.49
76.03,76.03,84.96,68.71,71.44
74.73,74.73,82.97,66.09,71.69
78.06,78.06,83.39,69.31,69.54
79.81,79.81,71.65,69.41,69.33
79.60,79.60,57.71,67.07,68.05
79.99,79.99,57.38,69.95,67.73
81.51,81.51,48.68,71.99,66.96
80.95,80.95,46.67,72.83,66.06
79.10,79.10,39.21,71.89,64.94
79.47,79.47,32.88,72.71,64.47
79.51,79.51,35.87,71.76,62.45
80.52,80.52,39.61,71.29,61.44
81.76,81.76,46.80,72.03,60.27
81.18,81.18,54.97,68.97,60.24
79.74,79.74,67.58,72.03,60.28
80.66,80.66,63.99,72.94,58.17
80.32,80.32,57.43,73.10,54.95
81.39,81.39,60.36,71.53,56.21
80.09,80.09,53.95,73.67,57.56
79.29,79.29,50.79,73.95,57.07
66.52,66.52,45.64,74.03,56.86
65.69,65.69,40.25,73.77,57.49
65.55,65.55,36.27,74.15,57.02
65.02,65.02,36.17,73.67,57.78
63.32,63.32,31.63,73.91,58.06
65.99,65.99,40.58,74.48,57.28
66.98,66.98,54.80,73.20,52.74
67.40,67.40,66.20,73.36,54.50
81.72,81.72,76.08,71.64,61.05
81.36,81.36,83.40,67.15,66.06
79.29,79.29,81.67,66.47,60.78
78.82,78.82,77.48,69.42,62.53
79.87,79.87,67.29,69.74,64.79
78.72,78.72,59.73,71.65,67.27
80.04,80.04,55.45,69.87,66.88
80.09,80.09,49.06,71.94,65.61
78.63,78.63,47.67,71.27,65.56
80.64,80.64,42.53,72.03,66.04
81.13,81.13,40.23,73.29,64.02
79.13,79.13,39.38,72.60,63.66
78.14,78.14,41.83,73.41,62.12
80.64,80.64,47.90,73.41,59.92
80.10,80.10,52.37,73.13,58.23
81.87,81.87,66.55,70.01,55.91
80.19,80.19,64.12,73.40,53.38
81.83,81.83,61.59,73.17,52.57
81.79,81.79,58.14,73.61,51.91
79.84,79.84,55.88,72.24,51.11
74.40,74.40,51.00,74.38,53.80
64.54,64.54,46.08,73.61,52.69
65.92,65.92,49.04,73.18,50.26
65.66,65.66,41.41,73.24,51.18
66.10,66.10,36.75,72.46,49.85
66.01,66.01,35.76,73.39,51.69
64.74,64.74,40.88,58.78,46.06
65.28,65.28,48.57,59.02,44.67
62.65,62.65,61.02,55.36,51.73
65.52,65.52,72.52,56.24,61.80
76.13,76.13,83.56,65.92,69.80
76.15,76.15,83.27,68.51,71.34
76.27,76.27,80.24,71.02,66.87
75.85,75.85,76.00,71.44,68.63
74.79,74.79,57.28,74.58,68.61
73.61,73.61,48.82,75.01,68.32
73.22,73.22,44.95,72.99,65.15
73.46,73.46,39.70,76.05,66.74
72.62,72.62,37.88,74.05,66.67
73.33,73.33,37.14,72.66,65.29
73.13,73.13,37.70,72.49,66.67
73.48,73.48,43.98,74.34,66.11
72.57,72.57,57.40,74.53,64.87
73.11,73.11,65.13,72.15,63.24
71.89,71.89,79.23,69.35,65.78
71.77,71.77,86.14,68.93,62.41
72.89,72.89,81.07,65.51,61.70
73.12,73.12,82.94,68.31,62.91
73.82,73.82,67.65,72.76,62.86
75.11,75.11,54.98,72.82,63.33
76.36,76.36,51.26,73.82,62.05
78.91,78.91,44.50,73.86,63.68
80.92,80.92,32.53,74.89,62.56
78.65,78.65,30.39,74.86,62.76
69.05,69.05,33.01,75.55,63.51
73.60,73.60,36.05,75.63,62.76
74.50,74.50,47.35,74.91,62.21
75.94,75.94,58.44,73.92,61.04
77.44,77.44,69.43,75.40,62.30
81.52,81.52,82.50,73.92,69.63
81.60,81.60,82.92,75.13,68.16
80.05,80.05,79.30,75.06,68.02
80.41,80.41,67.29,72.92,68.67
79.44,79.44,56.96,75.39,69.31
79.01,79.01,49.16,75.02,67.74
79.16,79.16,46.52,77.32,67.73
78.88,78.88,42.57,76.09,66.97
78.10,78.10,43.43,74.66,66.91
78.09,78.09,37.78,75.02,66.79
79.00,79.00,36.72,76.16,64.27
77.51,77.51,46.32,75.64,60.64
77.85,77.85,58.67,76.65,58.06
79.66,79.66,68.43,73.53,53.31
78.92,78.92,79.74,63.67,57.07
75.82,75.82,81.21,55.75,50.91
74.78,74.78,80.96,60.88,50.06
72.61,72.61,81.22,71.71,54.13
73.54,73.54,73.00,74.14,52.60
75.15,75.15,68.01,75.11,51.09
70.56,70.56,66.70,75.47,50.89
61.94,61.94,58.16,75.36,46.84
60.95,60.95,55.17,76.74,43.54
62.76,62.76,56.27,78.11,44.28
61.57,61.57,53.68,76.34,44.43
59.81,59.81,49.33,76.68,45.73
57.68,57.68,53.04,76.12,44.58
54.50,54.50,64.64,70.11,49.41
62.63,62.63,71.62,60.46,65.28
81.70,81.70,84.29,58.91,76.31
80.94,80.94,85.28,59.30,75.80
80.68,80.68,81.61,65.85,75.10
77.66,77.66,75.93,70.33,75.23
76.46,76.46,67.02,69.64,75.61
75.58,75.58,62.45,74.05,74.56
75.22,75.22,62.69,73.32,74.71
76.87,76.87,61.19,71.83,75.81
79.21,79.21,63.37,71.27,74.44
79.31,79.31,63.21,74.02,74.48
78.36,78.36,62.23,71.92,75.32
80.94,80.94,61.37,71.29,75.45
79.60,79.60,61.27,73.49,75.38
77.65,77.65,61.33,73.33,73.62
76.81,76.81,61.00,72.11,76.17
77.23,77.23,59.93,73.00,74.50
78.67,78.67,60.62,74.79,72.60
79.13,79.13,61.18,73.04,74.31
81.04,81.04,58.56,72.90,73.36
81.69,81.69,59.36,72.72,73.79
80.47,80.47,58.06,72.98,71.97
76.78,76.78,57.89,72.98,71.60
77.58,77.58,56.35,71.54,73.51
80.06,80.06,55.20,71.39,74.25
77.67,77.67,55.86,72.77,73.89
72.63,72.63,55.18,71.16,74.36
63.24,63.24,55.90,73.19,75.11
59.20,59.20,55.34,71.96,75.71
57.49,57.49,53.93,72.72,75.91
54.71,54.71,53.20,73.19,77.71
53.91,53.91,51.55,71.35,79.81
56.63,56.63,51.51,73.72,77.21
57.00,57.00,51.73,72.60,74.26
58.18,58.18,51.23,72.24,74.59
59.04,59.04,50.59,73.93,74.20
60.71,60.71,51.42,73.90,74.95
60.94,60.94,50.74,71.68,74.15
60.81,60.81,51.68,71.99,74.46
64.33,64.33,52.57,74.86,75.15
63.76,63.76,53.22,72.72,75.51
67.63,67.63,53.98,72.21,76.39
66.41,66.41,53.67,71.59,75.92
65.79,65.79,53.76,73.49,76.82
66.11,66.11,52.71,71.18,75.18
66.07,66.07,52.59,70.25,73.22
66.88,66.88,52.29,72.12,72.33
65.75,65.75,51.78,71.74,72.67
63.82,63.82,51.78,69.28,74.39
64.82,64.82,52.14,70.15,73.68
62.82,62.82,50.84,73.06,74.98
63.99,63.99,50.47,68.61,74.27
58.92,58.92,48.14,68.39,75.00
52.81,52.81,44.54,70.20,74.69
50.31,50.31,42.34,69.67,76.08
44.83,44.83,42.42,65.74,75.99
49.47,49.47,44.46,65.63,75.92
56.30,56.30,49.17,70.24,74.77
71.71,71.71,52.38,66.96,72.33
76.26,76.26,46.58,63.91,73.13
80.20,80.20,45.87,67.58,71.61
82.54,82.54,37.69,67.50,71.51
80.11,80.11,34.59,62.93,73.11
79.22,79.22,36.02,65.80,70.36
79.32,79.32,38.25,66.09,72.46
81.36,81.36,40.45,64.93,72.67
75.35,75.35,42.32,66.29,73.32
64.96,64.96,41.98,66.46,74.90
63.54,63.54,38.99,66.02,72.90
58.73,58.73,37.36,66.26,73.14
59.90,59.90,39.70,64.78,74.56
60.17,60.17,39.77,65.83,76.15
61.80,61.80,30.96,67.46,74.73
68.14,68.14,29.82,64.68,75.73
70.27,70.27,31.07,65.10,73.69
73.39,73.39,31.45,68.09,72.62
80.25,80.25,31.44,68.09,73.41
78.89,78.89,32.53,67.84,73.81
77.42,77.42,35.50,66.79,71.63
77.97,77.97,36.18,68.20,73.03
77.53,77.53,36.10,68.60,72.07
77.89,77.89,35.11,66.51,71.68
75.08,75.08,33.77,66.62,72.70
63.82,63.82,37.69,70.03,72.68
54.94,54.94,36.83,68.68,71.53
62.01,62.01,35.27,67.51,73.30
70.46,70.46,33.71,69.87,72.41
71.43,71.43,36.83,71.96,72.43
82.23,82.23,37.90,68.28,71.70
82.30,82.30,38.66,68.92,70.03
82.75,82.75,40.10,70.46,70.41
82.73,82.73,42.08,71.72,70.26
82.43,82.43,40.06,69.01,71.12
82.67,82.67,39.42,70.10,71.35
82.61,82.61,40.41,72.89,71.16
82.07,82.07,39.72,71.07,69.52
81.79,81.79,38.90,69.74,70.22
81.07,81.07,38.62,69.74,71.12
79.92,79.92,36.78,73.21,71.28
76.84,76.84,34.37,69.42,70.03
71.49,71.49,29.05,69.52,70.66
72.36,72.36,32.59,70.40,71.39
80.84,80.84,32.33,72.34,72.24
81.27,81.27,34.23,70.28,74.47
81.44,81.44,36.80,69.09,73.90
79.96,79.96,41.23,72.30,72.42
80.05,80.05,38.59,70.15,72.39
79.73,79.73,37.50,67.83,71.02
80.61,80.61,36.07,68.12,70.95
80.48,80.48,31.33,71.86,70.07
81.88,81.88,31.63,69.74,70.23
78.79,78.79,33.83,70.22,69.45
75.08,75.08,34.39,70.69,70.06
73.31,73.31,37.81,72.48,70.19
71.90,71.90,44.83,66.90,70.13
74.62,74.62,48.64,65.72,70.46
73.41,73.41,50.61,67.81,73.27
76.31,76.31,50.10,73.92,74.41
74.25,74.25,48.12,71.20,73.43
77.28,77.28,48.53,72.69,76.04
76.97,76.97,46.46,71.09,75.99
76.83,76.83,45.25,68.95,77.66
75.44,75.44,46.28,71.56,76.51
75.21,75.21,44.53,71.16,77.71
80.00,80.00,46.50,71.43,76.17
81.40,81.40,46.67,72.10,74.59
81.81,81.81,46.54,69.66,75.09
79.24,79.24,45.86,70.80,74.87
75.26,75.26,46.82,72.10,74.67
77.69,77.69,48.12,71.47,73.79
77.69,77.69,47.48,72.66,72.06
77.17,77.17,46.54,73.61,72.65
77.29,77.29,45.62,72.46,72.42
79.10,79.10,44.98,73.48,72.02
80.85,80.85,47.73,73.30,72.05
81.19,81.19,47.98,73.27,71.34
79.77,79.77,46.76,73.75,71.22
75.89,75.89,47.06,72.68,71.37
77.48,77.48,47.43,73.30,72.44
80.60,80.60,46.49,72.97,72.12
81.17,81.17,44.86,72.46,71.61
81.77,81.77,45.45,71.43,71.52
81.50,81.50,46.17,73.21,70.78
80.43,80.43,44.68,72.66,71.66
70.09,70.09,41.45,73.52,72.22
62.78,62.78,42.44,73.22,73.01
62.67,62.67,47.75,71.63,74.37
61.63,61.63,44.71,72.34,74.76
57.77,57.77,40.67,71.69,75.04
53.87,53.87,39.83,70.01,74.53
51.10,51.10,37.71,71.97,73.69
54.08,54.08,39.05,72.63,76.28
56.51,56.51,43.90,71.61,76.95
56.76,56.76,45.94,72.87,76.00
61.18,61.18,47.30,72.69,74.96
59.23,59.23,47.41,72.74,75.49
58.06,58.06,45.91,73.52,75.38
58.32,58.32,47.47,72.35,73.91
59.53,59.53,45.73,72.31,72.58
60.51,60.51,47.31,73.49,74.19
59.88,59.88,47.03,72.79,74.16
62.17,62.17,47.64,73.48,73.73
63.30,63.30,46.92,73.89,74.33
61.24,61.24,46.56,73.30,73.07
61.79,61.79,46.38,73.88,73.44
60.12,60.12,45.66,73.86,74.33
58.80,58.80,42.46,72.76,72.63
57.99,57.99,41.71,73.90,72.94
55.23,55.23,40.41,73.72,72.88
48.03,48.03,40.27,72.92,73.37
40.60,40.60,40.10,73.89,71.82
42.97,42.97,39.60,73.37,72.94
57.90,57.90,39.52,73.95,72.22
64.77,64.77,38.66,74.16,72.00
76.64,76.64,41.59,73.19,71.61
82.58,82.58,38.78,73.90,71.23
82.38,82.38,38.08,74.10,69.51
82.42,82.42,37.83,73.09,67.89
81.20,81.20,38.96,73.86,69.15
79.53,79.53,39.48,74.47,68.11
79.86,79.86,38.19,73.69,67.80
81.14,81.14,38.18,74.02,67.14
73.01,73.01,36.33,74.59,68.21
58.71,58.71,33.45,73.90,68.88
65.37,65.37,34.24,74.64,70.41
64.51,64.51,33.19,74.52,70.31
64.60,64.60,35.40,74.12,69.70
67.34,67.34,35.95,74.81,69.94
65.97,65.97,35.28,74.58,70.18
65.50,65.50,31.98,73.71,69.42
76.48,76.48,32.31,74.59,68.84
78.49,78.49,33.29,74.56,67.82
79.87,79.87,34.16,73.65,66.40
80.40,80.40,35.62,74.66,65.71
81.58,81.58,36.25,74.09,66.75
81.05,81.05,38.80,74.20,68.03
69.80,69.80,40.32,74.62,68.04
55.16,55.16,41.43,73.71,68.85
48.16,48.16,40.12,74.38,69.10
48.14,48.14,38.27,74.68,69.20
58.07,58.07,35.24,73.76,67.57
63.44,63.44,34.17,74.40,67.91
68.65,68.65,39.34,74.86,64.78
71.97,71.97,35.33,73.72,63.55
77.71,77.71,34.97,74.46,63.74
75.95,75.95,34.24,73.76,64.39
79.43,79.43,33.67,73.85,65.22
81.03,81.03,33.63,74.10,64.54
80.58,80.58,33.92,73.02,64.82
80.19,80.19,34.32,73.83,65.30
75.79,75.79,35.80,74.13,65.26
63.50,63.50,35.88,73.40,64.18
57.34,57.34,33.64,74.07,64.51
56.61,56.61,26.47,74.47,64.53
62.82,62.82,26.39,73.39,67.37
69.05,69.05,25.84,74.25,64.84
70.94,70.94,23.90,73.47,65.23
70.83,70.83,22.68,73.47,67.75
73.30,73.30,24.50,74.13,70.02
81.34,81.34,27.51,73.13,69.93
81.49,81.49,30.96,74.76,67.81
79.94,79.94,34.41,73.77,66.19
78.02,78.02,36.21,75.22,65.35
77.36,77.36,37.68,75.65,65.70
76.86,76.86,40.79,75.16,65.05
76.03,76.03,45.58,75.03,62.59
60.12,60.12,47.88,75.17,65.56
54.46,54.46,46.27,75.45,64.56
63.84,63.84,40.73,75.31,64.68
69.11,69.11,38.30,74.00,68.20
72.29,72.29,41.68,72.67,67.40
75.05,75.05,42.97,64.81,71.04
75.51,75.51,37.58,66.44,69.02
81.17,81.17,32.13,67.87,73.27
79.79,79.79,30.09,75.70,73.85
79.59,79.59,32.14,72.59,73.25
80.79,80.79,32.05,74.66,75.90
81.86,81.86,30.42,73.01,77.48
81.05,81.05,31.91,73.27,76.95
80.23,80.23,31.98,73.30,76.57
76.14,76.14,33.09,72.95,78.51
74.88,74.88,33.57,72.21,77.40
73.60,73.60,35.14,74.50,76.74
75.78,75.78,36.73,72.66,77.31
75.99,75.99,36.79,73.72,75.53
80.38,80.38,37.92,73.82,74.41
83.25,83.25,35.83,72.21,74.64
82.86,82.86,36.56,73.22,74.66
80.66,80.66,35.56,73.98,73.87
77.90,77.90,36.45,72.03,75.54
76.46,76.46,37.65,74.57,75.19
75.29,75.29,34.91,73.88,74.48
74.95,74.95,35.76,72.79,75.29
77.47,77.47,36.09,74.54,72.93
79.34,79.34,33.29,72.62,75.26
78.56,78.56,31.29,73.16,74.49
77.66,77.66,32.94,73.77,74.21
77.13,77.13,33.20,72.86,75.52
77.67,77.67,30.96,73.84,74.66
73.23,73.23,29.96,73.77,74.07
63.57,63.57,26.60,72.68,72.87
57.42,57.42,27.22,74.34,73.98
49.89,49.89,30.44,72.66,73.17
49.63,49.63,31.65,73.87,72.93
49.97,49.97,29.68,73.70,74.47
52.03,52.03,28.60,73.54,74.26
49.01,49.01,28.19,73.26,74.93
47.86,47.86,26.81,74.02,75.58
50.69,50.69,25.08,72.40,75.63
52.85,52.85,25.95,74.62,74.15
56.58,56.58,26.38,73.77,73.78
60.68,60.68,29.25,73.17,73.10
58.32,58.32,28.35,74.50,72.71
60.53,60.53,28.29,73.14,72.50
62.55,62.55,30.38,73.25,71.57
59.51,59.51,30.04,74.01,69.77
60.53,60.53,31.48,72.78,70.92
63.62,63.62,31.30,74.13,71.65
60.62,60.62,30.08,73.57,72.29
59.67,59.67,30.04,72.70,70.12
62.07,62.07,29.97,74.46,70.90
61.36,61.36,30.16,72.55,71.21
61.63,61.63,29.11,73.75,73.25
57.49,57.49,28.07,72.90,71.30
49.32,49.32,26.88,72.58,71.64
41.49,41.49,27.16,73.48,71.66
36.83,36.83,29.63,73.63,71.25
44.82,44.82,30.02,72.47,70.15
52.24,52.24,28.08,74.49,71.89
63.23,63.23,26.96,72.56,70.23
79.98,79.98,24.83,73.80,68.34
80.12,80.12,21.94,73.66,69.46
77.89,77.89,21.58,72.74,68.16
77.97,77.97,22.84,73.37,67.46
75.77,75.77,23.45,73.79,67.75
76.10,76.10,24.68,72.71,67.28
77.83,77.83,23.18,74.66,66.10
77.05,77.05,23.29,73.07,67.36
73.11,73.11,21.64,74.03,67.42
73.19,73.19,21.84,74.34,68.50
70.70,70.70,18.67,72.74,68.16
68.20,68.20,21.10,73.91,69.45
68.29,68.29,22.88,73.61,70.97
67.71,67.71,23.52,72.66,70.45
66.62,66.62,19.65,74.62,70.97
65.62,65.62,18.06,73.47,70.77
67.51,67.51,18.71,73.85,71.00
74.56,74.56,21.60,74.57,68.73
75.96,75.96,23.73,72.51,70.27
76.08,76.08,25.27,74.04,69.07
76.48,76.48,27.12,73.27,66.72
76.01,76.01,25.99,72.85,67.46
76.27,76.27,30.00,74.10,67.42
76.68,76.68,29.27,73.57,68.04
76.44,76.44,27.11,73.20,67.69
74.97,74.97,24.27,74.80,68.11
73.17,73.17,25.21,72.77,68.42
67.87,67.87,28.81,74.82,66.87
63.10,63.10,32.32,74.27,67.38
61.58,61.58,34.62,73.82,67.59
64.04,64.04,31.25,74.30,67.32
76.48,76.48,26.89,74.40,67.69
83.51,83.51,26.90,72.94,68.14
83.15,83.15,26.18,74.82,66.32
82.81,82.81,29.26,72.20,67.73
81.51,81.51,29.89,74.24,67.63
79.84,79.84,28.83,73.35,66.78
79.16,79.16,26.81,73.45,66.24
79.17,79.17,27.93,73.71,65.86
77.84,77.84,26.62,73.41,64.37
77.60,77.60,27.21,73.45,64.98
77.98,77.98,26.86,74.38,63.52
77.41,77.41,28.45,72.13,61.72
82.91,82.91,27.60,74.37,61.48
80.04,80.04,29.43,73.01,59.89
76.81,76.81,32.79,72.46,59.46
77.25,77.25,33.30,74.08,58.08
77.82,77.82,34.97,72.46,57.42
79.14,79.14,34.88,73.94,57.21
79.03,79.03,34.92,74.40,56.23
79.35,79.35,34.13,71.24,60.20
79.97,79.97,33.27,65.45,61.19
78.13,78.13,32.80,56.55,60.95
74.73,74.73,32.98,49.79,60.96
72.54,72.54,36.50,53.67,61.61
71.61,71.61,37.85,50.86,60.80
72.13,72.13,39.44,47.24,61.93
63.52,63.52,34.61,49.45,63.04
67.23,67.23,31.38,62.10,67.86
72.79,72.79,32.28,75.51,70.35
76.81,76.81,31.89,77.68,72.97
74.18,74.18,30.82,77.83,72.06
76.35,76.35,30.61,76.78,72.83
76.43,76.43,28.27,76.17,76.90
77.73,77.73,29.89,76.30,74.98
77.89,77.89,30.88,76.90,76.24
77.69,77.69,31.27,75.89,77.10
77.82,77.82,31.66,75.46,75.49
76.76,76.76,32.04,76.69,75.09
76.28,76.28,30.94,75.36,75.35
75.19,75.19,31.57,75.45,74.71
75.52,75.52,31.72,76.79,75.51
77.00,77.00,30.07,75.68,75.93
76.79,76.79,30.60,75.57,74.50
74.42,74.42,28.72,76.77,75.47
75.73,75.73,32.10,75.78,73.33
76.76,76.76,28.93,75.63,74.66
74.83,74.83,26.07,75.98,73.16
75.34,75.34,26.34,76.19,74.24
73.70,73.70,24.99,75.24,73.79
76.66,76.66,25.24,76.04,73.60
68.76,68.76,26.65,75.90,72.09
62.91,62.91,27.79,75.42,74.43
60.51,60.51,24.60,76.81,73.99
56.80,56.80,19.58,75.62,74.16
63.09,63.09,17.99,75.52,73.33
65.68,65.68,15.09,76.54,74.22
68.21,68.21,17.15,75.94,74.25
77.78,77.78,20.73,75.34,72.57
81.07,81.07,22.22,75.79,71.78
80.35,80.35,21.32,76.02,74.13
81.79,81.79,23.83,75.28,74.00
82.74,82.74,24.35,75.94,72.59
83.47,83.47,25.32,75.44,72.12
83.40,83.40,22.72,74.99,70.72
83.39,83.39,21.44,76.30,73.51
82.87,82.87,20.00,75.73,71.61
82.56,82.56,20.65,75.38,72.61
82.42,82.42,23.94,75.15,70.05
82.15,82.15,21.31,76.11,69.78
83.72,83.72,20.80,74.51,69.98
81.43,81.43,20.53,74.16,70.48
83.01,83.01,20.50,74.76,69.66
83.78,83.78,20.20,74.41,67.50
82.71,82.71,25.74,73.40,66.69
82.26,82.26,31.72,73.18,65.75
82.97,82.97,30.45,71.52,62.42
83.23,83.23,24.38,70.23,63.51
81.20,81.20,21.90,70.32,62.43
74.03,74.03,23.27,67.99,62.97
69.99,69.99,26.47,68.81,62.45
68.92,68.92,27.63,66.60,60.70
70.29,70.29,28.18,65.33,58.82
71.75,71.75,25.69,66.93,59.01
75.44,75.44,21.93,67.21,59.28
77.30,77.30,23.12,64.02,62.80
77.91,77.91,24.87,63.02,66.31
78.85,78.85,27.79,59.88,68.28
77.34,77.34,27.51,75.64,74.25
77.38,77.38,25.78,76.74,76.03
76.80,76.80,26.89,76.49,76.56
78.09,78.09,25.31,75.34,76.09
75.10,75.10,23.37,75.60,76.10
73.28,73.28,24.96,75.80,75.45
72.65,72.65,24.94,76.01,76.38
74.13,74.13,25.49,76.18,76.65
76.05,76.05,24.91,75.25,76.07
79.16,79.16,23.87,74.76,75.45
79.25,79.25,22.11,73.72,75.71
78.63,78.63,21.93,75.11,74.08
76.71,76.71,23.95,76.62,73.51
75.86,75.86,23.73,73.76,73.24
77.78,77.78,25.13,74.74,73.75
79.87,79.87,27.15,74.03,72.75
79.35,79.35,27.50,74.62,72.19
80.60,80.60,25.08,73.59,72.95
79.91,79.91,22.64,75.71,71.61
72.18,72.18,22.33,75.50,73.15
67.54,67.54,24.48,74.13,72.70
61.36,61.36,25.03,74.50,74.26
58.40,58.40,21.30,75.73,74.13
58.98,58.98,18.48,76.24,73.67
62.81,62.81,14.93,74.92,74.59
65.18,65.18,11.71,76.13,75.07
69.43,69.43,12.14,75.77,74.87
71.43,71.43,11.03,75.58,74.89
78.12,78.12,15.35,74.94,74.57
80.49,80.49,18.71,76.16,75.71
79.67,79.67,22.12,76.25,74.23
81.11,81.11,23.39,75.13,72.11
80.78,80.78,27.91,75.35,69.53
80.29,80.29,32.31,75.59,66.45
80.72,80.72,37.32,75.77,67.08
80.96,80.96,39.45,75.16,65.91
81.28,81.28,38.22,76.63,65.31
81.14,81.14,34.76,75.95,64.98
81.33,81.33,31.88,75.17,64.96
82.01,82.01,30.80,74.65,64.49
80.99,80.99,30.65,75.64,62.71
80.89,80.89,33.51,76.34,63.81
82.03,82.03,33.74,74.81,63.96
81.32,81.32,34.19,75.60,62.27
81.07,81.07,33.54,74.12,60.07
80.70,80.70,32.34,75.04,59.08
81.32,81.32,30.52,76.24,57.76
78.88,78.88,28.55,74.72,57.62
75.81,75.81,27.64,74.72,57.03
68.24,68.24,31.02,73.66,56.46
65.28,65.28,32.83,72.51,59.52
65.96,65.96,28.98,69.89,60.64
65.22,65.22,25.97,68.70,62.24
65.44,65.44,26.08,68.31,64.86
66.74,66.74,24.24,66.55,64.67
66.94,66.94,26.08,64.80,71.55
64.06,64.06,26.42,62.62,73.54
78.00,78.00,30.82,73.14,76.15
81.20,81.20,32.77,72.87,76.37
80.77,80.77,31.58,74.39,75.79
81.91,81.91,29.70,74.69,74.95
80.78,80.78,28.48,72.15,77.30
78.88,78.88,28.70,72.68,76.79
77.31,77.31,31.26,74.98,75.24
77.15,77.15,31.44,72.68,76.32
76.66,76.66,32.30,71.93,77.69
76.71,76.71,31.86,70.98,75.63
77.56,77.56,33.84,75.62,76.07
76.92,76.92,32.09,72.74,76.21
75.71,75.71,33.44,71.42,74.71
78.48,78.48,33.96,73.54,73.88
80.60,80.60,34.55,74.34,73.71
79.85,79.85,32.50,71.46,73.43
78.92,78.92,33.84,71.70,74.60
78.48,78.48,32.73,74.77,73.96
80.33,80.33,33.94,72.81,74.15
80.80,80.80,33.11,72.13,73.85
81.24,81.24,33.90,72.79,73.79
80.62,80.62,33.17,73.99,74.11
79.96,79.96,35.39,73.67,75.07
79.23,79.23,34.79,71.63,74.73
77.99,77.99,34.20,71.93,74.73
77.70,77.70,35.69,73.93,74.76
76.71,76.71,35.04,70.61,74.86
76.93,76.93,34.69,71.56,75.58
73.55,73.55,30.82,74.56,74.63
75.71,75.71,27.58,72.04,73.82
76.22,76.22,28.37,72.36,73.38
74.29,74.29,27.70,72.06,74.91
65.26,65.26,28.81,74.76,74.04
55.07,55.07,28.65,72.92,75.12
50.74,50.74,27.50,72.18,73.68
47.57,47.57,26.16,72.89,73.09
45.92,45.92,25.26,75.32,72.70
46.84,46.84,25.97,70.62,72.59
47.32,47.32,27.96,71.55,72.93
53.22,53.22,30.01,75.66,71.56
53.43,53.43,32.31,71.39,73.28
52.89,52.89,32.64,71.23,72.43
53.62,53.62,31.01,71.33,72.84
57.70,57.70,32.93,74.73,73.19
58.12,58.12,34.59,71.67,71.67
56.00,56.00,35.51,71.30,73.01
53.99,53.99,35.45,73.36,71.10
49.95,49.95,35.45,72.84,70.96
45.75,45.75,32.71,70.51,71.98
40.47,40.47,32.42,70.30,71.56
35.67,35.67,31.75,73.79,71.91
28.48,28.48,32.61,70.58,70.98
32.32,32.32,34.04,70.69,70.09
38.83,38.83,31.38,70.54,70.20
53.52,53.52,31.22,72.25,68.69
61.39,61.39,31.51,70.24,67.84
69.94,69.94,31.35,68.78,68.71
83.87,83.87,30.44,72.06,67.81
77.91,77.91,30.07,70.27,68.25
80.22,80.22,32.65,68.90,67.03
79.59,79.59,34.03,70.25,68.17
77.68,77.68,34.13,71.33,67.29
76.35,76.35,36.78,69.24,66.43
78.89,78.89,35.38,69.33,66.90
77.82,77.82,33.38,70.64,67.21
76.46,76.46,29.47,70.80,67.91
76.02,76.02,27.60,69.16,67.46
78.53,78.53,28.46,69.33,67.15
73.70,73.70,26.25,71.50,67.67
72.66,72.66,23.07,70.67,68.57
75.20,75.20,20.79,69.28,68.72
72.12,72.12,24.92,69.59,68.71
81.87,81.87,21.39,71.16,67.70
82.14,82.14,23.25,69.46,67.98
81.80,81.80,24.15,69.67,67.39
81.15,81.15,29.17,70.84,66.63
80.38,80.38,29.64,70.29,65.70
79.65,79.65,28.35,67.88,66.94
79.72,79.72,28.53,68.67,66.44
80.04,80.04,26.44,71.01,65.81
79.81,79.81,23.24,70.40,66.16
80.92,80.92,20.10,68.46,65.51
83.26,83.26,19.90,69.35,64.33
76.18,76.18,17.57,71.16,65.91
76.02,76.02,17.07,70.50,66.33
78.04,78.04,18.32,69.71,66.08
79.00,79.00,21.93,70.49,65.50
79.05,79.05,23.18,71.40,65.24
79.10,79.10,23.12,68.89,66.51
79.05,79.05,25.04,69.44,66.13
78.83,78.83,25.42,70.99,65.63
78.92,78.92,25.50,71.39,64.05
79.33,79.33,25.63,69.33,65.42
79.58,79.58,27.88,70.44,66.13
79.42,79.42,26.03,71.12,64.36
78.72,78.72,27.43,71.78,62.99
73.17,73.17,25.87,69.93,65.25
64.94,64.94,23.93,71.15,64.30
65.07,65.07,25.75,72.28,65.49
62.95,62.95,27.52,69.40,64.89
78.78,78.78,34.01,69.73,67.93
82.19,82.19,33.79,71.05,65.30
80.44,80.44,34.21,70.68,65.89
80.40,80.40,33.33,68.37,65.39
80.39,80.39,33.83,70.35,66.00
80.38,80.38,30.94,71.25,64.10
80.99,80.99,30.59,69.96,63.71
81.15,81.15,25.05,69.67,64.29
80.99,80.99,24.91,70.77,66.52
79.48,79.48,26.15,71.59,65.72
77.87,77.87,22.77,69.22,70.72
72.20,72.20,23.35,69.50,70.02
63.47,63.47,27.00,70.62,68.46
64.89,64.89,23.70,69.12,70.88
67.86,67.86,21.67,65.06,70.73
81.10,81.10,20.16,74.08,74.97
80.67,80.67,17.85,71.62,76.60
80.15,80.15,18.09,73.20,75.76
81.48,81.48,17.41,72.37,76.57
83.70,83.70,19.42,70.99,76.84
83.99,83.99,19.06,70.93,76.09
82.51,82.51,20.37,72.12,76.92
82.45,82.45,21.97,71.60,76.31
83.75,83.75,22.02,69.66,77.79
83.97,83.97,21.07,72.59,78.01
82.51,82.51,21.20,69.97,75.16
82.76,82.76,20.88,70.40,76.99
83.23,83.23,20.52,71.90,77.47
81.22,81.22,21.13,72.23,75.75
80.18,80.18,24.14,71.66,75.29
80.24,80.24,26.25,72.66,76.68
81.03,81.03,25.27,72.06,75.22
82.82,82.82,25.70,72.09,75.11
82.82,82.82,24.76,71.80,75.34
82.99,82.99,25.94,70.30,74.38
82.61,82.61,24.67,70.51,75.08
82.20,82.20,27.53,71.24,75.41
81.05,81.05,25.60,71.10,74.73
81.11,81.11,25.21,70.60,73.72
79.41,79.41,23.33,71.02,76.26
78.07,78.07,23.93,70.34,75.34
79.18,79.18,23.46,70.65,74.38
79.91,79.91,24.48,70.92,75.05
76.43,76.43,26.24,70.14,76.52
69.39,69.39,26.56,71.33,75.71
70.79,70.79,28.09,71.39,75.32
70.75,70.75,29.01,70.82,76.17
68.91,68.91,29.15,72.48,77.15
67.96,67.96,28.30,72.50,76.08
64.42,64.42,27.83,71.44,76.07
59.86,59.86,26.25,72.55,76.43
59.14,59.14,26.89,71.54,75.94
57.74,57.74,25.84,71.78,75.74
55.15,55.15,25.67,72.11,76.24
54.77,54.77,26.00,71.14,76.06
50.32,50.32,26.06,71.70,74.15
52.87,52.87,26.76,72.22,75.80
54.41,54.41,25.74,71.69,76.81
52.29,52.29,26.74,72.65,74.67
52.21,52.21,29.35,72.22,74.75
51.68,51.68,31.14,71.94,76.83
51.22,51.22,29.52,73.19,77.20
50.62,50.62,30.08,71.93,75.63
49.40,49.40,28.21,72.21,75.90
47.61,47.61,28.22,72.86,77.66
48.70,48.70,28.57,72.35,76.34
47.73,47.73,27.81,71.26,77.20
45.57,45.57,27.85,72.59,78.05
42.88,42.88,27.88,72.23,76.76
46.72,46.72,24.52,72.70,77.28
54.45,54.45,20.01,72.76,77.35
64.68,64.68,22.75,72.00,77.33
73.46,73.46,23.19,72.91,77.76
77.29,77.29,22.41,72.62,77.87
79.07,79.07,23.50,71.22,77.41
79.59,79.59,20.14,72.49,79.14
80.07,80.07,22.68,72.62,78.21
79.19,79.19,26.86,71.19,78.78
80.58,80.58,25.19,72.58,79.40
81.18,81.18,22.88,73.00,79.96
81.44,81.44,20.46,72.20,79.75
80.33,80.33,20.83,72.19,79.84
81.33,81.33,21.24,71.34,79.65
78.91,78.91,21.12,71.71,79.88
79.33,79.33,20.43,72.08,80.18
77.93,77.93,24.39,71.99,80.44
76.54,76.54,23.54,71.31,79.69
71.00,71.00,24.02,71.90,80.56
75.09,75.09,19.80,71.31,80.18
80.14,80.14,19.17,71.99,80.02
81.01,81.01,21.58,72.44,81.30
80.40,80.40,23.03,71.31,80.47
79.33,79.33,25.29,72.43,80.40
78.77,78.77,26.44,71.98,81.27
78.13,78.13,25.70,70.80,81.34
78.28,78.28,28.33,71.66,81.96
77.38,77.38,29.32,71.88,81.69
77.06,77.06,25.55,70.47,81.44
74.17,74.17,22.65,71.42,79.88
75.70,75.70,22.01,71.78,75.59
72.94,72.94,22.24,70.85,68.01
76.06,76.06,23.31,71.37,69.11
78.18,78.18,28.91,72.12,76.13
79.44,79.44,25.15,71.92,78.79
79.30,79.30,23.10,70.80,81.04
79.04,79.04,22.50,70.42,81.97
77.89,77.89,21.53,71.00,82.31
77.55,77.55,22.47,71.63,82.50
77.50,77.50,23.40,70.41,82.15
77.45,77.45,27.86,71.46,82.05
76.22,76.22,28.31,71.65,81.80
72.07,72.07,24.49,70.13,81.66
66.53,66.53,27.54,71.29,82.03
68.75,68.75,29.00,71.55,82.17
65.53,65.53,28.38,70.01,81.62
67.89,67.89,30.21,70.27,80.99
65.99,65.99,32.08,71.31,80.76
67.47,67.47,30.18,70.90,78.64
71.06,71.06,31.46,71.61,76.51
78.49,78.49,27.90,70.40,72.58
82.90,82.90,24.72,70.23,70.78
83.67,83.67,28.73,70.83,73.20
80.35,80.35,29.57,69.83,75.54
73.07,73.07,29.88,70.22,78.75
65.48,65.48,27.13,69.94,79.62
65.01,65.01,33.73,69.23,80.94
65.71,65.71,29.52,69.91,79.92
67.26,67.26,30.82,70.24,80.49
67.43,67.43,31.12,68.78,79.20
69.03,69.03,30.24,69.59,80.39
74.28,74.28,23.90,68.67,78.89
77.34,77.34,27.09,66.89,76.10
78.06,78.06,25.74,56.64,76.15
81.84,81.84,33.46,68.65,75.61
79.04,79.04,29.11,72.61,77.83
80.55,80.55,26.52,77.26,79.92
79.39,79.39,24.50,77.75,80.78
77.81,77.81,21.52,74.92,81.58
77.80,77.80,25.50,75.25,81.86
76.64,76.64,19.00,74.16,81.59
78.26,78.26,19.14,75.25,81.92
77.67,77.67,16.50,75.43,81.61
78.22,78.22,18.11,75.97,79.40
78.38,78.38,19.92,73.78,78.53
78.41,78.41,18.28,72.95,80.28
79.68,79.68,18.15,73.38,82.38
77.84,77.84,18.83,74.78,83.46
78.91,78.91,22.57,75.89,81.83
78.24,78.24,30.35,73.87,82.90
80.44,80.44,30.67,74.05,82.60
78.91,78.91,26.05,74.30,81.05
79.60,79.60,23.57,73.35,80.87
79.25,79.25,19.80,73.68,82.17
80.23,80.23,22.67,73.95,81.74
80.65,80.65,29.27,75.56,77.66
80.11,80.11,27.27,75.64,76.84
80.43,80.43,24.19,71.50,78.66
79.73,79.73,25.87,73.24,82.20
79.63,79.63,24.86,75.99,83.02
79.42,79.42,29.39,75.23,83.46
78.52,78.52,30.74,75.23,82.97
80.54,80.54,30.58,75.89,80.20
73.98,73.98,31.01,75.35,76.97
73.00,73.00,28.50,75.26,76.36
83.40,83.40,27.06,74.70,76.04
80.19,80.19,28.68,76.31,75.49
82.07,82.07,29.66,75.90,74.54
77.13,77.13,35.67,74.08,75.45
78.00,78.00,35.60,75.63,77.68
83.02,83.02,39.40,75.82,79.11
84.17,84.17,40.98,75.15,78.54
83.39,83.39,49.23,74.68,76.60
79.00,79.00,43.66,74.66,75.42
73.68,73.68,48.16,75.20,75.15
76.26,76.26,49.77,74.90,74.53
78.34,78.34,48.17,74.86,73.59
75.56,75.56,59.63,74.12,72.99
78.52,78.52,53.53,68.44,72.98
83.29,83.29,55.73,64.19,74.20
81.33,81.33,53.25,65.85,74.41
75.70,75.70,56.87,65.52,75.09
73.11,73.11,59.45,63.43,76.12
74.86,74.86,55.45,63.86,72.62
77.13,77.13,55.58,64.64,73.60
76.57,76.57,47.93,65.77,73.28
76.83,76.83,45.69,67.18,73.68
77.44,77.44,46.85,66.51,75.22
76.75,76.75,45.38,64.37,74.18
74.84,74.84,51.16,65.76,74.75
83.36,83.36,56.34,66.36,74.71
84.77,84.77,59.71,65.42,74.53
80.68,80.68,69.78,71.98,74.66
73.60,73.60,67.99,72.24,74.04
73.26,73.26,66.50,75.72,74.58
74.61,74.61,67.87,74.14,74.05
76.69,76.69,67.31,73.60,73.13
78.13,78.13,65.32,73.17,73.34
78.11,78.11,65.82,71.71,73.53
76.45,76.45,63.40,76.33,73.18
74.59,74.59,60.86,74.39,75.54
82.36,82.36,58.28,72.83,75.32
84.63,84.63,55.81,74.34,75.07
77.43,77.43,54.66,72.10,74.38
82.74,82.74,55.94,68.89,75.45
84.93,84.93,62.66,72.90,75.17
84.60,84.60,73.14,74.34,75.18
83.25,83.25,74.76,73.11,75.24
82.36,82.36,79.88,74.23,73.22
82.91,82.91,77.51,75.78,73.55
83.82,83.82,74.27,76.30,74.82
84.28,84.28,71.75,76.22,75.15
84.98,84.98,71.42,76.22,75.66
83.60,83.60,71.50,75.25,76.35
76.74,76.74,71.66,74.43,74.86
82.64,82.64,69.47,71.09,76.23
85.34,85.34,63.76,74.63,73.69
85.06,85.06,63.30,77.02,74.64
84.57,84.57,61.97,72.16,74.11
83.99,83.99,63.25,74.72,74.04
83.85,83.85,67.61,75.67,72.92
82.99,82.99,78.94,76.05,73.78
83.46,83.46,79.56,70.22,74.02
80.81,80.81,80.97,69.33,76.52
78.84,78.84,72.68,70.73,77.69
84.26,84.26,70.96,68.89,79.02
80.54,80.54,70.29,69.80,77.60
81.53,81.53,71.51,70.28,76.20
84.29,84.29,72.31,70.89,77.08
85.41,85.41,69.13,69.26,75.94
84.80,84.80,68.43,72.83,75.57
84.27,84.27,64.71,67.91,74.83
83.72,83.72,63.05,69.63,73.93
83.65,83.65,62.74,70.65,73.59
83.60,83.60,67.79,66.04,74.11
76.36,76.36,79.18,65.40,75.61
81.89,81.89,86.42,67.25,74.63
82.73,82.73,84.25,65.61,73.43
74.69,74.69,82.43,72.90,72.54
80.97,80.97,78.40,75.27,74.26
84.15,84.15,71.76,74.30,73.35
84.51,84.51,69.96,74.32,72.87
84.11,84.11,67.86,74.39,74.11
83.77,83.77,67.44,73.69,76.66
81.79,81.79,70.85,75.44,75.84
78.01,78.01,66.32,74.42,76.55
83.32,83.32,68.92,72.98,74.87
77.99,77.99,66.89,73.61,74.26
84.94,84.94,66.74,75.24,74.02
81.73,81.73,70.54,75.56,73.94
71.10,71.10,82.19,76.72,75.43
74.25,74.25,87.86,72.41,74.55
76.31,76.31,86.63,61.70,73.17
76.24,76.24,84.80,69.75,73.19
77.35,77.35,78.86,73.83,71.83
80.15,80.15,79.29,75.14,72.79
82.42,82.42,75.32,74.57,76.15
80.02,80.02,72.25,72.19,77.07
79.20,79.20,76.66,71.87,77.30
82.60,82.60,69.05,72.52,77.62
79.53,79.53,72.34,71.36,76.41
72.22,72.22,67.08,70.39,76.74
75.19,75.19,70.59,72.50,76.10
76.24,76.24,71.04,70.22,76.91
71.63,71.63,82.44,66.54,76.56
71.42,71.42,87.42,66.08,77.03
74.47,74.47,88.04,62.64,74.54
78.86,78.86,86.93,69.15,74.73
76.47,76.47,85.38,70.89,74.65
76.39,76.39,80.23,71.80,75.80
80.48,80.48,72.98,73.19,75.84
72.92,72.92,69.38,72.35,77.52
80.77,80.77,74.62,73.61,77.22
82.25,82.25,72.07,74.30,76.07
81.93,81.93,65.86,74.40,76.48
79.80,79.80,69.37,75.07,76.33
78.36,78.36,65.32,74.40,76.56
77.71,77.71,70.69,74.63,76.34
78.93,78.93,76.58,74.44,77.51
74.28,74.28,85.97,75.51,78.22
74.31,74.31,88.18,67.21,74.88
75.79,75.79,85.14,63.89,76.30
71.77,71.77,86.44,60.54,76.48
68.20,68.20,84.27,71.05,77.86
68.97,68.97,84.38,75.00,77.49
66.63,66.63,80.42,72.93,78.04
65.79,65.79,78.20,72.81,79.20
71.43,71.43,78.31,72.73,78.62
78.71,78.71,75.69,72.87,78.50
81.09,81.09,76.84,74.64,78.88
73.47,73.47,72.94,73.96,78.19
79.63,79.63,71.08,74.60,77.57
75.67,75.67,72.70,76.22,76.38
71.58,71.58,88.93,78.16,75.07
69.63,69.63,88.87,71.89,74.71
73.93,73.93,86.18,68.14,75.03
76.21,76.21,84.94,69.41,76.07
78.34,78.34,84.09,72.84,76.78
78.88,78.88,83.58,73.22,75.15
75.62,75.62,81.73,72.66,74.35
76.88,76.88,78.82,73.71,75.93
79.25,79.25,76.52,71.58,76.39
77.17,77.17,76.69,71.70,75.11
76.08,76.08,76.91,75.91,77.36
78.67,78.67,69.55,73.71,75.83
79.88,79.88,73.87,74.34,74.94
81.47,81.47,70.61,68.55,75.47
80.11,80.11,82.51,67.86,75.49
76.71,76.71,87.24,70.68,74.11
79.65,79.65,83.73,68.78,75.73
77.14,77.14,78.94,62.74,75.87
81.52,81.52,76.79,64.59,77.42
82.88,82.88,78.60,64.16,77.40
77.61,77.61,78.37,69.02,78.13
79.24,79.24,77.65,75.26,77.31
83.01,83.01,81.50,74.96,77.70
83.41,83.41,80.40,71.87,76.33
81.03,81.03,78.79,74.46,76.79
75.64,75.64,81.66,73.46,77.62
76.86,76.86,79.33,70.16,76.45
78.46,78.46,80.80,66.30,77.43
76.20,76.20,84.35,73.45,76.07
66.51,66.51,90.33,75.99,73.87
71.58,71.58,87.01,66.48,73.87
69.72,69.72,83.42,70.82,75.26
58.75,58.75,83.10,74.93,74.30
67.24,67.24,79.36,75.07,77.10
76.06,76.06,81.16,72.85,77.49
79.93,79.93,80.74,73.05,77.05
80.31,80.31,77.13,75.63,77.15
75.35,75.35,78.17,75.54,75.47
68.13,68.13,76.83,76.17,75.89
68.11,68.11,76.54,76.64,77.40
73.36,73.36,75.08,74.22,77.36
74.74,74.74,76.20,77.38,75.72
66.34,66.34,77.53,75.12,76.02
63.60,63.60,85.70,66.46,76.18
71.97,71.97,87.87,63.33,75.34
74.53,74.53,87.07,60.36,74.32
76.12,76.12,81.63,61.67,75.71
80.15,80.15,78.51,58.23,75.80
81.86,81.86,76.89,54.42,77.01
81.33,81.33,74.98,60.64,75.25
80.56,80.56,72.75,66.84,74.53
81.56,81.56,72.51,72.42,74.69
82.08,82.08,72.98,71.63,76.56
78.32,78.32,73.35,72.71,77.23
69.96,69.96,72.73,64.45,76.18
64.01,64.01,71.45,77.05,77.17
61.79,61.79,72.90,72.92,77.78
57.06,57.06,71.33,76.70,77.74
58.87,58.87,72.73,69.98,76.03
62.10,62.10,69.86,66.89,77.35
62.22,62.22,71.68,62.37,75.20
62.89,62.89,72.62,64.65,76.23
66.41,66.41,72.90,62.74,77.33
66.38,66.38,71.71,59.57,78.20
65.58,65.58,71.38,64.16,77.87
65.09,65.09,71.37,59.02,79.29
61.69,61.69,68.55,54.44,79.40
55.01,55.01,70.19,59.15,78.01
47.21,47.21,68.44,62.22,78.59
46.74,46.74,71.82,70.84,78.36
58.38,58.38,68.97,63.58,77.34
68.20,68.20,72.22,61.41,74.31
76.18,76.18,75.31,54.21,76.38
79.62,79.62,89.54,61.63,75.16
79.87,79.87,82.37,65.48,74.52
76.22,76.22,80.57,75.48,75.72
72.89,72.89,83.17,77.23,75.85
76.11,76.11,75.16,75.71,77.81
77.72,77.72,73.74,77.37,77.09
79.43,79.43,74.33,78.24,77.54
81.17,81.17,73.81,77.16,77.15
80.17,80.17,72.87,75.87,77.87
80.04,80.04,72.80,77.26,77.94
78.69,78.69,73.20,78.07,78.31
82.13,82.13,73.21,76.69,79.23
83.22,83.22,72.00,74.63,79.58
82.65,82.65,71.35,74.12,78.73
80.53,80.53,71.22,76.72,78.10
77.89,77.89,71.91,76.50,78.41
79.51,79.51,71.54,75.81,80.15
78.81,78.81,71.16,74.40,78.66
80.64,80.64,72.81,76.08,80.60
82.09,82.09,71.16,74.97,77.45
77.54,77.54,71.64,75.65,78.91
73.42,73.42,71.17,74.28,79.27
70.93,70.93,71.76,76.27,79.21
66.93,66.93,69.92,77.36,78.91
68.40,68.40,70.14,77.25,81.89
66.61,66.61,68.39,75.59,80.52
67.12,67.12,70.32,76.73,80.80
66.89,66.89,71.55,77.89,78.60
76.73,76.73,78.87,76.51,79.01
80.27,80.27,85.83,74.76,75.37
78.22,78.22,82.15,77.96,75.35
74.44,74.44,76.02,78.49,77.56
74.51,74.51,74.40,76.72,77.76
80.07,80.07,74.21,76.87,77.05
80.96,80.96,73.12,77.27,77.10
80.85,80.85,72.10,78.06,76.96
80.05,80.05,73.25,77.74,77.34
78.51,78.51,72.51,78.38,78.48
78.45,78.45,71.78,78.72,77.11
78.86,78.86,72.76,79.00,77.36
81.43,81.43,72.63,78.85,77.62
83.41,83.41,72.13,76.56,77.01
81.52,81.52,71.18,75.60,76.22
81.19,81.19,71.15,77.77,78.34
84.50,84.50,70.17,76.35,77.60
85.63,85.63,69.63,73.39,78.19
83.00,83.00,70.12,74.10,76.08
79.88,79.88,71.00,73.93,76.93
73.08,73.08,69.11,73.99,78.39
71.36,71.36,68.97,71.89,79.81
69.26,69.26,69.92,75.94,79.90
68.48,68.48,68.84,75.91,79.15
66.67,66.67,70.30,75.20,79.65
64.63,64.63,71.39,73.76,79.75
64.61,64.61,70.57,76.04,79.02
66.33,66.33,73.46,74.78,78.26
70.03,70.03,78.72,76.70,78.11
78.13,78.13,89.00,73.14,75.25
82.01,82.01,81.01,68.95,75.68
82.83,82.83,84.12,78.14,72.80
79.92,79.92,80.73,77.35,75.62
78.97,78.97,82.55,79.79,77.69
78.81,78.81,73.39,81.42,78.00
79.81,79.81,71.00,81.23,77.88
78.37,78.37,73.91,81.46,77.37
79.77,79.77,71.71,82.60,78.21
81.72,81.72,70.32,81.96,78.55
84.56,84.56,71.60,80.45,79.06
78.98,78.98,70.19,82.06,78.59
79.39,79.39,70.15,83.01,77.81
80.36,80.36,71.17,81.48,77.02
79.90,79.90,73.06,78.27,75.79
77.98,77.98,82.25,74.67,74.70
77.63,77.63,87.51,77.32,73.85
79.56,79.56,78.66,75.76,75.68
77.15,77.15,82.58,75.92,76.57
78.69,78.69,79.98,78.48,75.99
80.99,80.99,73.23,79.92,77.20
81.89,81.89,70.77,82.05,77.18
77.98,77.98,72.26,80.74,77.32
82.21,82.21,70.47,80.70,77.39
77.56,77.56,67.06,82.71,79.65
74.03,74.03,68.94,81.97,77.82
72.48,72.48,70.38,81.39,78.36
73.02,73.02,67.70,81.94,78.99
73.28,73.28,69.11,79.96,77.81
75.78,75.78,72.95,75.16,77.12
83.18,83.18,77.66,70.28,76.99
80.92,80.92,85.82,79.24,75.38
80.81,80.81,81.27,80.02,74.88
81.45,81.45,78.05,79.70,76.59
80.75,80.75,73.67,80.80,76.33
80.42,80.42,74.31,81.39,75.69
79.91,79.91,72.23,79.82,76.72
79.90,79.90,71.67,80.58,75.79
80.35,80.35,71.83,81.61,76.91
81.91,81.91,69.73,79.22,76.37
82.26,82.26,71.31,79.28,77.23
81.65,81.65,72.34,80.04,78.10
80.95,80.95,72.23,80.28,77.69
79.78,79.78,72.20,77.93,78.02
73.00,73.00,80.81,76.08,77.74
74.34,74.34,87.67,68.03,76.17
80.51,80.51,76.70,70.31,77.19
83.38,83.38,83.23,76.68,77.36
84.82,84.82,76.44,75.84,77.05
85.64,85.64,73.15,75.59,79.42
84.70,84.70,72.61,76.30,78.93
83.60,83.60,72.70,76.91,79.22
83.37,83.37,71.42,77.65,80.23
82.90,82.90,68.84,78.41,78.46
82.20,82.20,70.69,77.46,78.27
79.00,79.00,70.55,76.63,78.63
78.90,78.90,69.34,76.96,79.30
81.26,81.26,69.99,77.49,78.65
81.00,81.00,68.80,75.86,79.33
86.54,86.54,70.51,77.08,78.36
84.93,84.93,72.92,78.79,79.09
81.25,81.25,72.92,77.75,79.81
79.27,79.27,74.68,77.58,77.81
78.68,78.68,73.11,75.65,79.16
77.84,77.84,73.58,74.45,78.31
81.88,81.88,74.25,75.43,79.89
82.87,82.87,71.72,76.76,79.70
84.03,84.03,70.67,77.14,80.22
83.27,83.27,70.45,78.09,80.05
83.15,83.15,69.81,76.69,79.76
83.10,83.10,69.80,74.52,79.59
82.86,82.86,70.79,75.44,79.44
83.36,83.36,70.74,76.31,79.41
82.48,82.48,70.51,75.40,78.88
82.64,82.64,70.41,76.98,77.40
82.79,82.79,70.12,77.81,78.64
80.73,80.73,71.23,77.31,79.31
80.02,80.02,71.08,77.47,78.28
78.69,78.69,70.46,77.69,78.18
76.34,76.34,70.49,76.95,78.79
69.84,69.84,69.14,78.23,79.63
66.02,66.02,67.61,78.52,78.50
63.67,63.67,67.96,79.23,79.69
61.52,61.52,66.30,77.15,79.77
62.12,62.12,65.13,77.15,79.72
66.22,66.22,66.09,75.36,79.73
77.76,77.76,68.66,77.87,78.75
82.19,82.19,71.19,77.90,78.35
80.57,80.57,77.87,75.25,77.73
85.93,85.93,84.37,65.88,74.64
82.01,82.01,82.01,74.24,76.41
80.09,80.09,76.38,75.57,78.55
77.73,77.73,75.24,78.64,77.32
80.72,80.72,75.16,79.21,77.28
82.10,82.10,72.77,79.65,76.66
82.38,82.38,73.16,80.12,77.02
80.66,80.66,71.89,79.24,77.70
78.67,78.67,71.59,80.01,77.99
78.65,78.65,71.21,79.55,78.10
78.00,78.00,72.02,79.55,79.77
78.53,78.53,72.05,79.21,78.66
78.51,78.51,72.85,79.87,78.28
80.06,80.06,72.19,79.00,79.01
79.67,79.67,72.22,79.12,77.70
83.20,83.20,70.84,79.10,77.65
85.44,85.44,70.76,77.88,76.88
80.65,80.65,69.71,76.38,76.17
74.42,74.42,70.14,76.14,76.70
76.42,76.42,70.02,75.35,78.18
85.37,85.37,68.50,75.85,78.60
84.47,84.47,68.35,76.28,77.44
70.97,70.97,69.73,73.92,80.05
63.72,63.72,68.78,72.93,80.32
59.96,59.96,68.03,74.14,80.27
62.24,62.24,67.54,75.36,78.61
66.99,66.99,69.21,75.77,77.95
71.97,71.97,73.61,73.01,78.08
83.52,83.52,75.16,60.76,78.24
79.44,79.44,87.64,70.56,74.83
76.93,76.93,81.60,73.20,74.70
76.33,76.33,82.43,78.04,75.73
75.94,75.94,80.92,83.49,75.14
79.72,79.72,76.92,82.74,76.12
80.22,80.22,74.11,84.41,74.94
81.16,81.16,74.31,82.37,77.89
82.10,82.10,70.25,83.92,77.25
79.15,79.15,69.35,82.85,79.11
84.08,84.08,69.62,83.63,77.52
74.29,74.29,68.73,82.48,76.36
76.74,76.74,69.61,83.48,74.63
79.42,79.42,68.31,84.70,77.75
76.26,76.26,72.81,82.21,75.91
79.82,79.82,76.67,81.30,76.60
79.66,79.66,88.40,81.46,73.37
78.53,78.53,78.78,81.66,75.31
78.09,78.09,80.39,81.63,78.34
79.91,79.91,76.40,83.17,77.41
78.07,78.07,72.07,83.47,77.51
72.98,72.98,68.81,82.95,78.86
67.73,67.73,66.69,81.13,79.18
62.59,62.59,67.65,82.45,79.53
61.61,61.61,68.65,84.78,78.07
57.52,57.52,66.96,84.67,79.62
58.73,58.73,66.88,84.93,79.05
61.88,61.88,67.52,83.67,78.30
68.06,68.06,69.12,85.07,77.55
73.16,73.16,76.73,83.39,77.65
83.67,83.67,82.92,79.12,75.06
80.93,80.93,80.37,72.59,75.04
79.12,79.12,76.38,78.18,76.39
79.12,79.12,74.11,82.46,75.70
77.22,77.22,72.78,83.37,76.40
75.47,75.47,72.32,84.28,77.54
76.77,76.77,71.13,85.42,77.08
77.56,77.56,71.15,85.63,77.44
81.99,81.99,68.16,86.80,76.58
82.36,82.36,68.66,84.56,76.90
82.55,82.55,69.06,83.56,76.99
75.42,75.42,69.33,83.06,76.60
77.64,77.64,73.55,82.07,76.02
76.89,76.89,84.20,78.52,75.20
75.15,75.15,87.32,75.52,72.94
76.75,76.75,80.23,76.35,74.25
81.48,81.48,80.39,80.32,76.72
80.04,80.04,76.55,83.16,75.07
74.19,74.19,73.39,84.40,77.88
76.28,76.28,70.84,84.61,77.70
74.09,74.09,69.20,83.31,77.45
73.85,73.85,70.07,82.99,78.05
70.30,70.30,67.80,83.90,78.35
72.69,72.69,66.20,82.95,78.59
76.79,76.79,66.14,83.62,79.65
76.53,76.53,66.21,83.94,79.63
76.64,76.64,67.17,83.98,79.36
76.23,76.23,68.96,84.14,78.48
83.43,83.43,69.73,81.54,77.96
79.90,79.90,70.92,81.68,76.77
80.18,80.18,72.95,83.01,77.24
81.73,81.73,73.10,83.14,78.15
83.53,83.53,70.90,82.52,78.94
82.03,82.03,71.84,82.72,77.99
81.26,81.26,71.30,83.32,78.45
81.64,81.64,72.63,83.18,78.77
82.23,82.23,72.00,82.61,77.91
82.24,82.24,71.23,82.93,77.68
82.88,82.88,70.27,83.26,78.57
82.68,82.68,71.17,81.75,78.30
82.05,82.05,70.14,82.77,77.51
84.61,84.61,70.22,84.16,77.90
82.27,82.27,70.11,83.48,75.63
80.16,80.16,69.60,83.88,76.86
82.91,82.91,70.53,83.95,76.98
84.18,84.18,69.04,83.70,76.75
82.59,82.59,68.11,83.08,76.19
78.44,78.44,68.97,83.01,78.30
68.90,68.90,67.74,84.60,77.32
68.14,68.14,68.58,84.26,79.30
68.31,68.31,67.31,83.54,79.20
67.00,67.00,67.07,84.69,79.36
66.04,66.04,65.21,84.60,78.83
69.14,69.14,67.14,83.75,79.27
71.17,71.17,69.28,83.46,80.31
71.21,71.21,69.25,84.09,78.42
72.50,72.50,73.35,84.72,76.70
79.52,79.52,80.31,82.41,73.48
82.22,82.22,83.80,72.50,73.62
78.21,78.21,76.31,78.25,72.94
72.50,72.50,71.18,82.93,74.48
74.01,74.01,69.77,84.64,76.05
70.51,70.51,70.45,84.05,76.25
71.81,71.81,70.14,81.63,77.98
76.51,76.51,67.45,84.10,78.84
76.73,76.73,66.15,85.04,79.45
74.74,74.74,68.25,83.62,79.01
75.54,75.54,69.06,82.86,78.49
82.91,82.91,70.00,83.17,77.98
81.03,81.03,70.19,81.22,76.23
78.74,78.74,73.45,82.06,77.60
81.90,81.90,73.64,83.48,77.61
83.00,83.00,72.21,82.93,78.23
81.13,81.13,71.05,82.64,78.42
81.78,81.78,70.86,82.88,77.78
82.00,82.00,72.01,83.31,78.35
82.77,82.77,70.59,83.43,78.04
82.32,82.32,69.99,82.35,77.52
82.98,82.98,70.23,81.94,77.83
82.23,82.23,70.77,83.45,78.20
82.41,82.41,70.28,82.84,78.42
84.72,84.72,69.37,83.08,78.04
82.03,82.03,69.58,84.09,75.73
80.68,80.68,68.59,84.87,76.68
82.61,82.61,68.46,83.96,77.75
84.62,84.62,68.19,82.69,76.53
81.92,81.92,67.61,84.12,76.42
76.91,76.91,67.72,83.69,78.18
68.76,68.76,68.14,83.79,77.50
68.46,68.46,68.45,84.14,79.43
67.56,67.56,65.89,84.44,79.60
67.53,67.53,65.81,84.84,79.21
66.22,66.22,65.73,84.03,78.78
70.49,70.49,66.94,83.61,79.50
71.13,71.13,67.13,84.41,80.40
70.37,70.37,68.67,84.03,77.86
72.60,72.60,73.33,83.16,77.17
80.08,80.08,82.18,81.81,73.97
82.02,82.02,82.98,72.69,74.49
77.82,77.82,75.64,79.62,73.84
72.46,72.46,70.11,83.88,75.35
73.49,73.49,69.30,84.71,76.93
71.16,71.16,67.41,81.71,77.32
74.39,74.39,67.77,83.76,78.52
76.05,76.05,65.94,84.38,78.81
76.75,76.75,66.04,83.52,78.97
75.31,75.31,67.28,83.95,79.33
77.61,77.61,68.50,83.39,77.92
82.97,82.97,69.10,83.23,77.88
80.55,80.55,71.02,80.92,76.91
78.65,78.65,72.82,82.86,78.27
83.07,83.07,72.86,84.67,77.39
83.08,83.08,71.76,82.48,77.85
81.40,81.40,71.33,82.16,78.65
81.43,81.43,70.45,83.79,78.66
81.88,81.88,71.53,82.80,78.22
82.69,82.69,71.32,81.81,77.39
82.93,82.93,69.64,82.63,78.19
83.25,83.25,69.05,82.76,78.44
82.88,82.88,70.50,83.23,78.51
82.64,82.64,69.32,82.45,78.52
84.99,84.99,69.19,83.56,77.27
81.57,81.57,69.63,84.63,76.70
80.58,80.58,68.10,84.00,77.14
83.11,83.11,68.31,83.46,77.02
84.11,84.11,67.20,83.23,76.03
82.18,82.18,68.28,83.53,76.94
76.25,76.25,67.86,83.30,78.01
68.99,68.99,68.24,83.75,78.49
69.48,69.48,68.28,85.05,78.63
70.23,70.23,67.26,84.30,79.65
68.60,68.60,65.59,83.73,79.79
68.21,68.21,65.01,84.95,77.83
72.12,72.12,67.09,84.00,79.50
71.80,71.80,67.17,83.41,78.59
72.17,72.17,69.51,83.35,78.22
74.26,74.26,73.94,84.71,75.69
81.32,81.32,83.93,81.24,75.06
81.56,81.56,81.00,72.89,74.61
76.38,76.38,74.66,78.60,74.31
72.93,72.93,70.03,84.12,74.55
72.58,72.58,68.76,84.97,77.10
69.72,69.72,68.12,82.65,77.00
74.25,74.25,67.74,83.50,78.57
76.49,76.49,66.37,84.15,79.32
76.46,76.46,65.38,83.72,78.87
75.68,75.68,67.57,84.67,79.78
77.90,77.90,68.52,82.66,77.49
83.13,83.13,69.13,81.69,77.38
80.23,80.23,71.08,82.24,77.44
79.15,79.15,71.60,82.86,77.58
83.07,83.07,71.56,83.27,76.78
82.75,82.75,70.63,83.00,78.39
81.42,81.42,70.14,82.47,78.32
80.61,80.61,69.82,83.30,79.09
82.14,82.14,70.93,82.44,78.39
82.53,82.53,70.75,82.54,77.49
82.62,82.62,69.06,83.14,78.38
83.59,83.59,68.86,82.11,78.44
82.08,82.08,69.71,82.39,78.35
83.17,83.17,69.03,83.59,79.15
84.87,84.87,68.69,83.14,76.72
80.98,80.98,68.60,83.67,77.20
80.85,80.85,67.86,84.10,77.53
83.32,83.32,68.49,84.19,76.82
83.93,83.93,68.20,83.09,76.73
81.47,81.47,68.01,83.07,77.11
75.05,75.05,67.59,84.41,77.15
70.39,70.39,67.91,84.06,78.59
71.23,71.23,68.14,83.75,77.87
71.26,71.26,67.09,84.32,79.28
69.40,69.40,65.71,84.49,79.38
67.07,67.07,64.74,84.22,78.26
71.44,71.44,69.20,82.97,79.98
71.46,71.46,66.59,83.47,79.09
71.74,71.74,69.18,84.43,78.56
74.83,74.83,74.79,84.14,75.76
81.96,81.96,84.87,79.51,75.16
81.59,81.59,79.56,73.43,74.05
75.56,75.56,74.06,79.76,74.00
72.63,72.63,70.41,84.57,75.44
72.63,72.63,69.07,85.10,76.39
71.21,71.21,67.59,81.98,77.71
76.21,76.21,66.34,82.14,78.59
77.86,77.86,62.95,85.33,79.13
77.35,77.35,62.97,83.48,78.99
75.87,75.87,63.57,83.23,79.88
79.46,79.46,64.58,83.24,78.41
81.91,81.91,64.12,81.93,77.47
80.84,80.84,65.65,81.45,77.00
78.89,78.89,68.13,82.52,78.22
79.02,79.02,67.73,83.09,76.36
65.65,65.65,62.17,83.28,72.05
63.88,63.88,61.51,81.08,71.07
59.64,59.64,68.81,70.63,72.00
59.21,59.21,77.28,77.13,72.65
58.09,58.09,87.03,78.33,72.19
57.05,57.05,80.17,76.79,72.73
59.22,59.22,80.92,77.87,75.35
61.54,61.54,73.97,79.28,72.69
70.25,70.25,69.35,83.05,73.14
67.44,67.44,65.31,77.12,72.11
60.73,60.73,73.38,67.56,73.59
67.69,67.69,79.81,78.27,73.59
57.25,57.25,86.04,77.26,72.49
52.79,52.79,80.33,77.14,73.42
54.62,54.62,79.92,77.92,75.75
49.58,49.58,72.72,78.60,73.18
47.04,47.04,66.77,83.94,75.16
45.01,45.01,65.58,74.57,73.42
44.45,44.45,73.26,69.54,72.39
44.68,44.68,84.74,79.58,72.61
44.23,44.23,84.14,76.73,72.92
37.78,37.78,80.65,76.78,74.46
42.50,42.50,79.81,79.01,75.42
40.68,40.68,70.70,78.93,73.70
39.00,39.00,66.38,83.04,75.35
34.35,34.35,68.41,69.75,72.10
38.00,38.00,73.59,74.07,72.13
40.43,40.43,87.23,79.05,72.46
30.70,30.70,82.08,76.93,73.09
25.77,25.77,81.74,76.71,74.88
28.32,28.32,76.54,79.71,74.10
33.85,33.85,70.83,81.34,74.03
30.72,30.72,65.42,79.71,74.66
25.09,25.09,69.43,68.08,71.85
22.52,22.52,78.09,77.37,73.27
14.46,14.46,87.44,77.99,72.35
17.28,17.28,80.97,76.78,72.44
21.21,21.21,81.32,76.55,75.39
20.09,20.09,74.86,79.08,73.33
19.89,19.89,69.32,83.03,74.83
18.05,18.05,65.26,76.68,74.16
23.41,23.41,72.25,68.23,72.99
24.57,24.57,79.65,79.00,72.01
22.33,22.33,86.87,77.35,71.07
19.29,19.29,80.30,77.09,71.97
17.06,17.06,80.82,77.33,74.69
15.53,15.53,73.96,78.45,73.18
16.45,16.45,67.94,83.88,75.24
17.97,17.97,66.14,74.66,72.59
18.73,18.73,73.92,70.67,71.96
12.34,12.34,83.92,78.97,71.76
9.24,9.24,84.03,76.69,71.70
5.64,5.64,81.17,76.73,72.92
9.88,9.88,79.77,79.11,74.82
12.06,12.06,71.08,79.48,72.68
17.47,17.47,67.45,82.40,75.31
18.50,18.50,67.88,70.80,72.53
15.56,15.56,73.59,73.93,71.07
7.44,7.44,86.88,78.90,72.32
6.66,6.66,83.60,76.83,72.48
7.44,7.44,81.44,77.16,73.94
12.39,12.39,77.15,79.45,74.52
13.83,13.83,70.45,81.10,73.30
17.20,17.20,65.34,79.65,74.23
19.52,19.52,69.81,70.02,72.19
16.28,16.28,76.66,77.02,72.63
11.33,11.33,88.53,78.12,71.28
14.32,14.32,80.58,77.34,71.24
19.02,19.02,82.01,76.86,74.46
21.53,21.53,75.83,78.42,72.12
16.51,16.51,69.06,82.83,74.09
15.87,15.87,66.51,77.13,74.47
19.50,19.50,71.83,71.27,72.38
12.97,12.97,79.41,78.59,71.28
15.47,15.47,87.06,77.46,70.96
15.28,15.28,80.02,77.32,72.00
15.08,15.08,81.65,77.62,73.95
13.30,13.30,74.27,78.58,72.24
15.54,15.54,68.70,83.17,74.91
15.96,15.96,66.76,75.31,72.60
15.68,15.68,74.07,71.00,72.16
10.09,10.09,83.21,78.76,71.83
12.78,12.78,84.97,76.97,70.04
15.82,15.82,81.03,76.96,72.16
10.06,10.06,80.62,78.47,74.32
12.85,12.85,71.70,78.83,72.44
15.51,15.51,67.63,82.27,75.39
17.35,17.35,67.87,72.17,72.49
17.78,17.78,73.58,73.76,70.82
13.54,13.54,86.13,78.98,71.39
12.72,12.72,83.52,77.57,70.85
15.85,15.85,80.37,76.54,73.30
15.61,15.61,78.12,79.55,73.63
13.58,13.58,71.50,80.14,73.02
15.12,15.12,67.11,79.75,73.68
17.01,17.01,70.56,71.07,72.20
16.44,16.44,75.86,76.29,70.94
9.57,9.57,88.22,78.43,71.35
6.00,6.00,81.29,77.81,70.94
8.05,8.05,82.00,76.18,73.23
11.60,11.60,75.81,78.88,72.30
12.77,12.77,69.67,82.23,73.65
15.49,15.49,66.85,77.85,73.64
16.50,16.50,71.80,70.61,71.26
9.76,9.76,78.90,77.65,71.43
6.73,6.73,87.97,77.84,69.90
4.04,4.04,80.32,77.75,71.32
3.29,3.29,81.38,76.93,73.47
8.44,8.44,74.85,79.57,72.52
11.49,11.49,69.14,82.72,74.17
12.67,12.67,66.70,76.28,73.11
14.83,14.83,73.40,71.55,71.78
8.07,8.07,81.95,78.94,70.52
12.91,12.91,85.47,78.41,69.84
19.86,19.86,80.95,76.94,71.32
15.40,15.40,80.34,77.85,74.21
11.52,11.52,71.74,78.84,72.27
14.29,14.29,67.85,82.37,74.75
14.47,14.47,68.75,72.72,72.23
15.38,15.38,74.22,73.05,70.64
15.12,15.12,85.66,79.14,70.48
10.34,10.34,84.31,77.79,70.47
5.08,5.08,81.19,76.14,72.32
15.01,15.01,78.86,79.34,73.54
11.73,11.73,71.64,79.85,73.12
13.87,13.87,66.43,80.40,74.56
16.13,16.13,69.54,71.74,71.62
10.73,10.73,75.19,76.09,71.41
5.21,5.21,87.97,79.09,70.26
2.49,2.49,82.01,77.43,69.86
3.64,3.64,82.09,75.55,73.38
8.18,8.18,76.27,79.58,71.69
12.39,12.39,70.89,81.30,73.22
15.51,15.51,67.42,78.65,73.58
16.55,16.55,71.45,70.83,70.29
12.17,12.17,78.22,77.76,70.34
13.53,13.53,88.53,79.30,68.75
16.62,16.62,80.50,76.89,68.81
10.77,10.77,81.61,76.31,72.69
11.88,11.88,75.40,79.62,70.88
12.66,12.66,69.63,82.46,74.09
14.34,14.34,67.25,76.16,72.76
17.44,17.44,73.84,71.58,71.45
12.41,12.41,81.44,79.01,69.16
15.92,15.92,85.56,78.40,69.19
17.86,17.86,81.56,76.11,70.13
12.37,12.37,81.27,76.81,72.56
15.94,15.94,73.51,78.88,71.93
12.72,12.72,68.87,82.55,72.92
12.72,12.72,69.26,72.70,71.83
10.11,10.11,74.50,73.24,69.20
9.26,9.26,84.70,79.87,69.42
16.73,16.73,85.17,77.35,69.45
7.20,7.20,80.88,75.51,70.68
12.31,12.31,79.72,78.44,72.52
12.41,12.41,71.59,79.60,72.54
14.68,14.68,68.83,81.66,74.10
15.67,15.67,70.48,72.14,70.50
13.81,13.81,74.97,76.18,69.43
4.85,4.85,88.07,80.34,69.64
3.86,3.86,82.59,76.52,68.04
7.11,7.11,81.72,75.40,71.39
6.07,6.07,77.56,79.50,70.89
11.47,11.47,71.50,81.38,72.17
11.56,11.56,68.07,79.03,73.08
11.79,11.79,72.53,71.05,69.27
6.95,6.95,79.37,77.98,67.32
8.34,8.34,87.76,79.81,66.28
6.16,6.16,81.88,76.49,67.09
3.52,3.52,81.87,78.81,69.48
10.29,10.29,78.76,83.12,67.15
6.37,6.37,72.07,84.52,68.77
5.92,5.92,71.14,87.89,71.44
8.21,8.21,68.20,82.11,69.75
12.35,12.35,74.34,81.81,68.17
13.14,13.14,74.15,80.52,65.94
12.62,12.62,84.97,81.87,69.23
11.96,11.96,81.73,77.43,66.07
8.42,8.42,80.71,82.51,68.28
6.13,6.13,79.56,76.42,69.97
8.13,8.13,80.72,79.48,71.60
3.99,3.99,80.56,76.03,70.87
2.43,2.43,84.75,76.63,68.85
6.01,6.01,83.50,70.16,70.70
13.52,13.52,82.34,68.79,71.06
15.76,15.76,86.55,62.89,70.19
13.93,13.93,83.61,61.09,70.13
12.47,12.47,81.13,64.73,66.27
13.19,13.19,81.47,72.24,67.48
11.55,11.55,88.72,72.99,64.67
12.18,12.18,77.59,69.60,62.55
12.35,12.35,81.22,75.23,63.22
13.65,13.65,86.56,72.97,62.16
17.41,17.41,87.14,74.11,59.13
20.84,20.84,86.31,77.38,65.44
24.38,24.38,84.20,73.40,62.18
24.55,24.55,82.47,67.87,65.30
24.13,24.13,80.08,76.98,65.75
25.98,25.98,81.66,72.20,67.61
26.27,26.27,84.79,78.95,69.17
28.55,28.55,78.22,74.73,70.52
22.09,22.09,81.58,68.16,60.23
4.91,4.91,80.20,68.43,47.12
0.05,0.05,72.24,53.90,35.18
-0.00,-0.00,56.52,40.52,24.80
-0.00,-0.00,57.12,29.00,20.98
-0.00,-0.00,42.89,20.08,13.28
-0.00,-0.00,46.64,23.66,19.57
-0.00,-0.00,34.57,17.61,11.56
-0.00,-0.00,41.88,23.67,13.99
-0.00,-0.00,30.37,16.74,12.74
-0.00,-0.00,28.98,13.92,8.52
-0.00,-0.00,26.95,13.05,10.44
-0.00,-0.00,25.87,8.07,12.57
-0.00,-0.00,32.92,18.80,17.32
-0.00,-0.00,21.50,8.45,5.89
-0.00,-0.00,25.90,11.74,8.49
-0.00,-0.00,11.13,1.36,0.57
-0.00,-0.00,16.43,3.30,1.93
-0.00,-0.00,3.46,0.01,0.01
-0.00,-0.00,0.03,-0.00,-0.00
-0.00,-0.00,0.03,-0.00,-0.00
-0.00,-0.00,0.03,-0.00,-0.00
-0.00,-0.00,0.03,-0.00,-0.00
-0.00,-0.00,0.03,-0.00,-0.00
-0.00,-0.00,0.03,-0.00,-0.00
-0.00,-0.00,0.03,-0.00,-0.00
-0.00,-0.00,0.03,-0.00,-0.00
-0.00,-0.00,0.03,-0.00,-0.00
-0.00,-0.00,0.03,-0.00,-0.00
-0.00,-0.00,0.03,-0.00,-0.00
-0.00,-0.00,0.03,-0.00,-0.00
-0.00,-0.00,0.03,-0.00,-0.00
-0.00,-0.00,0.03,-0.00,-0.00
-0.00,-0.00,0.03,-0.00,-0.00
-0.00,-0.00,0.03,-0.00,-0.00
-0.00,-0.00,0.03,-0.00,-0.00
-0.00,-0.00,0.03,-0.00,-0.00
-0.00,-0.00,0.03,-0.00,-0.00
-0.00,-0.00,0.03,-0.00,-0.00
-0.00,-0.00,0.03,-0.00,-0.00
-0.00,-0.00,0.03,-0.00,-0.00
-0.00,-0.00,0.03,-0.00,-0.00
-0.00,-0.00,0.03,-0.00,-0.00
-0.00,-0.00,0.03,-0.00,-0.00
-0.00,-0.00,0.03,-0.00,-0.00
-0.00,-0.00,0.03,-0.00,-0.00
-0.00,-0.00,0.03,-0.00,-0.00
-0.00,-0.00,0.03,-0.00,-0.00
-0.00,-0.00,0.03,-0.00,-0.00
-0.00,-0.00,0.03,-0.00,-0.00
-0.00,-0.00,0.03,-0.00,-0.00
-0.00,-0.00,0.03,-0.00,-0.00
-0.00,-0.00,0.03,-0.00,-0.00
-0.00,-0.00,0.03,-0.00,-0.00
-0.00,-0.00,0.03,-0.00,-0.00
-0.00,-0.00,0.03,-0.00,-0.00
-0.00,-0.00,0.03,-0.00,-0.00
-0.00,-0.00,0.03,-0.00,-0.00
-0.00,-0.00,0.03,-0.00,-0.00
-0.00,-0.00,0.03,-0.00,-0.00
-0.00,-0.00,0.03,-0.00,-0.00
-0.00,-0.00,0.03,-0.00,-0.00
-0.00,-0.00,0.03,-0.00,-0.00
-0.00,-0.00,0.03,-0.00,-0.00
-0.00,-0.00,0.03,-0.00,-0.00
-0.00,-0.00,0.03,-0.00,-0.00
-0.00,-0.00,0.03,-0.00,-0.00
-0.00,-0.00,0.03,-0.00,-0.00
-0.00,-0.00,0.03,-0.00,-0.00
-0.00,-0.00,0.03,-0.00,-0.00
-0.00,-0.00,0.03,-0.00,-0.00
-0.00,-0.00,0.03,-0.00,-0.00
-0.00,-0.00,0.03,-0.00,-0.00
-0.00,-0.00,0.03,-0.00,-0.00
-0.00,-0.00,0.03,-0.00,-0.00
-0.00,-0.00,0.03,-0.00,-0.00
-0.00,-0.00,0.03,-0.00,-0.00
-0.00,-0.00,0.03,-0.00,-0.00
-0.00,-0.00,0.03,-0.00,-0.00
-0.00,-0.00,0.03,-0.00,-0.00
-0.00,-0.00,0.03,-0.00,-0.00
-0.00,-0.00,0.03,-0.00,-0.00
-0.00,-0.00,0.03,-0.00,-0.00
-0.00,-0.00,0.03,-0.00,-0.00
-0.00,-0.00,0.03,-0.00,-0.00
-0.00,-0.00,0.03,-0.00,-0.00
-0.00,-0.00,0.03,-0.00,-0.00
-0.00,-0.00,0.03,-0.00,-0.00
-0.00,-0.00,0.03,-0.00,-0.00
-0.00,-0.00,0.03,-0.00,-0.00
-0.00,-0.00,0.03,-0.00,-0.00
-0.00,-0.00,0.03,-0.00,-0.00
-0.00,-0.00,0.03,-0.00,-0.00
-0.00,-0.00,0.03,-0.00,-0.00
-0.00,-0.00,0.03,-0.00,-0.00
1.43,1.43,2.54,-0.00,2.13
10.36,10.36,14.45,3.87,13.96
15.11,15.11,22.43,5.88,20.93
17.48,17.48,34.94,2.61,35.69
19.49,19.49,51.61,12.04,50.92
17.87,17.87,79.82,32.78,60.73
16.41,16.41,79.13,42.22,65.39
21.13,21.13,77.25,46.24,66.94
22.20,22.20,78.62,32.63,70.50
21.91,21.91,81.92,34.99,71.23
20.70,20.70,85.63,33.45,70.73
19.34,19.34,82.35,45.74,71.41
14.88,14.88,81.11,56.00,70.12
16.02,16.02,83.17,65.79,69.80
11.90,11.90,87.15,74.69,69.10
8.05,8.05,80.36,74.63,66.54
6.36,6.36,81.20,82.64,72.57
5.88,5.88,80.10,86.91,69.16
3.35,3.35,75.80,81.02,69.28
1.16,1.16,76.85,80.89,71.31
2.19,2.19,76.40,84.16,71.84
3.23,3.23,72.76,83.30,69.46
5.74,5.74,70.69,82.71,71.32
6.16,6.16,69.36,77.94,70.70
11.97,11.97,73.51,70.15,71.10
13.31,13.31,80.85,78.36,69.37
13.24,13.24,85.70,78.48,68.67
18.58,18.58,81.13,77.34,70.86
14.10,14.10,80.59,77.64,73.61
5.58,5.58,73.25,78.35,72.23
10.32,10.32,69.64,83.76,73.69
8.99,8.99,67.48,75.03,72.20
7.27,7.27,74.07,71.86,70.00
6.29,6.29,84.58,79.85,70.58
13.66,13.66,84.76,77.69,70.53
19.97,19.97,81.31,76.81,72.14
12.48,12.48,79.82,78.85,72.71
10.29,10.29,72.53,78.68,72.51
14.03,14.03,67.53,82.75,74.28
12.33,12.33,68.93,73.13,71.89
15.36,15.36,74.16,73.97,69.93
15.76,15.76,87.76,80.29,70.79
9.99,9.99,82.05,77.54,70.20
6.38,6.38,81.95,76.87,72.74
6.51,6.51,77.47,79.77,71.84
7.44,7.44,71.58,80.75,73.21
5.08,5.08,67.07,80.18,73.76
6.75,6.75,70.44,71.18,70.90
10.72,10.72,78.19,77.60,71.48
13.99,13.99,87.57,79.16,70.30
4.45,4.45,81.03,77.39,70.61
0.27,0.27,81.44,76.56,72.92
2.95,2.95,75.47,78.80,71.63
10.20,10.20,70.32,83.54,73.77
11.47,11.47,66.66,77.11,73.17
13.12,13.12,72.77,71.08,72.27
10.52,10.52,80.49,79.43,69.47
4.69,4.69,86.94,77.92,69.24
14.55,14.55,81.17,77.26,70.66
16.48,16.48,80.70,77.43,74.02
7.75,7.75,73.28,78.48,71.94
11.13,11.13,68.20,84.22,74.34
11.14,11.14,68.03,75.42,73.02
10.97,10.97,73.02,72.21,70.66
9.29,9.29,84.88,80.49,70.28
11.29,11.29,84.25,77.42,70.31
14.71,14.71,81.18,76.69,71.49
10.09,10.09,80.43,78.54,72.69
9.86,9.86,71.74,78.70,72.10
8.41,8.41,68.40,82.96,74.12
8.32,8.32,69.27,73.08,71.86
11.53,11.53,73.90,74.66,70.45
10.38,10.38,87.13,79.43,70.62
3.38,3.38,83.16,77.27,70.74
8.48,8.48,81.58,76.58,72.77
9.57,9.57,77.63,79.58,72.14
9.70,9.70,71.17,81.37,73.09
5.07,5.07,67.07,79.42,73.78
6.53,6.53,69.65,72.09,71.44
10.33,10.33,77.18,78.17,71.80
13.67,13.67,87.77,78.88,69.88
18.57,18.57,81.47,77.20,69.48
14.60,14.60,81.53,76.51,72.85
13.94,13.94,75.87,78.94,71.98
14.79,14.79,70.14,83.65,73.71
11.72,11.72,66.86,76.75,73.40
14.70,14.70,72.81,71.47,71.67
15.06,15.06,79.92,79.46,70.60
13.26,13.26,86.71,77.49,69.38
14.07,14.07,80.77,76.84,70.80
15.07,15.07,81.63,77.07,73.94
11.84,11.84,73.58,78.11,72.39
14.34,14.34,68.66,84.25,73.84
12.88,12.88,66.88,76.07,72.54
6.43,6.43,73.14,71.86,70.19
6.67,6.67,83.96,79.59,70.42
12.58,12.58,84.32,77.22,70.50
1.96,1.96,80.86,77.00,71.67
5.45,5.45,80.00,78.86,73.58
5.45,5.45,71.31,79.19,72.48
11.79,11.79,68.72,82.23,74.35
14.49,14.49,68.42,73.73,72.04
19.06,19.06,73.61,74.43,70.06
20.16,20.16,86.74,78.92,70.58
12.63,12.63,84.04,77.02,69.69
5.83,5.83,80.98,77.03,72.29
8.36,8.36,78.39,79.25,72.51
5.13,5.13,72.34,80.73,73.34
11.14,11.14,67.51,79.54,73.26
12.58,12.58,70.24,72.63,71.17
13.69,13.69,76.64,77.02,70.59
9.78,9.78,88.52,78.34,69.55
15.09,15.09,81.25,76.98,69.65
20.75,20.75,82.45,77.04,73.00
19.02,19.02,75.97,78.57,72.06
27.90,27.90,70.53,82.92,73.10
36.22,36.22,67.95,77.05,73.49
44.19,44.19,71.55,71.90,71.53
58.18,58.18,78.93,78.47,71.97
63.05,63.05,87.40,77.16,71.73
62.86,62.86,79.59,75.94,73.52
77.55,77.55,80.02,76.20,78.08
75.13,75.13,79.84,82.98,79.03
71.08,71.08,79.32,84.01,79.06
66.91,66.91,75.19,83.70,77.86
62.06,62.06,73.62,84.92,78.03
57.07,57.07,75.20,85.67,77.72
51.81,51.81,72.62,87.00,77.49
54.88,54.88,71.48,85.69,78.92
60.42,60.42,71.26,85.53,78.88
69.90,69.90,72.36,86.76,78.29
74.26,74.26,70.00,87.18,77.06
75.78,75.78,72.98,85.39,76.08
80.37,80.37,73.91,84.40,77.54
82.03,82.03,73.64,84.40,75.55
80.19,80.19,85.76,84.63,73.82
79.62,79.62,78.36,80.23,74.90
80.37,80.37,79.96,81.46,74.33
81.09,81.09,74.30,83.16,75.16
79.40,79.40,74.19,83.02,76.03
77.75,77.75,76.58,82.89,77.28
79.99,79.99,73.44,83.34,77.18
76.88,76.88,73.40,84.20,77.90
69.98,69.98,72.18,82.93,78.72
64.53,64.53,70.35,84.09,78.53
64.52,64.52,71.53,84.99,78.87
64.86,64.86,72.61,84.05,77.25
67.06,67.06,77.31,84.17,76.95
77.35,77.35,80.57,83.51,73.61
81.02,81.02,83.79,79.58,74.86
80.41,80.41,78.89,79.56,75.35
80.35,80.35,74.97,82.63,74.55
79.05,79.05,75.39,83.91,74.08
78.48,78.48,74.36,83.75,76.05
76.49,76.49,72.60,85.31,74.19
77.33,77.33,72.21,85.99,74.36
77.56,77.56,71.25,84.18,75.58
78.19,78.19,71.23,85.58,76.32
79.01,79.01,70.96,85.59,76.49
79.20,79.20,70.48,85.06,75.58
76.25,76.25,71.46,84.07,77.12
70.76,70.76,73.89,83.55,76.01
69.81,69.81,88.32,81.22,74.74
79.43,79.43,80.15,69.95,74.70
81.42,81.42,83.84,75.04,77.70
77.65,77.65,75.46,74.11,76.24
80.09,80.09,78.60,79.19,76.57
82.22,82.22,80.38,79.81,78.97
82.09,82.09,75.36,79.42,78.58
83.01,83.01,75.63,80.92,78.98
81.68,81.68,76.85,80.48,78.78
79.76,79.76,72.83,79.63,78.43
75.08,75.08,71.87,79.16,79.13
66.79,66.79,71.72,79.96,78.83
65.33,65.33,70.65,77.05,78.52
70.92,70.92,71.99,78.91,79.61
72.03,72.03,72.50,81.62,79.32
70.67,70.67,73.28,75.24,79.10
70.81,70.81,74.57,68.99,80.17
73.37,73.37,72.79,69.45,81.16
76.43,76.43,72.78,70.86,81.06
77.13,77.13,73.32,73.39,79.00
73.07,73.07,74.90,73.76,78.89
73.71,73.71,75.70,72.50,78.75
74.39,74.39,74.88,72.15,79.11
71.04,71.04,75.80,73.68,78.54
71.43,71.43,75.81,72.24,79.28
72.76,72.76,72.81,68.35,81.14
71.87,71.87,73.56,67.64,79.78
72.95,72.95,73.43,70.84,79.93
73.75,73.75,75.55,72.01,79.15
71.19,71.19,75.60,67.28,79.26
73.80,73.80,73.97,68.57,79.87
73.70,73.70,74.50,73.43,78.26
72.65,72.65,73.95,73.68,80.68
72.08,72.08,73.50,71.54,80.44
74.06,74.06,73.95,72.65,79.58
72.70,72.70,73.53,73.36,80.71
73.10,73.10,73.31,73.26,80.82
70.25,70.25,75.46,72.79,79.74
71.61,71.61,75.09,72.87,79.15
71.85,71.85,75.64,73.25,78.96
72.36,72.36,75.62,73.44,79.62
73.80,73.80,74.73,72.24,79.51
71.99,71.99,74.38,71.54,80.09
69.91,69.91,73.67,72.56,80.17
73.55,73.55,73.38,74.17,79.44
72.95,72.95,74.32,71.20,79.95
72.15,72.15,74.11,68.43,79.35
72.44,72.44,73.65,68.26,78.92
72.19,72.19,75.89,68.58,78.64
72.73,72.73,75.66,69.19,78.37
75.17,75.17,80.26,65.05,77.17
59.24,59.24,84.62,58.40,72.51
54.35,54.35,81.90,59.76,72.81
47.55,47.55,75.58,57.86,73.14
52.27,52.27,66.56,57.15,72.72
46.77,46.77,72.55,52.37,68.17
46.58,46.58,69.13,50.09,65.30
43.73,43.73,67.69,34.12,59.15
40.89,40.89,66.70,39.25,57.08
44.42,44.42,64.34,41.29,55.85
41.04,41.04,62.04,42.04,59.10
34.80,34.80,63.00,40.07,54.70
29.59,29.59,61.74,52.37,56.38
33.95,33.95,76.23,66.82,65.91
29.43,29.43,81.56,73.33,65.84
31.35,31.35,81.69,73.89,65.85
31.61,31.61,80.85,69.50,64.94
33.79,33.79,79.43,64.98,66.44
35.41,35.41,79.20,68.42,65.26
37.39,37.39,78.79,67.51,62.44
35.23,35.23,75.46,63.12,62.06
32.33,32.33,75.77,61.82,60.75
30.64,30.64,72.98,60.58,63.70
29.47,29.47,74.21,56.55,63.10
29.66,29.66,72.03,56.96,62.23
32.35,32.35,71.93,58.83,59.42
32.72,32.72,74.25,54.23,54.23
30.48,30.48,74.15,49.75,52.35
29.59,29.59,80.79,57.27,58.47
24.84,24.84,90.74,55.98,63.43
21.47,21.47,84.48,62.30,71.01
19.28,19.28,81.86,61.32,72.90
15.77,15.77,83.46,59.94,73.26
15.19,15.19,82.00,59.95,73.65
18.27,18.27,69.79,59.28,73.37
16.22,16.22,72.42,53.57,68.98
15.84,15.84,69.42,55.73,65.17
21.93,21.93,72.00,51.42,62.53
26.45,26.45,65.66,43.46,58.02
22.65,22.65,64.87,42.88,54.60
18.23,18.23,63.63,38.33,50.72
9.91,9.91,70.14,50.72,54.71
6.25,6.25,90.66,60.45,63.93
8.23,8.23,85.53,65.99,70.27
7.33,7.33,82.46,64.96,71.33
6.50,6.50,81.01,61.78,69.83
6.52,6.52,80.28,57.88,70.19
6.17,6.17,76.31,59.04,71.68
5.71,5.71,69.79,55.59,70.62
8.41,8.41,67.68,45.87,69.24
7.07,7.07,68.74,47.84,65.36
13.25,13.25,64.20,51.71,62.40
15.05,15.05,65.73,52.16,59.60
12.86,12.86,58.98,42.95,55.59
11.25,11.25,57.72,29.35,49.87
8.36,8.36,64.60,34.19,49.57
6.68,6.68,86.48,45.66,65.84
6.04,6.04,89.60,46.69,69.62
6.25,6.25,83.07,45.12,74.61
8.72,8.72,80.87,54.69,73.62
12.00,12.00,83.71,49.67,75.24
13.63,13.63,77.35,53.00,74.66
13.94,13.94,72.48,51.03,73.55
14.01,14.01,68.52,47.87,70.13
14.76,14.76,72.22,45.98,66.63
17.95,17.95,70.86,38.89,62.11
20.54,20.54,64.85,37.78,57.88
20.60,20.60,61.92,44.70,56.18
17.84,17.84,67.16,38.06,56.15
9.22,9.22,71.86,29.10,51.79
7.64,7.64,69.08,32.78,56.38
14.16,14.16,88.69,47.22,68.80
20.33,20.33,80.58,47.80,71.58
22.41,22.41,81.59,47.59,74.37
22.48,22.48,77.55,41.77,76.12
26.77,26.77,74.52,49.62,78.35
26.74,26.74,79.42,51.22,77.79
29.97,29.97,78.29,43.53,78.78
31.11,31.11,73.89,51.45,80.87
34.26,34.26,77.14,48.93,81.15
34.45,34.45,79.80,49.22,78.08
28.17,28.17,77.62,42.58,78.47
31.30,31.30,76.59,44.53,78.41
28.49,28.49,68.96,35.81,80.80
28.98,28.98,70.83,36.47,79.61
31.20,31.20,69.66,37.98,79.18
31.87,31.87,69.72,30.81,79.99
31.17,31.17,70.27,33.05,80.11
30.28,30.28,69.47,40.56,79.90
27.53,27.53,69.72,38.97,76.20
29.96,29.96,70.07,36.29,79.46
29.06,29.06,68.31,36.23,76.71
23.40,23.40,66.50,38.59,76.65
23.94,23.94,67.23,37.37,76.89
27.08,27.08,66.07,32.10,77.27
25.62,25.62,66.67,42.92,77.71
28.31,28.31,65.66,40.40,75.32
29.46,29.46,66.98,45.72,78.83
27.01,27.01,66.75,44.75,77.44
28.94,28.94,64.80,46.93,76.13
26.80,26.80,65.24,46.25,75.97
29.20,29.20,65.28,45.20,76.94
25.39,25.39,64.25,41.21,76.70
29.80,29.80,64.92,42.46,75.94
29.56,29.56,65.83,37.81,75.70
31.58,31.58,65.26,44.43,74.74
32.93,32.93,63.91,39.42,72.93
30.45,30.45,65.77,47.93,74.05
24.58,24.58,65.34,37.69,73.31
27.65,27.65,65.37,38.82,75.83
24.06,24.06,63.83,37.31,74.54
20.59,20.59,64.29,42.43,75.92
21.71,21.71,62.81,39.34,75.23
23.29,23.29,62.80,37.12,73.28
20.74,20.74,62.99,41.09,74.94
18.17,18.17,62.83,37.95,75.40
19.64,19.64,63.04,36.04,73.55
21.34,21.34,61.65,37.55,71.43
23.11,23.11,62.98,41.69,72.48
27.86,27.86,60.63,37.75,69.93
22.27,22.27,61.62,35.64,70.93
21.86,21.86,60.67,37.66,71.34
24.33,24.33,60.26,32.84,71.11
27.44,27.44,59.69,31.11,70.45
30.14,30.14,59.31,33.24,69.72
35.92,35.92,58.67,30.50,71.74
33.91,33.91,56.65,25.88,71.08
30.18,30.18,58.35,18.38,72.11
35.67,35.67,61.59,3.90,69.25
49.73,49.73,85.28,-0.00,69.99
58.18,58.18,87.64,-0.00,69.39
63.65,63.65,82.50,-0.00,72.04
64.83,64.83,82.79,-0.00,73.77
61.10,61.10,80.17,0.99,72.57
55.67,55.67,76.61,6.14,74.55
54.18,54.18,73.77,9.16,74.68
57.29,57.29,73.93,10.42,73.17
55.77,55.77,73.74,9.75,72.65
62.95,62.95,73.06,8.41,73.49
69.36,69.36,73.06,14.93,74.20
65.91,65.91,72.26,24.26,72.83
64.17,64.17,72.26,23.83,72.43
62.14,62.14,71.55,12.89,73.60
65.06,65.06,72.11,28.91,72.12
63.06,63.06,70.24,30.27,71.87
58.73,58.73,69.65,30.54,71.90
55.15,55.15,68.07,32.90,71.67
54.05,54.05,68.63,36.43,69.90
55.16,55.16,68.96,35.68,73.28
57.45,57.45,68.99,38.78,73.55
54.04,54.04,66.78,40.65,72.27
51.35,51.35,67.54,40.36,72.45
55.02,55.02,66.69,34.40,72.11
53.59,53.59,66.34,42.47,71.97
55.60,55.60,66.03,40.92,71.50
55.05,55.05,65.66,33.71,71.13
56.76,56.76,65.13,39.13,69.79
54.96,54.96,65.00,37.87,70.68
53.66,53.66,65.25,39.18,71.52
54.01,54.01,64.32,37.12,70.03
55.57,55.57,64.56,35.99,70.30
59.93,59.93,63.10,31.17,70.77
59.68,59.68,62.39,37.25,71.66
59.49,59.49,64.20,42.31,69.26
59.42,59.42,63.12,34.84,69.44
56.59,56.59,63.09,31.40,68.90
55.73,55.73,63.29,38.92,69.83
55.28,55.28,64.26,25.03,70.30
52.75,52.75,63.21,34.96,69.35
50.03,50.03,62.34,33.08,69.95
50.35,50.35,62.96,32.10,71.26
46.80,46.80,63.08,31.55,69.82
46.61,46.61,62.79,34.00,69.56
48.13,48.13,62.89,36.07,68.02
50.25,50.25,64.00,34.30,71.01
51.46,51.46,63.39,33.35,70.37
54.72,54.72,63.74,32.89,67.96
55.03,55.03,62.98,31.38,65.43
54.55,54.55,65.08,34.31,68.76
55.15,55.15,64.91,31.16,68.61
57.21,57.21,63.95,29.69,65.34
52.54,52.54,62.65,29.62,66.23
44.58,44.58,63.09,33.77,65.12
47.13,47.13,62.65,41.50,66.25
46.42,46.42,62.06,48.01,65.24
45.66,45.66,61.54,44.90,65.23
44.33,44.33,61.63,34.47,64.44
40.51,40.51,62.30,12.24,64.85
45.74,45.74,80.97,8.37,66.15
47.84,47.84,83.13,10.62,65.34
51.68,51.68,83.52,7.61,69.35
60.69,60.69,81.98,0.46,69.81
60.19,60.19,80.25,0.00,72.84
57.61,57.61,76.44,3.09,71.21
55.51,55.51,78.53,9.02,69.42
57.83,57.83,81.98,8.75,69.88
61.21,61.21,84.83,4.45,67.80
61.32,61.32,76.50,3.68,69.35
61.79,61.79,71.55,6.19,68.82
60.74,60.74,70.03,4.95,68.68
60.65,60.65,71.06,12.39,66.39
63.38,63.38,68.30,18.19,70.00
63.51,63.51,68.92,21.66,69.91
60.65,60.65,68.13,31.05,69.43
60.37,60.37,68.44,30.51,71.07
67.18,67.18,67.39,34.16,70.91
64.03,64.03,67.62,29.93,70.76
63.20,63.20,68.47,36.64,70.39
60.98,60.98,69.75,39.26,68.56
59.08,59.08,70.21,41.13,69.65
59.77,59.77,69.37,41.87,71.10
59.37,59.37,68.52,46.03,72.99
57.68,57.68,68.29,41.98,70.46
60.40,60.40,68.65,20.12,69.48
59.50,59.50,67.61,0.74,67.50
54.84,54.84,90.17,0.00,67.69
53.65,53.65,82.12,-0.00,64.34
55.99,55.99,85.45,1.76,65.96
58.88,58.88,73.73,3.86,65.03
66.87,66.87,72.73,2.06,67.59
72.60,72.60,79.53,4.70,69.77
75.99,75.99,81.03,6.07,71.90
75.02,75.02,77.97,8.17,71.60
69.06,69.06,74.95,9.94,67.14
68.83,68.83,77.44,11.65,64.18
73.34,73.34,71.85,15.07,69.65
72.23,72.23,71.93,21.44,67.05
73.18,73.18,79.01,24.62,68.91
71.48,71.48,71.35,25.60,68.67
70.19,70.19,71.91,24.41,67.65
63.93,63.93,73.70,18.79,64.96
67.92,67.92,77.25,23.37,65.68
70.07,70.07,72.79,27.89,66.50
65.75,65.75,71.14,30.78,66.13
68.63,68.63,67.15,30.02,66.17
75.63,75.63,67.69,25.46,73.23
76.31,76.31,68.48,21.92,72.72
77.19,77.19,70.39,25.31,73.27
73.50,73.50,72.56,16.28,70.54
66.01,66.01,69.14,20.97,67.15
61.03,61.03,66.97,22.19,67.61
61.98,61.98,67.14,26.02,67.95
63.32,63.32,69.25,33.96,66.36
64.78,64.78,58.03,30.50,68.08
65.37,65.37,67.97,33.19,68.79
67.40,67.40,69.85,27.97,69.85
64.66,64.66,65.58,25.74,67.79
67.20,67.20,69.23,22.89,71.05
70.07,70.07,66.66,27.67,72.06
72.12,72.12,67.30,29.70,72.68
68.82,68.82,65.13,35.31,66.60
65.71,65.71,67.02,28.63,68.08
68.83,68.83,69.54,34.01,67.84
68.31,68.31,71.81,35.74,68.82
67.53,67.53,67.59,35.83,68.25
73.12,73.12,68.40,31.73,72.36
72.59,72.59,72.34,27.73,71.66
63.41,63.41,65.09,32.34,67.84
58.26,58.26,67.79,34.17,66.23
62.91,62.91,65.80,30.23,65.89
61.29,61.29,63.45,27.31,70.09
62.19,62.19,63.57,35.68,66.07
69.05,69.05,69.14,34.76,70.81
74.05,74.05,67.66,36.10,75.08
75.72,75.72,64.59,38.22,74.74
74.39,74.39,68.32,45.07,74.02
70.79,70.79,66.22,39.41,70.34
71.25,71.25,59.86,38.22,70.31
71.61,71.61,64.02,41.69,72.80
69.46,69.46,67.04,51.69,70.08
67.14,67.14,67.01,47.62,72.81
66.90,66.90,63.24,45.06,68.10
65.39,65.39,67.90,52.81,65.99
64.39,64.39,63.19,48.63,69.05
65.61,65.61,64.01,51.84,69.54
71.67,71.67,66.52,47.87,71.51
71.92,71.92,70.60,46.06,70.33
72.18,72.18,65.38,41.89,72.59
71.82,71.82,62.64,44.53,72.61
70.30,70.30,67.97,43.24,71.16
66.71,66.71,67.33,41.68,66.73
66.84,66.84,62.39,44.79,69.84
66.14,66.14,63.03,45.49,67.71
61.32,61.32,68.47,42.74,66.90
62.49,62.49,64.89,41.04,68.66
59.14,59.14,62.25,44.05,66.56
62.87,62.87,65.01,39.13,70.26
64.70,64.70,64.23,42.31,67.78
67.25,67.25,64.76,46.02,70.15
67.41,67.41,64.47,45.50,69.36
67.58,67.58,66.94,51.09,68.48
67.64,67.64,63.33,37.11,68.69
66.70,66.70,61.88,49.32,67.65
62.15,62.15,66.26,52.53,69.44
60.28,60.28,62.75,46.00,67.97
64.58,64.58,61.46,44.53,69.77
65.41,65.41,55.81,45.46,69.67
71.69,71.69,64.30,47.65,69.70
73.86,73.86,64.88,49.16,72.75
74.76,74.76,60.53,46.59,72.82
72.70,72.70,63.72,51.71,70.05
71.95,71.95,62.10,52.10,69.36
69.97,69.97,61.83,50.60,67.51
67.35,67.35,63.16,48.96,66.75
69.09,69.09,62.70,47.87,67.85
68.97,68.97,62.57,50.27,70.95
63.33,63.33,60.23,44.53,65.53
62.60,62.60,64.02,44.11,64.34
62.24,62.24,56.48,47.19,67.33
68.30,68.30,56.84,46.49,70.40
70.68,70.68,59.14,45.98,68.75
71.67,71.67,60.59,44.41,69.19
69.85,69.85,57.65,44.19,63.44
70.03,70.03,52.05,40.68,65.43
68.07,68.07,61.09,39.55,66.00
67.44,67.44,59.27,46.73,64.09
66.07,66.07,59.10,47.80,64.99
68.22,68.22,61.94,45.09,64.69
63.38,63.38,54.34,44.45,63.92
63.16,63.16,60.11,43.57,62.60
65.29,65.29,57.71,42.14,65.80
69.78,69.78,61.13,32.30,70.55
71.37,71.37,77.63,40.41,74.75
69.99,69.99,84.49,50.28,77.37
66.50,66.50,86.41,51.06,72.13
65.60,65.60,83.43,45.83,70.28
63.71,63.71,86.44,43.65,67.07
65.57,65.57,76.76,48.08,73.35
68.47,68.47,78.79,55.34,74.85
62.35,62.35,70.29,49.82,76.90
66.75,66.75,86.33,58.10,75.16
64.48,64.48,80.41,60.35,77.20
67.47,67.47,79.05,56.13,79.35
65.47,65.47,78.81,57.14,77.76
66.98,66.98,70.31,52.87,78.78
65.67,65.67,82.55,61.10,78.66
63.38,63.38,72.30,61.99,80.09
66.35,66.35,76.05,64.81,78.03
62.72,62.72,79.76,63.79,76.94
64.74,64.74,79.87,63.46,77.66
60.36,60.36,79.96,68.06,75.62
58.80,58.80,73.25,56.14,76.03
61.42,61.42,72.72,65.03,76.28
61.92,61.92,81.37,66.41,77.69
59.16,59.16,73.04,68.62,75.96
56.66,56.66,71.83,68.09,80.55
58.86,58.86,73.93,67.50,80.85
57.85,57.85,69.37,66.56,75.65
59.52,59.52,68.01,67.06,80.13
64.20,64.20,75.80,69.17,77.56
60.89,60.89,73.66,67.10,76.47
66.10,66.10,73.58,70.05,81.19
66.02,66.02,68.44,66.55,81.69
62.18,62.18,72.07,63.17,76.95
65.23,65.23,70.89,67.30,77.90
63.11,63.11,76.11,66.37,80.11
62.33,62.33,68.23,66.94,79.99
62.46,62.46,70.69,62.28,78.10
62.93,62.93,70.42,66.75,77.60
58.64,58.64,62.27,65.03,77.24
60.53,60.53,65.04,64.44,76.95
58.90,58.90,65.34,68.87,75.06
58.53,58.53,70.53,63.15,73.32
58.80,58.80,64.59,64.31,74.16
58.15,58.15,58.14,68.60,74.41
60.35,60.35,67.12,64.97,76.22
59.01,59.01,66.35,61.83,74.22
60.58,60.58,68.25,65.12,76.20
58.71,58.71,69.91,64.71,73.58
59.70,59.70,73.85,57.80,73.99
67.58,67.58,59.38,58.74,78.26
67.38,67.38,78.54,60.48,78.59
69.30,69.30,81.26,57.47,80.32
69.66,69.66,81.73,57.73,77.93
69.42,69.42,80.22,58.96,77.81
68.35,68.35,76.67,57.79,78.12
61.58,61.58,77.34,58.77,74.25
60.90,60.90,78.45,61.02,72.68
68.13,68.13,73.39,66.28,79.71
69.26,69.26,80.72,66.35,79.18
68.47,68.47,74.27,69.13,77.87
71.56,71.56,69.25,67.97,81.21
71.71,71.71,75.07,67.54,82.20
71.99,71.99,68.03,65.41,83.19
71.12,71.12,71.92,60.66,81.16
69.06,69.06,66.68,67.45,77.62
68.25,68.25,65.31,71.82,76.41
72.00,72.00,70.78,71.03,82.45
70.81,70.81,76.97,74.04,81.51
70.05,70.05,81.70,72.09,79.26
68.93,68.93,79.55,69.24,78.45
68.46,68.46,76.93,70.66,76.47
70.69,70.69,80.88,70.46,80.54
69.98,69.98,80.36,72.61,79.63
69.60,69.60,85.58,72.12,75.91
73.45,73.45,81.02,69.72,80.12
73.63,73.63,82.84,68.83,82.25
70.86,70.86,74.02,69.62,79.69
67.90,67.90,80.99,68.80,78.88
69.78,69.78,80.21,66.55,81.61
72.26,72.26,82.48,66.43,83.57
72.92,72.92,77.01,63.02,81.05
73.53,73.53,80.35,61.40,81.36
70.55,70.55,77.03,64.01,79.89
68.86,68.86,80.36,58.09,78.12
69.48,69.48,79.25,57.72,81.70
65.51,65.51,79.23,59.93,77.85
64.87,64.87,77.25,62.04,78.52
69.10,69.10,82.19,63.65,77.57
71.32,71.32,82.57,61.32,81.26
69.04,69.04,79.27,66.05,75.06
72.59,72.59,79.25,66.93,79.56
73.55,73.55,75.56,66.65,80.20
74.98,74.98,84.92,68.80,80.68
73.75,73.75,75.73,72.61,79.65
73.75,73.75,77.76,72.56,80.21
75.73,75.73,78.63,75.39,83.78
75.54,75.54,80.17,75.53,82.10
73.62,73.62,76.10,73.69,79.23
69.61,69.61,78.08,74.86,74.00
67.43,67.43,76.49,73.89,71.68
63.06,63.06,76.88,74.57,70.65
62.18,62.18,79.25,71.52,72.06
64.45,64.45,79.70,69.68,72.45
72.59,72.59,79.62,70.10,79.78
73.32,73.32,76.81,64.94,78.59
75.31,75.31,71.02,58.71,81.96
75.99,75.99,84.95,67.22,83.03
77.16,77.16,81.09,65.06,84.62
75.60,75.60,85.68,55.47,81.11
74.25,74.25,86.97,55.75,79.11
72.75,72.75,78.96,64.88,74.17
73.23,73.23,76.30,67.09,77.20
73.65,73.65,73.18,59.89,76.13
72.88,72.88,73.25,64.74,72.74
73.22,73.22,70.11,65.46,77.51
74.33,74.33,79.43,67.58,78.46
72.52,72.52,76.70,67.23,76.19
68.19,68.19,72.81,69.03,70.59
72.10,72.10,78.44,66.48,77.38
75.49,75.49,79.79,62.60,81.49
77.41,77.41,81.03,62.71,84.20
77.91,77.91,77.54,65.48,84.05
76.83,76.83,65.92,62.32,81.83
75.51,75.51,66.95,61.77,80.69
74.16,74.16,67.79,64.49,78.46
72.09,72.09,73.14,66.93,76.46
69.17,69.17,74.49,57.19,73.50
72.34,72.34,70.74,65.85,77.29
71.52,71.52,67.80,66.62,76.80
71.77,71.77,66.81,67.94,75.99
71.14,71.14,66.45,67.13,73.89
72.30,72.30,66.53,69.59,78.77
74.06,74.06,74.35,66.82,79.54
76.78,76.78,67.84,66.95,83.99
77.70,77.70,68.01,64.88,83.76
78.93,78.93,64.61,62.23,84.77
79.11,79.11,63.55,61.41,84.69
78.24,78.24,68.43,60.98,83.78
76.54,76.54,64.82,59.34,81.75
72.54,72.54,71.27,59.55,76.81
63.56,63.56,63.92,61.06,71.39
54.31,54.31,70.68,65.39,67.95
57.20,57.20,68.03,64.94,70.85
59.77,59.77,65.98,57.19,70.53
63.37,63.37,72.66,59.06,73.13
70.91,70.91,69.20,66.91,76.39
73.17,73.17,66.49,72.42,78.19
75.79,75.79,62.45,70.32,80.25
77.46,77.46,58.37,70.07,81.73
78.72,78.72,62.50,71.79,83.06
78.03,78.03,62.88,70.09,80.82
78.67,78.67,62.24,67.15,81.37
79.22,79.22,61.65,64.39,81.96
78.89,78.89,61.38,67.11,81.62
77.07,77.07,60.41,66.98,78.56
74.54,74.54,60.01,64.55,75.73
68.65,68.65,66.42,68.62,70.06
58.70,58.70,63.62,68.10,68.52
64.94,64.94,62.24,70.43,71.19
66.26,66.26,61.49,72.62,72.95
69.88,69.88,66.14,70.66,71.15
73.81,73.81,66.37,73.39,75.37
73.89,73.89,64.15,71.78,73.06
75.99,75.99,66.19,68.73,77.49
78.25,78.25,62.83,71.33,80.66
75.81,75.81,66.87,68.16,77.12
71.25,71.25,60.97,68.27,73.47
69.55,69.55,67.13,67.27,72.34
67.63,67.63,62.75,71.84,70.37
69.01,69.01,59.85,70.68,71.62
71.68,71.68,64.87,67.87,72.63
72.35,72.35,60.72,70.11,74.17
71.76,71.76,57.96,69.60,72.50
71.90,71.90,62.55,66.73,72.28
71.20,71.20,63.58,63.25,73.48
74.07,74.07,63.54,65.84,74.28
75.34,75.34,61.13,65.56,78.01
72.93,72.93,61.07,64.89,72.08
71.11,71.11,60.21,66.85,71.44
70.77,70.77,60.68,63.85,70.20
73.00,73.00,59.44,62.48,75.86
71.49,71.49,58.42,63.74,73.15
73.00,73.00,58.68,66.32,73.12
73.39,73.39,56.22,61.30,73.67
76.61,76.61,60.40,62.41,76.35
76.93,76.93,57.08,67.93,74.47
77.71,77.71,57.79,62.12,77.57
76.84,76.84,58.31,67.79,71.02
77.80,77.80,58.09,66.75,78.23
75.83,75.83,56.66,64.49,75.26
74.10,74.10,54.60,54.72,72.95
72.73,72.73,54.77,60.73,73.24
67.75,67.75,55.58,63.84,69.50
62.47,62.47,55.01,68.65,66.29
74.08,74.08,54.70,69.15,74.36
78.85,78.85,56.91,73.44,76.84
81.59,81.59,52.44,74.07,80.03
82.10,82.10,49.68,70.43,79.88
82.23,82.23,47.67,72.57,79.68
81.72,81.72,52.82,69.98,77.66
81.86,81.86,62.04,70.66,78.86
80.93,80.93,67.47,73.01,77.00
79.55,79.55,69.37,74.10,76.12
77.94,77.94,73.69,76.69,74.88
74.70,74.70,72.74,75.50,71.71
74.49,74.49,75.43,78.28,73.53
74.46,74.46,74.42,77.74,74.08
71.22,71.22,74.52,75.36,70.38
65.88,65.88,75.03,76.27,68.81
64.59,64.59,73.88,74.62,69.86
66.94,66.94,74.16,71.90,71.37
69.89,69.89,76.76,75.52,71.22
67.29,67.29,79.02,76.22,70.18
62.88,62.88,79.83,73.95,67.71
65.89,65.89,79.58,75.64,67.77
61.56,61.56,79.07,73.66,66.97
66.11,66.11,77.87,73.30,70.87
65.02,65.02,78.09,74.59,67.27
68.20,68.20,77.86,74.41,72.46
70.92,70.92,75.58,73.55,72.33
72.97,72.97,71.38,71.55,74.72
71.54,71.54,68.08,66.74,70.77
71.71,71.71,65.43,66.00,72.84
72.02,72.02,65.00,67.97,75.66
71.05,71.05,60.63,69.70,75.75
71.17,71.17,49.53,72.16,76.49
68.85,68.85,62.38,65.78,79.79
58.88,58.88,59.03,70.60,81.64
63.54,63.54,66.15,69.12,83.03
62.44,62.44,71.65,67.68,83.59
56.53,56.53,71.64,60.46,78.04
63.36,63.36,71.05,58.40,80.50
66.95,66.95,70.76,67.72,81.00
69.67,69.67,69.07,67.78,78.73
71.36,71.36,68.29,64.22,82.86
73.65,73.65,68.81,59.88,80.81
72.46,72.46,68.85,62.61,83.12
67.88,67.88,67.52,60.63,78.76
67.10,67.10,67.57,61.30,82.38
68.31,68.31,67.82,65.08,81.12
68.23,68.23,66.62,59.78,83.86
69.07,69.07,66.01,63.56,78.35
71.21,71.21,67.20,56.27,80.34
69.72,69.72,66.49,61.22,80.98
69.71,69.71,69.15,54.39,77.79
69.33,69.33,69.47,63.11,78.77
68.85,68.85,69.00,61.05,77.73
66.70,66.70,70.23,67.39,78.04
69.22,69.22,65.76,64.60,77.77
68.81,68.81,68.65,61.10,78.55
68.19,68.19,66.21,60.53,76.84
68.77,68.77,69.49,62.36,77.34
69.62,69.62,65.73,62.31,79.68
71.05,71.05,64.83,59.03,77.32
70.55,70.55,67.44,59.61,79.56
71.54,71.54,65.25,58.62,79.96
70.11,70.11,67.36,62.17,77.81
72.06,72.06,65.87,64.49,78.77
72.16,72.16,66.94,58.83,79.70
71.68,71.68,68.50,63.64,80.42
69.17,69.17,69.66,62.69,77.11
65.33,65.33,66.97,63.64,77.07
68.88,68.88,65.29,65.14,78.53
70.66,70.66,65.94,62.09,77.99
71.90,71.90,66.63,61.28,77.59
72.73,72.73,66.29,63.77,78.45
72.91,72.91,66.51,61.96,76.58
71.16,71.16,63.09,62.79,77.55
69.39,69.39,66.25,62.11,75.70
70.14,70.14,67.51,56.74,74.03
70.78,70.78,65.51,59.76,74.80
70.53,70.53,68.74,56.11,76.29
67.25,67.25,66.75,61.64,74.92
68.07,68.07,65.82,66.05,76.27
68.81,68.81,66.85,61.80,75.03
72.10,72.10,65.48,66.41,75.98
72.62,72.62,69.06,58.30,75.27
73.08,73.08,66.26,60.17,76.36
72.90,72.90,67.39,56.86,73.54
74.24,74.24,65.07,63.93,76.22
72.46,72.46,65.88,61.59,76.62
71.85,71.85,63.85,61.95,76.21
71.80,71.80,66.52,60.44,76.18
71.29,71.29,66.52,62.97,74.89
68.43,68.43,63.01,61.71,73.98
65.29,65.29,66.00,65.74,74.66
66.70,66.70,69.37,63.28,75.20
68.98,68.98,71.32,61.92,76.13
69.76,69.76,68.22,62.39,72.57
72.81,72.81,67.85,59.10,73.23
75.40,75.40,69.86,58.83,79.76
75.05,75.05,67.99,57.73,77.12
73.37,73.37,70.32,54.87,77.96
71.78,71.78,69.85,57.27,74.97
70.17,70.17,69.13,61.65,74.65
70.99,70.99,64.28,63.12,76.37
73.12,73.12,65.06,65.40,73.09
74.14,74.14,64.66,62.87,78.32
73.24,73.24,67.48,61.27,72.89
71.13,71.13,69.39,59.31,74.90
70.42,70.42,70.25,58.91,74.45
67.11,67.11,70.21,59.64,74.85
65.08,65.08,66.91,57.25,74.70
64.31,64.31,65.63,62.87,74.11
58.48,58.48,68.99,59.47,74.23
61.14,61.14,71.16,62.21,74.07
60.26,60.26,71.94,58.88,76.91
68.94,68.94,66.33,55.00,74.53
73.37,73.37,66.90,56.81,76.76
76.36,76.36,63.13,63.20,79.98
77.40,77.40,65.34,55.75,81.06
78.13,78.13,65.75,56.18,80.93
77.77,77.77,66.04,60.30,79.85
74.44,74.44,67.76,56.55,77.20
72.35,72.35,67.63,61.87,76.63
69.56,69.56,65.18,62.04,71.81
69.30,69.30,68.58,64.02,75.59
67.77,67.77,70.49,63.23,76.65
67.06,67.06,66.51,62.15,74.55
60.16,60.16,67.97,63.05,71.85
62.33,62.33,64.91,58.98,72.77
63.47,63.47,66.08,61.09,71.98
67.54,67.54,66.16,55.06,72.53
68.72,68.72,66.39,60.31,71.63
71.29,71.29,65.65,60.23,74.87
69.05,69.05,65.80,59.57,74.50
65.48,65.48,65.18,57.98,70.72
60.04,60.04,66.70,54.95,71.84
66.78,66.78,67.67,51.28,72.70
66.64,66.64,70.06,58.17,73.38
64.68,64.68,67.07,56.99,71.82
64.00,64.00,67.70,52.77,72.78
62.94,62.94,67.36,59.46,70.67
63.10,63.10,67.30,58.75,73.12
63.27,63.27,66.61,50.48,69.87
64.03,64.03,65.56,54.63,70.07
62.69,62.69,68.83,54.97,74.20
60.55,60.55,68.04,57.35,72.14
54.32,54.32,69.19,59.34,73.59
58.39,58.39,67.02,57.91,70.48
63.14,63.14,65.73,57.51,69.29
66.10,66.10,65.53,60.27,70.65
68.57,68.57,64.35,51.38,68.90
68.48,68.48,65.99,59.37,70.40
65.97,65.97,65.40,58.27,70.29
64.90,64.90,66.77,55.49,70.71
65.78,65.78,66.39,56.22,69.77
66.57,66.57,64.92,54.93,71.76
69.79,69.79,67.20,51.55,73.82
71.48,71.48,68.52,55.43,74.13
71.92,71.92,68.98,54.09,70.35
69.64,69.64,64.85,55.93,70.12
66.29,66.29,63.02,55.79,69.96
66.32,66.32,62.26,60.65,68.16
64.85,64.85,64.16,62.29,71.48
65.44,65.44,65.50,61.53,70.97
69.31,69.31,64.70,62.41,70.70
70.06,70.06,64.42,60.07,69.13
71.73,71.73,66.84,60.40,71.65
70.77,70.77,63.26,57.38,68.95
71.06,71.06,64.77,60.92,71.61
71.42,71.42,63.97,61.32,73.50
71.11,71.11,64.26,54.13,70.79
69.68,69.68,63.99,60.72,69.35
68.65,68.65,63.14,60.24,72.64
62.99,62.99,61.12,56.96,69.89
60.06,60.06,61.82,60.52,67.45
65.04,65.04,64.32,61.86,72.88
65.19,65.19,63.27,56.18,72.32
62.76,62.76,63.31,61.81,70.50
58.75,58.75,61.97,63.04,70.24
66.94,66.94,60.84,63.73,70.70
73.68,73.68,65.50,62.06,76.28
74.31,74.31,65.51,62.46,74.62
74.21,74.21,66.06,63.75,73.96
74.89,74.89,65.32,68.41,76.40
74.38,74.38,64.00,66.83,75.25
72.83,72.83,59.95,66.73,75.77
72.62,72.62,58.16,70.17,77.20
72.32,72.32,59.87,70.07,81.57
67.99,67.99,58.30,70.22,78.39
58.11,58.11,57.53,73.25,74.94
62.91,62.91,60.13,68.18,73.69
64.95,64.95,61.31,69.58,72.11
73.65,73.65,77.33,72.73,80.16
75.94,75.94,77.33,72.51,79.53
77.78,77.78,76.10,71.72,77.46
79.28,79.28,77.18,69.51,76.59
80.89,80.89,77.90,71.68,76.17
82.75,82.75,76.99,64.83,76.11
80.82,80.82,75.77,65.09,78.49
80.63,80.63,76.30,69.10,79.43
77.06,77.06,76.86,71.55,79.29
72.09,72.09,76.98,69.97,79.89
71.05,71.05,77.54,68.94,77.29
72.33,72.33,77.58,66.29,77.62
70.85,70.85,76.95,69.56,77.05
72.96,72.96,77.15,73.31,77.19
73.47,73.47,76.45,73.61,76.25
72.63,72.63,77.47,73.22,74.84
74.69,74.69,77.30,71.91,75.06
72.39,72.39,79.49,65.75,79.50
73.63,73.63,77.08,71.90,79.44
78.82,78.82,76.65,74.30,80.13
77.79,77.79,75.47,66.49,76.65
79.82,79.82,77.89,68.87,76.50
78.06,78.06,77.22,69.70,78.59
76.95,76.95,76.90,71.99,77.78
81.90,81.90,76.21,73.79,77.34
80.23,80.23,77.26,70.35,77.75
70.38,70.38,77.37,71.34,75.69
77.14,77.14,76.77,70.34,78.36
82.11,82.11,76.46,70.98,79.34
84.23,84.23,75.02,73.32,77.03
85.46,85.46,75.24,73.08,75.76
84.66,84.66,76.81,71.95,77.76
77.24,77.24,76.92,70.91,76.82
74.62,74.62,76.36,73.20,78.81
78.28,78.28,77.09,73.93,78.04
78.61,78.61,77.02,74.11,76.84
74.72,74.72,77.44,73.00,76.60
74.19,74.19,78.16,69.32,76.62
70.53,70.53,78.46,73.60,79.04
74.10,74.10,77.97,70.97,78.09
74.48,74.48,78.17,70.87,77.34
80.27,80.27,76.84,73.77,77.58
74.82,74.82,76.95,70.92,78.95
80.50,80.50,77.78,71.53,76.88
80.01,80.01,77.66,74.02,75.84
73.44,73.44,77.65,73.30,78.18
70.84,70.84,77.69,71.74,76.77
73.06,73.06,77.72,73.33,76.78
77.93,77.93,77.54,71.26,77.57
79.90,79.90,77.20,72.03,77.39
81.76,81.76,75.89,72.07,78.53
79.50,79.50,76.11,69.99,78.48
76.22,76.22,74.63,68.20,79.31
76.37,76.37,75.18,67.89,81.11
74.48,74.48,74.92,70.39,78.91
73.77,73.77,76.88,71.15,76.81
76.03,76.03,77.81,72.29,77.25
74.36,74.36,77.43,65.90,77.71
72.53,72.53,77.35,68.23,77.33
72.77,72.77,77.65,71.24,79.30
76.08,76.08,76.99,71.57,79.38
77.95,77.95,77.07,71.07,79.72
77.97,77.97,77.38,67.50,80.57
77.00,77.00,75.84,68.64,78.84
74.94,74.94,76.86,72.92,79.43
73.92,73.92,77.04,72.12,78.51
74.99,74.99,76.50,70.06,78.77
75.72,75.72,76.01,72.09,79.23
75.13,75.13,77.11,71.62,79.42
75.96,75.96,77.09,70.13,78.35
76.24,76.24,76.36,72.62,79.89
75.28,75.28,75.84,71.21,78.81
71.38,71.38,75.76,69.62,78.19
74.82,74.82,77.42,71.12,77.38
71.14,71.14,77.94,69.30,78.52
75.67,75.67,78.01,71.67,77.27
78.54,78.54,77.17,73.31,75.62
82.78,82.78,76.65,72.44,75.96
81.69,81.69,76.35,70.91,76.70
78.42,78.42,77.94,70.47,79.23
74.51,74.51,77.53,71.70,79.05
73.92,73.92,78.17,72.07,79.13
77.42,77.42,77.72,71.19,79.04
74.77,74.77,77.04,69.74,77.87
75.95,75.95,77.61,70.49,78.63
74.94,74.94,77.91,72.07,79.73
76.17,76.17,77.58,74.31,79.63
74.32,74.32,78.06,75.50,78.03
74.98,74.98,76.88,70.95,80.63
77.43,77.43,77.78,67.03,78.00
75.35,75.35,77.18,70.09,77.76
75.93,75.93,77.55,73.64,80.55
77.05,77.05,77.07,74.39,77.77
76.76,76.76,77.39,71.89,78.29
71.13,71.13,77.70,68.01,75.70
71.25,71.25,78.45,69.52,76.86
72.22,72.22,78.34,72.74,76.15
73.11,73.11,78.00,75.11,76.82
78.61,78.61,79.09,75.03,74.45
74.81,74.81,78.37,72.90,78.34
70.46,70.46,78.93,69.08,77.99
75.09,75.09,79.53,67.42,77.32
73.06,73.06,78.34,71.66,78.44
73.91,73.91,78.63,74.11,77.88
74.21,74.21,79.32,72.53,78.93
72.04,72.04,78.70,69.76,78.53
79.81,79.81,79.58,65.85,78.99
81.22,81.22,77.26,69.62,74.82
79.99,79.99,76.94,72.95,76.72
79.08,79.08,76.90,73.31,77.16
80.31,80.31,77.80,72.45,76.02
81.29,81.29,77.34,70.79,77.77
80.72,80.72,79.12,69.13,77.38
79.12,79.12,77.47,72.15,76.66
77.38,77.38,78.44,73.84,75.41
78.28,78.28,78.31,73.14,75.43
77.26,77.26,78.08,71.22,74.90
76.21,76.21,76.80,71.38,76.07
78.62,78.62,77.98,73.53,76.47
80.28,80.28,77.79,73.54,76.23
81.52,81.52,78.09,73.12,75.64
78.06,78.06,77.90,72.92,75.88
79.43,79.43,78.18,72.41,77.70
80.75,80.75,77.28,72.41,77.04
82.07,82.07,77.80,73.15,78.20
79.44,79.44,77.15,72.74,78.00
80.68,80.68,75.95,74.04,76.39
79.46,79.46,76.51,72.69,75.69
82.43,82.43,76.29,72.17,77.12
79.96,79.96,76.21,70.36,78.66
79.84,79.84,76.64,70.90,79.36
80.91,80.91,76.55,70.58,77.48
80.16,80.16,76.87,71.22,74.48
81.56,81.56,78.19,73.18,76.13
77.92,77.92,79.04,72.99,75.22
76.57,76.57,78.82,72.82,75.85
75.27,75.27,78.87,72.02,76.77
72.98,72.98,79.44,71.22,75.98
75.74,75.74,78.48,71.17,74.82
77.97,77.97,77.71,73.20,74.73
74.89,74.89,79.86,73.34,77.52
74.31,74.31,79.63,72.46,74.87
75.99,75.99,78.84,70.85,74.56
76.97,76.97,79.18,71.49,75.74
75.07,75.07,78.04,71.26,75.00
74.76,74.76,77.66,72.78,75.62
76.77,76.77,78.52,69.86,75.12
77.49,77.49,79.51,67.84,77.56
75.56,75.56,78.27,71.51,76.50
76.07,76.07,77.98,75.43,75.87
75.97,75.97,78.43,75.01,75.16
78.84,78.84,79.14,73.39,76.04
79.27,79.27,78.28,70.11,74.26
77.86,77.86,79.22,71.26,75.77
74.90,74.90,79.36,73.44,73.87
70.96,70.96,77.64,74.94,74.28
73.91,73.91,80.16,76.01,75.27
73.68,73.68,79.30,72.79,75.96
76.19,76.19,78.30,68.31,75.01
71.49,71.49,78.53,68.77,75.14
72.37,72.37,79.46,73.39,76.61
74.32,74.32,78.34,74.56,77.73
76.52,76.52,78.55,73.40,78.05
84.60,84.60,76.76,68.66,77.20
81.36,81.36,75.93,64.87,76.51
77.31,77.31,76.93,71.06,77.75
79.92,79.92,76.63,74.84,76.33
81.04,81.04,76.40,74.43,78.22
81.02,81.02,77.05,72.21,76.25
82.78,82.78,77.25,68.68,77.47
81.25,81.25,77.39,70.35,75.48
74.66,74.66,78.56,74.74,75.55
76.60,76.60,78.35,76.92,75.29
71.86,71.86,77.15,74.01,76.10
77.19,77.19,78.65,71.09,75.85
80.73,80.73,78.31,69.64,75.60
74.87,74.87,78.15,72.04,75.73
73.06,73.06,77.95,74.69,76.79
74.96,74.96,77.88,73.42,77.48
76.39,76.39,77.85,70.85,77.73
79.22,79.22,77.32,69.79,77.00
79.85,79.85,75.69,70.37,77.25
78.40,78.40,75.98,73.33,77.19
79.82,79.82,76.77,74.40,77.26
77.83,77.83,76.96,71.74,76.06
79.90,79.90,75.44,69.55,77.09
76.46,76.46,75.72,68.66,77.73
77.52,77.52,75.79,72.75,78.10
78.56,78.56,75.88,75.11,78.01
76.89,76.89,77.05,74.07,77.23
75.58,75.58,77.65,70.12,76.66
76.41,76.41,78.46,70.01,77.28
77.96,77.96,78.35,70.35,75.34
83.01,83.01,77.52,71.88,77.24
82.22,82.22,74.92,72.44,77.70
82.52,82.52,73.67,70.45,77.07
83.72,83.72,74.71,68.21,78.83
81.16,81.16,75.02,68.52,78.76
83.53,83.53,74.71,70.28,78.08
81.59,81.59,75.38,71.91,78.16
80.86,80.86,76.62,72.32,78.42
75.11,75.11,77.87,70.63,79.32
77.56,77.56,78.00,72.45,77.39
74.55,74.55,78.68,72.76,77.06
74.76,74.76,77.66,73.67,77.43
71.67,71.67,77.08,74.32,76.55
72.46,72.46,77.61,73.77,77.57
75.79,75.79,79.63,71.91,77.53
78.01,78.01,77.86,73.05,76.92
82.71,82.71,77.24,72.77,76.01
82.78,82.78,77.42,72.26,75.97
81.62,81.62,77.87,72.93,76.04
76.37,76.37,76.76,71.09,76.66
75.24,75.24,78.34,70.20,77.10
79.92,79.92,79.20,71.87,76.42
76.23,76.23,80.46,72.77,75.51
74.46,74.46,79.20,70.99,74.16
76.97,76.97,78.28,72.61,77.46
80.29,80.29,77.68,73.20,76.79
80.79,80.79,77.05,73.68,78.15
76.00,76.00,78.52,73.89,78.84
73.32,73.32,78.22,71.81,78.13
76.70,76.70,78.23,68.60,76.54
75.58,75.58,78.68,71.67,76.76
74.98,74.98,78.44,73.35,78.18
75.48,75.48,78.07,74.39,77.58
72.50,72.50,76.36,73.72,76.57
76.85,76.85,78.26,71.04,76.37
74.33,74.33,78.34,71.40,81.50
78.13,78.13,77.13,72.42,79.31
75.49,75.49,76.42,72.70,78.72
75.08,75.08,75.90,72.30,79.56
72.37,72.37,75.50,70.12,79.89
75.95,75.95,76.58,71.60,80.48
77.07,77.07,76.29,71.98,79.02
77.44,77.44,77.75,73.44,79.00
77.32,77.32,77.91,72.60,79.13
74.27,74.27,76.63,71.04,79.09
78.78,78.78,76.72,69.21,79.09
79.96,79.96,75.49,66.99,78.96
72.61,72.61,76.79,72.33,79.30
74.67,74.67,77.00,74.88,76.30
75.34,75.34,76.76,75.71,75.77
73.26,73.26,78.07,72.43,78.31
75.94,75.94,76.48,69.42,77.81
77.10,77.10,77.71,69.01,79.36
78.74,78.74,76.64,73.80,77.34
75.01,75.01,77.54,75.58,78.65
75.29,75.29,75.23,75.01,78.21
77.09,77.09,76.06,70.41,79.16
77.46,77.46,76.88,70.77,78.72
76.82,76.82,76.88,72.72,78.22
70.51,70.51,78.08,74.80,78.04
69.71,69.71,77.13,73.69,79.30
70.25,70.25,79.06,70.50,78.51
70.21,70.21,78.56,70.39,78.14
72.32,72.32,79.07,71.64,79.06
72.38,72.38,76.42,74.03,79.29
71.09,71.09,76.30,74.96,78.94
72.04,72.04,77.13,73.40,78.80
65.93,65.93,76.03,72.72,78.89
71.80,71.80,76.50,72.50,80.48
71.46,71.46,76.74,71.41,79.04
71.60,71.60,75.97,74.69,79.93
68.03,68.03,75.68,75.26,79.34
70.66,70.66,76.86,73.78,79.67
71.13,71.13,76.84,72.12,78.50
72.18,72.18,78.29,72.57,78.39
72.79,72.79,77.33,73.89,75.93
71.71,71.71,78.07,74.40,76.43
72.83,72.83,78.48,72.49,77.08
70.36,70.36,78.34,72.82,77.43
70.12,70.12,79.83,75.18,77.43
71.54,71.54,78.61,75.44,76.50
74.48,74.48,78.15,74.07,75.50
71.26,71.26,77.18,70.18,76.50
74.28,74.28,77.32,67.50,75.55
76.55,76.55,78.48,72.61,76.08
74.49,74.49,77.64,75.66,76.11
75.33,75.33,78.25,75.29,75.87
75.78,75.78,79.13,70.21,76.51
80.91,80.91,78.51,68.09,76.54
83.59,83.59,77.70,67.85,75.45
80.84,80.84,76.72,72.02,75.11
78.32,78.32,76.94,73.17,76.26
79.36,79.36,77.08,69.37,76.63
76.15,76.15,75.90,70.44,77.11
79.32,79.32,76.38,72.37,77.31
77.67,77.67,76.46,73.18,75.70
73.41,73.41,76.53,74.97,77.26
73.27,73.27,76.12,73.67,75.82
75.18,75.18,76.41,71.85,75.89
75.74,75.74,76.24,73.19,77.33
74.50,74.50,78.74,72.15,77.79
72.38,72.38,78.49,75.11,77.96
78.34,78.34,77.38,76.75,76.84
72.79,72.79,78.29,76.21,76.08
73.39,73.39,78.21,69.93,77.62
75.32,75.32,78.41,72.67,77.88
75.32,75.32,78.62,72.68,76.96
77.02,77.02,78.41,73.41,77.00
77.68,77.68,78.58,71.83,77.16
73.54,73.54,78.45,71.95,78.22
73.76,73.76,77.78,71.68,78.81
77.25,77.25,77.04,73.19,78.20
77.57,77.57,75.21,73.89,80.17
78.17,78.17,75.99,72.53,80.55
76.90,76.90,76.56,71.64,80.26
77.13,77.13,75.86,70.98,80.30
76.93,76.93,76.01,74.16,79.56
75.63,75.63,76.89,70.25,79.24
76.28,76.28,77.23,72.60,79.65
76.58,76.58,76.10,72.65,80.24
77.03,77.03,75.89,71.19,79.85
77.43,77.43,75.26,72.75,80.02
78.09,78.09,77.03,72.46,80.61
78.99,78.99,75.57,68.18,80.11
78.23,78.23,76.16,63.73,81.04
78.13,78.13,75.47,73.17,78.64
78.33,78.33,76.24,72.96,80.14
78.46,78.46,76.73,70.67,78.83
77.43,77.43,76.81,71.42,78.03
77.88,77.88,76.43,70.60,80.20
76.59,76.59,76.52,69.22,79.81
76.23,76.23,74.66,71.24,79.78
74.82,74.82,74.51,71.20,81.58
77.06,77.06,73.69,70.31,80.97
77.00,77.00,72.70,68.97,79.95
76.84,76.84,73.32,69.31,80.97
74.69,74.69,74.76,65.11,80.39
76.29,76.29,76.02,72.31,78.93
80.51,80.51,74.92,72.07,77.56
80.61,80.61,75.94,69.58,77.31
78.62,78.62,75.79,71.10,76.89
79.19,79.19,76.32,69.96,78.66
80.46,80.46,76.46,73.10,78.11
80.06,80.06,75.73,71.93,77.91
77.38,77.38,74.89,70.05,78.52
76.89,76.89,74.98,70.37,80.28
77.41,77.41,75.26,70.15,80.73
78.99,78.99,74.38,69.87,79.83
79.27,79.27,73.27,72.32,79.46
77.95,77.95,75.38,73.24,78.59
77.85,77.85,76.09,73.13,78.22
79.61,79.61,76.14,67.18,77.22
80.75,80.75,74.94,68.41,78.88
79.31,79.31,77.04,71.35,78.71
79.74,79.74,74.72,71.46,77.90
77.86,77.86,76.08,71.34,78.47
77.72,77.72,75.36,68.19,79.38
76.48,76.48,74.27,68.09,78.17
81.30,81.30,75.11,67.99,78.64
82.07,82.07,73.80,72.37,78.84
81.80,81.80,74.54,72.87,78.04
79.33,79.33,75.86,67.94,78.37
78.14,78.14,75.30,69.30,78.33
77.10,77.10,76.13,69.59,78.41
78.15,78.15,74.94,72.30,78.55
79.11,79.11,76.24,72.82,77.94
81.90,81.90,74.98,71.66,77.68
82.57,82.57,75.76,66.12,78.34
82.11,82.11,74.75,69.48,77.75
81.97,81.97,74.55,70.86,78.66
82.78,82.78,73.65,68.07,78.95
82.73,82.73,73.27,72.02,79.05
81.18,81.18,73.77,70.29,79.62
78.70,78.70,74.91,71.64,80.49
77.77,77.77,74.95,70.81,79.62
78.45,78.45,75.24,68.10,80.12
79.59,79.59,73.87,71.14,79.36
78.58,78.58,73.89,69.90,79.26
77.91,77.91,74.10,70.75,79.41
78.57,78.57,75.01,68.99,80.15
79.09,79.09,75.62,70.64,78.92
76.46,76.46,75.94,72.18,78.80
76.71,76.71,75.20,72.16,78.26
78.03,78.03,76.12,70.60,77.83
80.35,80.35,75.67,65.58,79.79
80.92,80.92,75.05,69.46,80.53
79.77,79.77,75.28,72.36,79.11
77.99,77.99,73.87,72.60,78.12
77.93,77.93,74.46,68.99,80.44
80.19,80.19,73.77,68.14,80.51
79.59,79.59,74.26,68.87,80.31
79.01,79.01,73.64,65.41,81.37
78.46,78.46,75.63,71.72,81.35
78.23,78.23,73.45,72.31,80.48
77.01,77.01,73.70,72.35,79.82
77.67,77.67,73.77,72.05,79.48
76.10,76.10,75.29,70.51,78.03
76.72,76.72,76.84,70.63,76.84
77.78,77.78,76.89,71.85,76.81
78.77,78.77,76.91,68.68,78.89
80.21,80.21,76.79,71.47,77.02
81.22,81.22,75.15,70.35,79.30
82.57,82.57,73.77,68.94,79.13
82.28,82.28,74.40,70.33,78.89
82.85,82.85,73.45,70.08,79.21
82.51,82.51,73.76,68.95,79.34
81.53,81.53,74.09,66.76,78.52
79.47,79.47,74.60,68.71,80.12
76.51,76.51,74.58,67.30,80.09
75.44,75.44,75.52,68.88,79.43
77.02,77.02,75.01,70.43,80.61
78.60,78.60,75.12,68.72,79.74
79.07,79.07,74.39,70.06,79.98
81.20,81.20,73.31,68.44,78.92
80.03,80.03,74.71,67.31,78.97
80.26,80.26,75.73,68.23,76.87
80.03,80.03,75.90,69.16,76.81
78.01,78.01,76.68,72.98,77.88
79.29,79.29,75.93,69.30,77.99
79.44,79.44,75.38,63.85,79.15
81.19,81.19,74.83,67.90,80.65
81.09,81.09,73.27,70.25,79.85
80.34,80.34,73.70,70.90,80.40
78.59,78.59,74.33,69.13,79.42
77.31,77.31,75.74,67.32,79.72
74.50,74.50,75.81,68.71,77.92
74.89,74.89,76.04,71.68,78.29
76.23,76.23,76.06,71.76,78.15
78.60,78.60,74.75,69.49,77.30
79.58,79.58,76.47,68.38,77.09
80.11,80.11,75.82,63.96,78.63
82.91,82.91,75.28,64.95,77.09
82.69,82.69,74.84,70.17,76.86
81.88,81.88,75.29,72.54,76.65
80.08,80.08,76.70,71.81,78.45
78.36,78.36,76.42,69.10,77.52
78.80,78.80,75.80,61.59,78.67
79.67,79.67,75.08,69.01,78.29
80.75,80.75,74.82,72.17,78.69
82.11,82.11,74.80,72.70,79.97
81.15,81.15,73.19,70.64,78.96
80.78,80.78,76.14,68.35,78.93
78.39,78.39,74.25,68.78,80.22
77.01,77.01,75.27,69.14,79.11
77.26,77.26,74.64,71.61,79.58
76.31,76.31,73.54,69.83,80.51
79.41,79.41,74.61,69.03,80.67
81.44,81.44,74.85,66.05,80.50
81.41,81.41,75.35,71.07,80.86
79.55,79.55,75.04,70.39,80.63
76.26,76.26,74.88,72.61,79.78
75.28,75.28,75.84,73.26,78.22
77.17,77.17,73.69,71.55,76.67
82.23,82.23,74.73,65.32,79.77
85.04,85.04,74.53,64.33,78.29
85.05,85.05,74.84,69.58,77.59
82.50,82.50,75.97,72.00,76.87
79.53,79.53,76.93,66.37,77.78
77.48,77.48,75.86,67.71,79.05
80.79,80.79,75.08,68.74,76.93
83.27,83.27,74.70,68.56,78.85
80.35,80.35,76.34,67.33,79.26
79.25,79.25,74.84,67.90,79.75
77.68,77.68,75.13,68.21,81.16
81.12,81.12,74.02,69.69,79.68
79.41,79.41,75.38,70.99,80.59
78.92,78.92,75.02,68.56,80.28
81.06,81.06,73.45,68.11,80.58
79.29,79.29,74.89,68.09,79.58
77.59,77.59,75.07,68.31,79.71
81.25,81.25,74.75,66.94,78.72
83.12,83.12,73.48,67.41,79.08
84.53,84.53,74.79,70.60,76.12
82.66,82.66,75.33,69.21,78.54
82.70,82.70,75.85,64.63,77.89
83.18,83.18,75.20,67.19,78.50
81.70,81.70,74.92,68.87,77.77
81.70,81.70,73.38,69.38,78.43
82.05,82.05,74.20,68.21,77.49
83.30,83.30,73.51,66.32,79.26
81.50,81.50,73.50,69.45,78.71
80.54,80.54,74.29,70.35,79.00
82.70,82.70,74.88,68.01,78.70
84.15,84.15,74.05,63.30,78.66
82.31,82.31,73.85,68.10,77.72
78.30,78.30,74.68,69.38,77.34
80.78,80.78,75.57,69.82,78.79
77.80,77.80,76.57,68.78,79.86
77.54,77.54,75.24,69.87,78.92
81.49,81.49,75.45,71.33,78.30
77.62,77.62,74.59,67.06,78.18
82.05,82.05,75.37,67.36,79.09
82.57,82.57,74.43,68.83,79.15
79.07,79.07,75.06,69.40,80.43
82.35,82.35,74.58,67.97,79.88
81.40,81.40,75.86,67.95,79.06
83.25,83.25,75.89,67.83,77.66
81.58,81.58,75.46,67.44,79.00
80.97,80.97,76.19,68.53,79.68
78.07,78.07,76.12,64.29,79.16
76.23,76.23,75.04,64.07,80.90
75.43,75.43,75.63,69.24,79.50
75.72,75.72,74.72,72.34,79.95
75.49,75.49,75.58,71.37,80.89
72.57,72.57,74.34,68.54,79.98
74.47,74.47,76.92,69.90,81.28
75.14,75.14,76.22,68.24,80.10
76.44,76.44,76.62,69.85,78.45
76.80,76.80,75.98,68.73,79.24
81.89,81.89,76.06,69.76,78.18
78.73,78.73,75.44,67.31,78.71
81.60,81.60,75.81,69.24,79.05
80.66,80.66,75.28,70.39,79.69
83.15,83.15,74.64,68.47,80.86
79.98,79.98,73.49,65.55,79.76
77.71,77.71,74.63,64.95,80.21
77.20,77.20,75.69,61.76,81.42
75.87,75.87,76.92,66.25,79.13
75.30,75.30,77.38,70.76,80.26
75.21,75.21,77.65,68.66,79.14
73.76,73.76,77.62,64.07,79.76
72.98,72.98,76.85,66.33,78.82
76.50,76.50,76.16,69.27,81.31
77.02,77.02,75.13,70.86,78.95
77.14,77.14,76.66,71.52,80.07
82.66,82.66,76.27,68.05,78.24
81.18,81.18,76.63,67.81,77.09
76.73,76.73,76.11,70.40,77.00
76.62,76.62,75.21,70.20,78.31
79.65,79.65,76.88,67.10,77.72
81.66,81.66,76.86,68.18,78.04
79.90,79.90,77.74,67.50,76.81
80.54,80.54,76.71,68.02,75.48
83.01,83.01,78.43,68.88,77.67
81.72,81.72,76.73,70.58,78.09
82.74,82.74,75.80,71.04,76.51
82.96,82.96,76.38,67.37,75.69
82.90,82.90,75.38,60.37,75.36
82.81,82.81,74.74,64.19,75.41
79.19,79.19,76.10,69.93,75.76
81.68,81.68,76.92,71.43,78.16
79.66,79.66,76.53,69.85,78.21
77.92,77.92,75.81,64.10,77.14
77.91,77.91,76.87,64.53,77.86
76.15,76.15,77.38,69.49,77.21
78.75,78.75,76.99,69.72,76.96
82.93,82.93,78.47,66.28,76.35
82.16,82.16,77.03,64.52,75.83
81.12,81.12,76.94,65.06,77.56
80.47,80.47,76.11,66.97,76.04
79.22,79.22,76.70,69.91,77.91
80.40,80.40,77.00,70.33,77.83
82.50,82.50,76.81,66.01,77.45
84.26,84.26,75.57,60.52,77.46
83.91,83.91,74.32,61.76,77.18
82.65,82.65,72.63,64.88,77.74
81.85,81.85,74.53,69.45,78.25
76.54,76.54,74.92,70.19,77.79
75.81,75.81,75.73,63.45,77.40
74.86,74.86,74.67,64.30,78.49
78.19,78.19,74.61,70.07,77.30
75.81,75.81,76.41,71.11,78.48
77.31,77.31,75.64,68.23,79.09
78.65,78.65,76.20,65.01,79.99
73.75,73.75,76.26,67.79,78.91
72.21,72.21,78.36,68.71,78.14
78.88,78.88,76.82,69.66,77.49
77.96,77.96,77.36,69.47,77.28
74.61,74.61,77.58,62.02,77.80
82.13,82.13,77.09,66.80,79.06
75.15,75.15,77.36,65.80,79.48
74.78,74.78,75.48,67.69,78.45
78.63,78.63,75.81,69.97,79.09
80.01,80.01,76.84,69.04,81.12
76.75,76.75,76.75,62.35,80.27
76.60,76.60,76.67,59.48,80.25
76.60,76.60,75.98,68.19,79.17
75.91,75.91,76.15,70.81,80.46
73.06,73.06,75.54,68.70,79.71
79.01,79.01,76.17,63.80,78.95
78.58,78.58,77.65,62.45,78.26
77.16,77.16,77.27,63.89,76.87
75.25,75.25,77.53,68.01,76.61
74.94,74.94,77.74,68.58,76.00
76.47,76.47,78.21,69.34,76.52
78.06,78.06,78.63,71.01,77.01
77.01,77.01,78.16,70.84,76.84
75.61,75.61,78.60,66.13,76.98
78.92,78.92,76.97,67.09,77.83
81.83,81.83,76.55,69.75,77.59
81.92,81.92,76.84,66.35,76.18
81.05,81.05,75.96,68.32,76.30
78.89,78.89,76.75,61.27,77.58
78.64,78.64,77.31,66.33,77.82
79.86,79.86,76.60,66.83,76.07
79.04,79.04,77.59,66.64,78.35
79.64,79.64,77.41,69.66,77.18
82.45,82.45,77.37,70.45,75.44
82.48,82.48,77.57,64.27,75.65
83.50,83.50,78.23,65.59,76.99
83.93,83.93,75.06,61.33,76.08
82.98,82.98,75.53,66.40,76.49
80.98,80.98,76.95,68.57,77.71
73.18,73.18,77.62,66.08,76.84
72.62,72.62,78.37,66.36,76.20
73.02,73.02,77.80,66.77,76.25
74.21,74.21,76.74,66.82,77.15
78.34,78.34,77.97,64.57,78.83
82.79,82.79,76.74,65.73,77.25
84.11,84.11,77.02,66.32,75.99
82.76,82.76,76.84,64.14,75.33
84.10,84.10,76.93,62.68,76.45
84.04,84.04,75.68,62.86,75.74
82.03,82.03,75.51,67.01,76.65
78.20,78.20,75.81,67.29,76.71
79.61,79.61,74.83,62.56,75.33
78.22,78.22,75.90,63.99,76.06
80.93,80.93,75.83,63.11,76.43
81.75,81.75,77.25,70.44,76.49
82.35,82.35,77.00,69.06,75.21
81.79,81.79,76.37,64.30,76.31
83.54,83.54,75.07,65.31,76.69
81.71,81.71,75.26,66.38,75.96
83.33,83.33,76.11,64.25,77.18
84.29,84.29,75.91,66.83,76.43
83.12,83.12,74.58,67.98,74.80
84.13,84.13,76.17,66.82,76.87
85.83,85.83,75.87,59.66,75.70
81.01,81.01,76.15,59.83,76.28
78.62,78.62,76.56,67.84,74.88
76.48,76.48,76.85,69.81,74.08
76.15,76.15,77.38,66.26,75.05
77.57,77.57,77.47,59.30,77.02
82.90,82.90,76.33,62.33,76.76
80.85,80.85,76.00,68.28,77.45
83.14,83.14,75.32,70.57,76.55
84.42,84.42,75.52,66.00,75.83
82.25,82.25,75.74,64.91,75.61
78.16,78.16,75.15,64.98,76.16
81.30,81.30,75.85,68.41,75.85
81.72,81.72,74.85,69.16,76.04
82.41,82.41,75.59,70.02,77.57
80.13,80.13,75.27,69.00,77.60
77.87,77.87,77.07,60.86,77.45
76.75,76.75,77.98,60.68,78.02
78.07,78.07,78.12,67.36,76.97
79.61,79.61,77.56,69.88,79.85
85.43,85.43,75.85,68.10,77.97
83.93,83.93,76.79,62.42,76.65
82.87,82.87,77.80,61.07,77.10
83.96,83.96,78.01,66.05,74.92
82.93,82.93,77.80,67.29,76.63
81.81,81.81,77.89,68.48,76.88
81.88,81.88,77.11,67.15,76.57
82.08,82.08,76.11,64.13,75.80
83.47,83.47,77.60,62.88,76.67
82.39,82.39,78.44,64.61,77.79
82.15,82.15,77.59,66.17,76.73
75.77,75.77,78.32,67.69,76.93
76.54,76.54,78.52,62.97,75.36
76.93,76.93,79.08,61.89,76.45
84.13,84.13,79.74,57.12,77.17
85.31,85.31,77.02,64.74,75.62
77.39,77.39,77.40,64.65,76.31
78.72,78.72,77.21,66.39,76.58
82.14,82.14,78.15,63.58,76.47
81.45,81.45,76.48,63.94,75.85
81.37,81.37,78.12,64.69,77.84
81.01,81.01,76.88,67.76,78.00
81.29,81.29,75.54,66.65,76.19
82.16,82.16,76.63,63.18,76.11
85.25,85.25,77.00,65.58,77.17
78.09,78.09,77.49,63.81,76.59
74.56,74.56,76.51,66.84,75.66
76.52,76.52,78.18,68.48,77.57
78.52,78.52,77.87,64.88,76.71
80.45,80.45,77.59,65.43,75.54
79.86,79.86,78.00,66.94,76.08
75.29,75.29,78.64,67.31,78.23
77.01,77.01,76.66,67.39,77.32
75.47,75.47,77.33,63.09,77.97
74.59,74.59,77.83,62.98,78.00
78.04,78.04,78.82,66.46,77.05
73.12,73.12,79.35,67.64,77.42
76.06,76.06,79.27,65.45,77.70
78.00,78.00,78.30,65.45,78.91
74.27,74.27,78.15,65.29,79.64
77.88,77.88,79.15,67.34,77.67
76.82,76.82,77.45,60.87,76.72
78.72,78.72,78.00,61.59,76.56
76.01,76.01,78.81,65.94,77.23
78.62,78.62,79.54,64.07,77.50
73.15,73.15,78.33,68.04,74.66
71.88,71.88,77.74,66.14,75.47
72.44,72.44,79.15,64.05,76.33
76.30,76.30,78.92,63.89,76.76
79.29,79.29,79.33,65.23,77.72
74.73,74.73,76.38,67.01,76.07
75.75,75.75,78.03,66.04,79.00
76.57,76.57,76.07,63.99,78.26
75.02,75.02,76.78,62.60,79.39
77.15,77.15,75.53,65.72,79.76
74.08,74.08,76.71,66.41,79.15
76.24,76.24,77.00,68.35,78.23
78.82,78.82,77.90,65.64,77.36
80.20,80.20,77.19,57.97,77.51
77.04,77.04,79.07,65.35,77.81
79.34,79.34,79.04,62.77,76.87
79.29,79.29,77.12,66.79,76.36
79.93,79.93,77.65,62.79,77.10
78.13,78.13,77.21,64.08,77.31
75.58,75.58,79.27,63.81,77.90
77.87,77.87,77.80,64.35,77.62
79.29,79.29,77.55,68.11,77.65
77.77,77.77,77.53,67.57,77.61
80.66,80.66,77.75,65.51,78.80
80.24,80.24,77.40,64.79,78.81
78.62,78.62,77.38,61.69,77.71
76.57,76.57,77.40,61.28,76.43
80.22,80.22,76.59,68.71,77.50
79.18,79.18,77.50,66.93,78.81
82.00,82.00,77.11,56.72,77.71
80.36,80.36,76.97,63.23,75.65
80.54,80.54,77.68,65.46,75.66
82.79,82.79,77.01,67.72,75.98
82.14,82.14,78.08,67.29,76.72
81.56,81.56,78.09,63.82,77.75
83.07,83.07,76.85,64.29,78.00
82.52,82.52,76.06,66.56,77.66
77.96,77.96,76.95,67.84,78.10
74.74,74.74,77.29,68.10,76.72
77.25,77.25,77.45,67.18,76.96
76.94,76.94,78.56,58.89,77.55
78.38,78.38,77.82,57.38,78.56
75.39,75.39,78.36,63.00,78.73
78.88,78.88,77.13,69.29,78.59
76.13,76.13,78.04,69.20,79.81
77.74,77.74,76.82,63.08,80.17
76.38,76.38,77.22,62.42,80.23
77.23,77.23,77.82,66.66,79.24
79.29,79.29,77.65,67.35,77.50
77.84,77.84,77.84,67.11,77.33
74.31,74.31,78.76,66.21,77.64
77.15,77.15,79.15,59.49,77.47
78.02,78.02,78.25,59.55,77.69
75.70,75.70,78.25,64.63,76.43
76.64,76.64,78.02,70.56,76.19
77.52,77.52,77.38,71.08,76.67
80.07,80.07,77.87,68.63,76.41
78.49,78.49,77.94,63.14,77.53
79.90,79.90,77.74,58.85,76.34
80.02,80.02,77.52,67.83,76.17
81.01,81.01,76.81,70.53,76.26
82.59,82.59,76.55,66.88,76.69
82.53,82.53,77.45,63.65,77.17
82.14,82.14,78.02,62.82,77.95
83.45,83.45,76.54,63.75,77.85
85.93,85.93,76.16,68.58,78.35
80.00,80.00,76.01,67.80,77.94
74.52,74.52,77.48,67.56,78.48
75.32,75.32,78.45,64.52,79.06
74.07,74.07,79.01,60.94,80.29
75.26,75.26,78.23,64.02,78.04
72.60,72.60,78.43,66.45,78.18
71.28,71.28,77.86,68.55,77.25
74.43,74.43,78.65,66.74,77.59
72.56,72.56,78.46,57.68,77.82
73.64,73.64,78.01,63.44,78.78
81.70,81.70,78.00,66.28,78.42
81.12,81.12,77.68,59.59,78.23
79.25,79.25,75.64,60.49,78.25
82.18,82.18,75.94,63.09,77.48
80.40,80.40,77.60,64.40,78.06
79.99,79.99,76.65,63.22,79.15
80.74,80.74,77.98,64.22,80.76
81.76,81.76,77.10,68.12,79.77
81.99,81.99,75.56,68.95,79.38
81.14,81.14,77.32,65.20,82.17
80.70,80.70,77.38,61.08,79.01
78.72,78.72,76.73,64.82,76.49
80.22,80.22,77.08,63.55,76.60
80.28,80.28,76.70,63.32,77.04
80.24,80.24,76.64,62.39,78.34
81.44,81.44,76.44,59.83,78.74
82.59,82.59,76.76,63.71,78.79
84.30,84.30,76.96,66.86,77.09
81.32,81.32,76.53,65.14,77.19
80.55,80.55,76.53,63.88,78.69
77.59,77.59,78.14,68.84,77.24
72.64,72.64,78.55,67.21,78.56
76.99,76.99,77.01,61.93,79.97
77.47,77.47,77.50,64.23,78.83
78.22,78.22,76.42,67.17,76.42
78.55,78.55,78.66,65.78,77.87
79.78,79.78,78.05,66.98,78.86
80.18,80.18,77.32,59.83,77.99
79.53,79.53,78.28,61.17,78.63
78.61,78.61,78.03,61.73,77.86
75.77,75.77,79.05,62.60,79.96
75.34,75.34,79.00,66.45,80.37
73.89,73.89,79.66,66.09,81.43
71.11,71.11,79.52,57.69,80.47
72.31,72.31,79.56,60.86,79.18
76.06,76.06,79.46,62.70,80.83
78.88,78.88,77.35,65.46,80.07
78.78,78.78,77.79,68.69,81.35
76.59,76.59,76.88,61.91,79.98
75.57,75.57,78.31,56.10,79.83
77.91,77.91,77.81,62.39,78.77
79.84,79.84,76.67,66.46,78.09
79.67,79.67,77.66,66.32,78.33
78.22,78.22,77.59,64.33,80.38
74.31,74.31,76.93,59.88,81.13
70.32,70.32,76.57,60.74,82.74
70.88,70.88,77.19,61.58,82.15
72.71,72.71,77.12,63.87,81.04
71.08,71.08,77.46,66.94,79.62
69.53,69.53,79.87,63.16,80.16
70.09,70.09,77.48,59.30,80.42
72.09,72.09,78.01,62.28,78.73
72.85,72.85,78.71,68.84,80.50
68.63,68.63,78.14,71.77,80.53
69.89,69.89,76.44,67.04,80.45
73.36,73.36,77.12,60.44,80.65
77.18,77.18,78.16,59.91,78.53
82.07,82.07,79.11,63.83,77.81
82.70,82.70,76.17,66.76,78.04
83.25,83.25,76.27,62.63,75.99
81.55,81.55,75.85,60.04,77.62
77.35,77.35,77.71,59.39,79.32
76.50,76.50,78.40,57.52,80.82
77.61,77.61,77.76,63.78,81.18
79.43,79.43,76.86,66.35,80.84
78.65,78.65,75.33,64.49,79.17
79.71,79.71,75.86,62.19,80.32
81.85,81.85,77.76,62.23,80.39
83.71,83.71,78.97,64.06,76.80
83.96,83.96,78.66,67.38,75.16
82.10,82.10,77.58,64.05,75.06
83.68,83.68,77.82,63.97,76.67
83.63,83.63,78.91,63.14,75.40
84.71,84.71,78.83,63.57,77.05
83.20,83.20,78.79,68.68,77.68
84.10,84.10,77.70,65.92,79.38
83.00,83.00,77.60,62.23,77.54
78.80,78.80,77.98,59.44,77.32
75.10,75.10,79.28,61.72,77.05
77.72,77.72,79.15,64.29,78.44
83.67,83.67,79.35,67.55,76.00
84.91,84.91,78.52,66.37,76.90
85.68,85.68,78.92,62.18,77.39
82.43,82.43,76.79,61.60,75.09
84.08,84.08,77.55,61.03,76.81
82.43,82.43,77.33,66.48,77.09
82.14,82.14,78.02,68.13,76.57
82.80,82.80,77.49,60.93,75.56
81.21,81.21,77.83,61.91,75.12
77.25,77.25,78.49,64.40,76.98
73.87,73.87,82.67,65.04,77.05
76.66,76.66,82.75,64.62,76.11
80.02,80.02,80.75,62.02,76.68
81.41,81.41,79.84,60.76,76.31
82.79,82.79,80.08,64.62,76.92
82.38,82.38,79.67,65.34,77.35
80.15,80.15,78.31,63.70,78.34
76.33,76.33,78.11,66.52,80.56
75.30,75.30,77.65,67.20,81.62
75.13,75.13,77.28,63.50,82.92
79.61,79.61,75.67,64.36,81.63
80.05,80.05,76.16,63.76,80.24
81.10,81.10,75.30,66.85,80.66
81.04,81.04,75.42,65.19,80.03
78.93,78.93,75.52,60.26,80.34
82.27,82.27,75.70,61.75,81.34
81.23,81.23,74.14,60.72,81.41
79.62,79.62,74.11,64.16,81.13
82.87,82.87,74.02,63.30,81.85
80.75,80.75,74.29,62.70,82.97
78.27,78.27,74.23,64.03,80.58
78.05,78.05,75.45,62.80,80.90
77.40,77.40,75.67,63.61,80.63
78.26,78.26,76.80,63.50,80.42
81.77,81.77,75.44,62.57,77.14
84.65,84.65,74.70,61.52,76.50
83.28,83.28,74.21,64.56,78.50
83.71,83.71,74.01,65.50,76.95
80.40,80.40,74.22,64.61,76.75
74.35,74.35,76.98,63.89,78.47
75.91,75.91,77.31,64.55,77.97
75.46,75.46,78.18,64.96,77.59
75.65,75.65,78.23,64.22,78.80
76.02,76.02,78.01,65.72,80.15
76.97,76.97,77.54,62.92,80.36
77.93,77.93,75.98,63.23,80.55
77.46,77.46,74.65,66.42,79.07
79.42,79.42,74.15,67.04,81.77
80.77,80.77,74.18,65.24,80.93
78.63,78.63,76.06,66.60,79.70
77.99,77.99,76.18,64.70,79.31
78.37,78.37,76.72,64.00,81.26
79.58,79.58,77.51,68.68,80.23
78.12,78.12,75.61,67.09,80.49
79.13,79.13,75.43,60.99,81.75
77.88,77.88,75.47,55.65,79.08
74.86,74.86,76.28,60.90,78.03
75.96,75.96,78.05,69.37,79.64
74.37,74.37,77.32,69.35,78.03
72.45,72.45,76.78,63.07,78.12
74.37,74.37,76.47,62.89,78.20
80.20,80.20,76.34,57.22,80.47
82.04,82.04,76.76,64.53,81.54
82.59,82.59,74.05,60.08,80.06
82.89,82.89,75.06,60.47,79.41
81.71,81.71,75.20,58.93,78.75
79.95,79.95,75.58,60.85,79.10
76.16,76.16,76.47,66.17,78.23
75.28,75.28,76.43,65.84,77.88
74.75,74.75,77.51,63.52,79.45
72.71,72.71,77.63,67.90,76.22
73.69,73.69,77.98,61.91,78.37
74.41,74.41,77.77,60.80,79.24
75.59,75.59,76.99,67.44,78.05
73.20,73.20,79.18,67.21,79.75
74.02,74.02,76.84,65.30,78.92
76.29,76.29,78.23,61.64,77.39
74.85,74.85,77.67,63.79,77.16
77.19,77.19,78.08,66.39,77.07
81.91,81.91,78.74,65.60,76.54
81.37,81.37,79.54,62.12,76.09
81.60,81.60,78.67,64.34,77.99
78.69,78.69,79.23,65.10,80.14
79.31,79.31,77.75,66.48,79.62
82.14,82.14,76.71,62.28,77.68
82.85,82.85,77.18,67.68,79.39
84.37,84.37,76.02,65.41,78.69
82.97,82.97,75.84,65.65,78.76
80.57,80.57,77.49,59.13,78.52
85.76,85.76,76.59,61.04,77.10
77.42,77.42,76.23,65.55,77.02
83.04,83.04,77.30,63.38,78.18
74.69,74.69,77.14,66.98,77.77
80.79,80.79,76.64,68.23,79.05
78.04,78.04,78.88,62.41,77.25
71.91,71.91,76.95,61.28,79.09
73.20,73.20,78.47,64.33,77.33
79.04,79.04,80.27,65.21,77.64
73.92,73.92,78.39,68.96,76.84
82.39,82.39,79.34,67.67,76.35
82.54,82.54,79.16,57.80,76.23
82.28,82.28,78.92,60.91,76.59
80.78,80.78,78.95,67.85,76.06
79.99,79.99,78.26,68.87,75.78
77.22,77.22,79.96,64.83,78.98
75.37,75.37,78.64,61.76,80.62
78.87,78.87,77.61,60.99,81.54
79.23,79.23,77.12,61.74,80.43
84.65,84.65,75.67,67.09,77.65
86.31,86.31,76.40,70.48,76.44
84.35,84.35,77.46,67.62,76.25
84.90,84.90,76.74,62.77,75.22
80.91,80.91,76.04,62.35,77.12
78.41,78.41,76.19,67.06,76.49
76.10,76.10,77.52,69.18,79.08
76.57,76.57,78.51,69.46,78.15
77.18,77.18,78.78,63.56,78.55
77.27,77.27,78.64,58.38,78.15
78.97,78.97,79.67,63.50,77.10
82.33,82.33,77.70,67.26,76.83
83.76,83.76,77.62,66.73,78.67
81.88,81.88,77.44,65.81,77.87
79.45,79.45,78.06,61.18,76.18
76.13,76.13,79.78,58.22,78.51
74.12,74.12,79.95,57.39,77.88
75.81,75.81,79.29,65.78,77.88
76.02,76.02,79.26,68.31,76.78
74.11,74.11,78.66,67.08,75.83
78.19,78.19,78.94,61.91,77.25
81.31,81.31,79.10,60.09,76.46
82.88,82.88,77.51,62.93,75.17
81.18,81.18,77.26,67.09,75.86
80.86,80.86,76.68,62.44,75.66
84.07,84.07,78.38,63.09,76.90
83.70,83.70,74.96,64.18,76.44
81.72,81.72,76.82,66.60,74.96
81.46,81.46,79.28,68.81,76.71
78.25,78.25,77.13,62.43,75.57
75.37,75.37,77.20,65.18,76.21
77.30,77.30,78.04,68.18,76.55
78.33,78.33,77.22,65.58,75.24
80.95,80.95,78.10,67.05,76.48
80.92,80.92,78.39,68.87,76.92
76.06,76.06,79.42,64.74,76.13
71.87,71.87,77.79,62.86,75.68
79.83,79.83,77.66,61.06,76.58
81.51,81.51,77.69,59.66,78.41
81.02,81.02,77.07,64.46,76.83
81.49,81.49,78.01,64.72,78.44
78.90,78.90,78.58,61.98,77.74
79.29,79.29,76.17,62.03,77.83
81.02,81.02,76.24,62.18,77.60
75.48,75.48,77.04,63.57,76.94
74.28,74.28,77.01,68.49,78.31
75.51,75.51,78.23,67.88,79.28
72.23,72.23,78.72,64.69,78.29
73.97,73.97,78.56,64.87,78.68
74.31,74.31,77.57,67.41,78.86
75.63,75.63,76.95,68.80,77.29
78.80,78.80,77.46,67.99,77.75
78.29,78.29,77.06,62.38,76.35
79.05,79.05,77.81,64.23,75.10
79.18,79.18,77.18,67.61,75.40
80.89,80.89,76.12,67.53,75.68
79.73,79.73,77.18,65.58,76.44
81.69,81.69,76.07,66.95,75.97
82.97,82.97,75.21,68.46,75.19
83.18,83.18,74.35,69.95,74.38
82.31,82.31,75.78,68.18,74.43
81.02,81.02,76.77,61.57,75.74
82.96,82.96,75.59,64.53,76.12
82.38,82.38,75.13,66.33,74.77
80.68,80.68,74.68,65.78,74.91
80.72,80.72,76.21,68.11,75.84
83.30,83.30,77.24,67.54,75.21
85.03,85.03,76.16,61.75,75.82
85.70,85.70,74.98,64.22,75.30
86.27,86.27,73.89,64.95,75.09
86.48,86.48,73.72,67.00,75.91
83.02,83.02,75.92,71.10,75.66
80.60,80.60,76.32,64.67,75.03
80.55,80.55,78.02,63.74,74.85
80.13,80.13,78.37,66.61,75.70
81.55,81.55,75.19,68.81,75.48
79.15,79.15,75.87,72.13,75.56
76.53,76.53,76.71,68.22,76.98
80.75,80.75,75.46,63.56,76.08
83.11,83.11,74.03,60.74,75.87
81.86,81.86,74.89,66.03,77.52
82.24,82.24,72.57,66.80,76.42
85.04,85.04,69.94,67.49,75.19
83.54,83.54,72.83,65.55,75.34
83.84,83.84,72.02,60.70,75.48
84.15,84.15,73.50,63.12,75.10
83.02,83.02,73.19,65.44,75.97
81.85,81.85,74.56,69.34,76.62
81.11,81.11,74.15,67.63,76.15
83.87,83.87,72.50,64.51,77.35
86.04,86.04,71.59,63.60,76.21
83.69,83.69,70.82,60.90,75.51
86.42,86.42,71.67,66.67,75.51
81.71,81.71,70.26,67.01,75.53
83.88,83.88,71.93,62.73,75.98
82.34,82.34,72.84,59.56,75.79
84.16,84.16,72.94,58.57,75.78
85.19,85.19,75.60,66.23,75.76
83.04,83.04,73.23,67.85,75.50
83.09,83.09,71.49,65.02,75.68
83.87,83.87,71.62,64.30,75.84
83.99,83.99,74.08,63.46,75.49
83.93,83.93,76.14,62.24,75.82
83.88,83.88,75.41,66.79,75.29
84.45,84.45,76.74,66.12,76.35
80.78,80.78,76.63,61.95,76.59
83.15,83.15,75.91,63.79,77.20
81.50,81.50,76.06,64.23,76.24
82.78,82.78,75.83,64.15,76.94
82.21,82.21,74.61,66.98,76.91
82.62,82.62,75.01,69.97,77.35
82.93,82.93,73.10,68.13,77.89
80.89,80.89,73.58,68.28,78.08
80.86,80.86,72.32,67.17,77.69
81.39,81.39,72.48,65.72,77.68
82.14,82.14,73.27,67.11,77.72
82.29,82.29,75.07,67.08,78.29
76.50,76.50,76.79,68.65,77.34
79.83,79.83,75.66,67.76,77.49
84.86,84.86,74.71,67.43,76.63
81.73,81.73,73.84,66.36,78.05
81.08,81.08,75.61,65.68,77.32
83.79,83.79,75.49,65.22,75.91
82.48,82.48,74.56,67.43,75.66
83.44,83.44,73.74,67.07,75.22
84.76,84.76,72.19,65.27,75.06
81.63,81.63,73.64,66.65,75.40
82.58,82.58,73.70,64.42,76.27
88.82,88.82,73.49,62.02,74.40
85.36,85.36,74.20,64.48,75.41
79.87,79.87,75.28,66.59,77.14
80.94,80.94,75.54,67.58,77.03
81.89,81.89,75.37,64.94,76.38
79.71,79.71,74.98,63.78,75.98
82.22,82.22,76.51,67.46,76.13
83.03,83.03,76.53,68.14,75.85
79.40,79.40,77.19,67.05,76.19
82.97,82.97,75.88,62.36,75.75
84.23,84.23,72.95,63.56,75.47
82.85,82.85,75.36,70.01,75.99
83.23,83.23,74.54,70.86,75.97
82.70,82.70,74.72,67.65,75.60
84.37,84.37,74.35,63.06,73.85
83.26,83.26,74.83,63.39,75.30
84.35,84.35,74.44,65.69,75.07
82.55,82.55,74.00,67.84,75.55
79.35,79.35,76.33,68.18,75.31
76.83,76.83,76.34,65.10,76.17
79.50,79.50,76.37,66.57,75.00
84.04,84.04,76.87,65.87,74.39
82.77,82.77,75.22,63.11,74.93
83.48,83.48,76.63,69.24,77.32
83.64,83.64,75.24,66.43,77.29
83.63,83.63,74.41,65.08,75.62
82.84,82.84,76.10,65.01,76.81
84.80,84.80,76.53,66.28,77.70
84.21,84.21,76.61,69.34,77.62
77.95,77.95,76.67,66.79,76.92
80.81,80.81,78.37,62.21,75.70
82.84,82.84,76.71,65.03,77.13
79.86,79.86,76.71,65.83,79.19
74.85,74.85,78.45,66.40,77.50
75.68,75.68,78.45,69.08,76.55
79.44,79.44,78.74,67.18,77.30
82.56,82.56,77.46,68.03,76.51
83.89,83.89,76.41,65.73,77.28
84.40,84.40,74.68,63.35,77.16
83.21,83.21,76.15,68.94,77.75
85.33,85.33,77.00,66.52,77.14
85.66,85.66,77.36,66.52,76.89
85.67,85.67,75.24,65.55,75.54
82.72,82.72,76.37,65.30,75.70
85.37,85.37,77.23,67.90,75.90
79.41,79.41,78.26,68.86,75.54
74.69,74.69,78.70,63.50,77.22
73.80,73.80,78.50,64.42,76.67
73.94,73.94,80.28,68.75,76.13
75.60,75.60,79.76,68.89,76.21
77.71,77.71,80.14,66.70,77.60
76.37,76.37,78.95,65.36,76.69
74.74,74.74,80.33,63.71,76.74
85.59,85.59,77.79,66.54,75.00
84.68,84.68,75.53,64.01,74.65
83.98,83.98,76.10,65.00,75.00
75.70,75.70,76.23,65.60,74.57
78.95,78.95,78.48,63.71,76.15
82.60,82.60,77.37,62.44,74.19
83.66,83.66,77.94,65.60,75.05
81.45,81.45,76.31,67.58,74.58
85.11,85.11,74.10,62.19,73.42
81.21,81.21,76.92,60.72,74.86
85.02,85.02,75.01,62.17,72.64
81.76,81.76,77.30,64.81,75.59
77.42,77.42,78.42,68.50,74.58
78.95,78.95,77.53,63.99,76.23
80.84,80.84,76.74,64.60,76.27
78.57,78.57,77.61,64.14,74.99
79.85,79.85,77.42,66.26,74.30
80.98,80.98,78.50,69.27,74.51
80.43,80.43,79.31,65.27,75.92
79.90,79.90,77.70,66.06,74.56
84.60,84.60,77.21,62.58,74.50
84.86,84.86,75.59,63.67,74.92
81.88,81.88,76.26,68.21,73.53
81.93,81.93,77.64,70.29,74.88
83.54,83.54,77.05,65.79,73.97
84.08,84.08,76.94,62.65,74.31
82.39,82.39,76.35,62.32,74.00
81.25,81.25,76.99,65.80,73.13
83.46,83.46,75.82,67.10,72.84
81.92,81.92,77.32,66.10,74.07
79.74,79.74,78.69,64.74,72.85
77.23,77.23,79.90,62.54,75.62
76.71,76.71,78.49,65.65,75.19
82.05,82.05,78.04,69.24,74.60
84.67,84.67,76.53,67.82,74.95
82.84,82.84,76.78,69.07,75.93
81.09,81.09,77.52,63.23,76.49
84.53,84.53,78.37,64.92,73.42
76.77,76.77,78.39,68.77,74.48
81.58,81.58,77.84,72.26,74.35
80.23,80.23,78.51,70.49,74.17
78.69,78.69,79.34,65.75,74.67
76.84,76.84,79.54,64.20,74.91
75.73,75.73,79.11,65.98,75.88
78.05,78.05,79.68,71.22,77.19
79.82,79.82,79.19,70.72,75.54
80.13,80.13,79.57,66.89,76.32
77.54,77.54,78.16,64.38,76.57
79.75,79.75,78.58,65.81,75.36
86.04,86.04,77.57,66.12,73.92
87.16,87.16,76.89,69.77,73.73
85.96,85.96,76.44,67.52,73.92
85.42,85.42,76.28,62.91,75.45
83.65,83.65,77.41,62.46,75.68
84.64,84.64,77.41,67.01,75.40
83.74,83.74,78.19,69.89,75.58
82.64,82.64,77.76,70.07,75.59
80.36,80.36,75.83,65.04,74.88
83.60,83.60,76.56,67.70,74.89
85.31,85.31,76.68,65.96,75.32
86.01,86.01,76.05,64.42,75.73
84.78,84.78,76.42,70.16,75.07
82.61,82.61,77.29,66.02,74.20
80.67,80.67,77.33,65.56,73.77
85.51,85.51,78.71,65.94,74.27
79.22,79.22,77.02,67.30,73.04
78.71,78.71,78.02,69.63,74.81
80.01,80.01,77.85,70.49,76.08
76.29,76.29,77.69,70.62,76.22
83.77,83.77,76.50,68.04,75.84
79.73,79.73,76.53,68.96,76.32
81.85,81.85,76.32,69.70,74.90
84.47,84.47,75.75,70.62,75.86
81.45,81.45,76.65,66.36,75.23
82.93,82.93,76.78,68.22,73.91
81.73,81.73,76.90,64.71,74.52
81.07,81.07,76.30,69.29,74.16
79.70,79.70,76.48,69.39,74.65
84.08,84.08,75.26,67.25,74.87
83.54,83.54,75.37,67.61,75.77
84.75,84.75,74.82,68.63,75.08
82.09,82.09,76.21,67.01,75.88
87.47,87.47,75.79,66.67,74.65
82.83,82.83,74.33,65.77,74.17
78.07,78.07,75.90,69.79,74.65
82.96,82.96,75.69,66.16,76.83
76.43,76.43,76.11,68.11,77.40
79.40,79.40,76.02,68.62,75.50
83.24,83.24,76.34,64.66,76.70
81.65,81.65,76.64,64.95,77.15
82.77,82.77,75.77,70.34,76.42
83.51,83.51,75.41,71.79,75.05
83.12,83.12,74.71,69.69,75.19
82.52,82.52,76.28,61.27,76.79
82.22,82.22,76.63,60.21,77.90
80.10,80.10,75.50,65.26,78.63
81.76,81.76,77.55,70.40,78.27
79.62,79.62,75.17,70.94,76.21
81.84,81.84,76.11,65.12,76.28
81.67,81.67,77.40,63.49,76.37
79.52,79.52,78.82,67.80,76.94
72.76,72.76,77.72,71.19,75.08
84.76,84.76,76.73,70.41,75.57
88.02,88.02,74.78,66.38,74.89
87.57,87.57,75.06,65.40,76.02
86.34,86.34,75.00,65.45,75.84
82.50,82.50,75.37,62.69,76.60
79.23,79.23,75.75,70.06,76.84
78.58,78.58,76.09,71.11,77.31
80.84,80.84,76.38,69.08,74.82
85.40,85.40,77.32,62.75,75.28
82.82,82.82,76.62,58.64,74.48
77.94,77.94,77.65,68.07,76.24
77.60,77.60,77.67,72.08,75.38
80.30,80.30,79.24,71.34,74.93
81.48,81.48,77.47,68.49,75.51
84.01,84.01,78.72,68.63,75.94
80.86,80.86,76.75,67.48,74.96
85.63,85.63,76.86,68.32,75.99
82.64,82.64,77.50,71.22,76.51
75.37,75.37,77.10,69.03,77.10
84.17,84.17,74.97,69.93,74.89
79.50,79.50,76.19,65.25,75.29
81.40,81.40,77.19,67.92,75.89
80.06,80.06,77.36,71.46,76.14
83.01,83.01,80.03,70.26,75.79
79.98,79.98,77.40,69.05,74.50
73.81,73.81,77.30,69.71,74.85
79.62,79.62,78.18,70.44,75.74
79.10,79.10,77.37,69.38,75.59
78.48,78.48,80.92,70.13,76.00
80.26,80.26,78.31,71.84,76.23
80.24,80.24,77.95,69.04,75.39
74.99,74.99,78.46,68.72,76.35
77.50,77.50,78.07,69.35,77.02
82.09,82.09,76.79,67.32,75.39
83.19,83.19,76.82,68.85,75.92
78.78,78.78,77.16,71.01,76.23
82.12,82.12,75.81,66.44,75.22
84.23,84.23,75.87,65.85,75.52
83.12,83.12,75.82,67.78,73.90
81.68,81.68,76.42,69.48,74.77
82.71,82.71,74.47,69.49,75.83
83.87,83.87,75.87,70.43,74.76
86.06,86.06,75.38,72.68,74.71
86.21,86.21,76.97,68.43,75.40
81.17,81.17,76.13,66.83,74.84
78.82,78.82,75.30,68.93,76.15
80.09,80.09,75.24,70.31,75.56
82.78,82.78,74.50,70.01,75.14
82.75,82.75,77.38,70.19,76.59
82.85,82.85,77.28,66.18,75.71
85.26,85.26,78.19,65.09,76.77
82.52,82.52,77.33,71.20,75.68
77.90,77.90,77.26,71.25,75.43
77.15,77.15,78.25,70.78,79.01
77.60,77.60,77.21,70.69,78.33
78.03,78.03,78.24,66.81,79.66
78.29,78.29,79.09,67.81,80.24
77.49,77.49,79.38,72.85,79.16
77.30,77.30,78.04,74.86,81.20
76.89,76.89,77.31,71.88,79.15
76.10,76.10,78.75,67.83,79.70
75.26,75.26,78.12,68.34,80.31
78.67,78.67,76.82,69.35,78.52
80.70,80.70,76.23,71.51,78.19
80.77,80.77,75.20,72.17,77.92
85.88,85.88,76.55,72.29,78.95
85.06,85.06,76.41,70.02,78.22
78.64,78.64,78.64,69.38,76.82
79.58,79.58,78.33,70.19,76.71
81.08,81.08,76.65,71.70,77.32
80.92,80.92,76.66,71.01,77.46
81.68,81.68,75.66,69.31,76.02
81.27,81.27,76.30,65.83,76.81
80.64,80.64,75.79,71.41,77.08
79.04,79.04,76.62,73.96,77.15
78.04,78.04,77.76,71.96,77.03
79.55,79.55,74.89,68.93,76.34
84.93,84.93,77.30,68.46,75.74
85.49,85.49,76.20,69.40,75.37
84.58,84.58,76.74,70.63,74.24
79.05,79.05,79.59,72.34,75.26
79.29,79.29,77.17,71.08,75.76
76.98,76.98,77.25,73.21,75.94
77.29,77.29,77.34,69.63,76.79
75.67,75.67,78.33,69.39,75.70
80.68,80.68,78.96,73.46,77.03
83.40,83.40,78.13,73.74,77.36
83.83,83.83,76.95,69.94,75.43
80.61,80.61,77.97,67.77,76.08
80.66,80.66,76.75,70.10,76.22
82.79,82.79,76.93,72.32,75.65
82.74,82.74,77.17,73.45,74.83
81.65,81.65,77.94,71.91,75.94
82.13,82.13,77.99,68.81,75.90
80.93,80.93,77.20,70.36,73.86
73.96,73.96,79.94,72.34,74.66
71.15,71.15,78.94,73.33,76.85
79.79,79.79,78.85,74.70,76.48
80.55,80.55,78.97,72.39,75.43
79.96,79.96,78.01,67.09,76.02
74.75,74.75,78.21,67.79,76.58
77.26,77.26,78.93,72.19,77.89
73.29,73.29,77.26,74.15,78.34
73.45,73.45,80.34,72.95,77.98
78.18,78.18,79.07,70.91,76.54
77.68,77.68,77.06,70.41,75.71
78.52,78.52,77.16,72.29,75.86
74.99,74.99,77.57,71.58,75.35
77.93,77.93,76.78,71.83,76.90
82.75,82.75,76.26,71.85,75.06
82.39,82.39,76.80,70.89,76.94
79.10,79.10,77.09,71.73,76.87
76.54,76.54,79.63,73.04,77.55
77.13,77.13,78.55,74.11,76.96
77.75,77.75,77.70,73.48,77.53
80.12,80.12,76.41,70.43,76.46
81.86,81.86,75.98,68.30,75.92
83.07,83.07,73.88,71.19,75.69
83.15,83.15,73.48,71.50,75.29
82.15,82.15,75.26,71.40,76.90
82.64,82.64,75.86,72.16,77.70
82.07,82.07,76.01,71.48,75.84
78.76,78.76,76.88,71.39,75.97
76.37,76.37,76.98,70.59,74.95
77.77,77.77,78.02,71.51,77.49
79.95,79.95,78.34,71.59,76.27
79.40,79.40,77.52,72.93,75.99
79.77,79.77,77.86,70.82,76.03
84.72,84.72,77.45,68.83,75.00
83.64,83.64,76.44,71.10,74.71
84.31,84.31,79.15,69.94,75.43
84.50,84.50,77.95,71.59,75.04
82.78,82.78,78.19,71.67,76.47
78.48,78.48,75.24,70.45,74.88
81.51,81.51,75.20,68.70,74.78
84.84,84.84,76.25,66.96,74.80
86.55,86.55,75.69,69.83,73.14
83.88,83.88,75.47,71.30,73.43
77.34,77.34,75.54,70.50,75.53
76.18,76.18,76.85,69.53,75.42
80.60,80.60,78.28,69.89,76.09
80.63,80.63,78.66,70.08,75.76
77.53,77.53,78.32,72.82,74.10
79.35,79.35,78.86,73.10,75.58
83.49,83.49,78.88,71.31,76.54
79.11,79.11,77.89,71.02,77.52
76.85,76.85,78.98,71.62,76.77
84.98,84.98,78.76,71.68,74.93
86.25,86.25,77.39,72.79,75.03
85.63,85.63,78.99,71.75,75.17
85.00,85.00,79.35,67.99,75.27
82.86,82.86,77.61,64.12,75.70
84.40,84.40,77.01,68.75,75.87
85.59,85.59,75.95,71.95,75.09
86.11,86.11,75.31,72.39,74.47
85.55,85.55,75.95,71.41,75.23
85.56,85.56,76.49,68.23,74.91
86.50,86.50,76.34,69.24,74.08
83.34,83.34,77.55,70.37,73.92
83.50,83.50,77.02,73.69,74.80
83.28,83.28,78.21,74.65,74.55
83.11,83.11,77.73,70.84,75.01
85.42,85.42,78.31,64.88,75.24
83.73,83.73,76.47,68.00,75.71
82.74,82.74,75.20,71.55,76.01
82.80,82.80,75.93,73.40,76.27
86.49,86.49,75.43,71.80,75.70
88.31,88.31,75.51,66.16,74.34
81.99,81.99,76.93,68.60,73.54
80.46,80.46,76.03,71.61,74.53
80.43,80.43,76.58,73.87,73.65
82.45,82.45,76.76,73.17,74.97
80.05,80.05,77.98,72.97,75.13
79.76,79.76,79.17,73.82,76.28
82.51,82.51,76.99,72.03,76.32
78.80,78.80,78.66,71.89,76.48
80.41,80.41,77.44,72.92,77.18
81.02,81.02,77.78,70.96,78.00
81.64,81.64,77.25,70.62,78.32
86.86,86.86,77.87,69.84,75.29
78.15,78.15,76.86,71.64,74.80
82.36,82.36,78.76,71.26,76.57
82.52,82.52,78.86,71.56,75.76
78.30,78.30,78.05,69.84,78.09
78.95,78.95,76.99,72.60,78.44
77.03,77.03,78.51,70.96,78.31
87.10,87.10,78.05,70.80,75.55
85.52,85.52,77.96,69.96,75.36
79.07,79.07,79.88,69.35,75.14
83.76,83.76,79.67,71.06,75.05
77.32,77.32,78.52,70.00,78.14
81.95,81.95,78.96,70.16,78.20
78.79,78.79,78.66,71.89,76.75
85.17,85.17,76.65,70.78,77.18
79.83,79.83,77.70,69.10,80.30
75.59,75.59,78.59,72.85,80.23
74.47,74.47,77.50,73.14,80.12
71.97,71.97,77.85,73.09,77.45
79.64,79.64,78.60,72.14,77.54
81.01,81.01,77.98,70.41,76.71
74.71,74.71,79.54,72.39,77.13
79.89,79.89,79.56,73.35,78.18
78.67,78.67,78.21,72.08,75.92
75.87,75.87,78.36,71.91,76.30
78.24,78.24,79.67,71.57,75.59
81.93,81.93,78.36,71.58,76.46
83.96,83.96,77.39,69.98,75.53
83.51,83.51,75.57,69.67,75.75
82.62,82.62,76.22,68.30,76.16
83.07,83.07,75.70,68.61,75.29
84.63,84.63,75.05,69.69,74.66
84.02,84.02,77.92,71.55,75.79
80.87,80.87,77.46,72.70,74.79
78.82,78.82,75.71,69.76,74.51
76.75,76.75,76.91,68.82,75.92
78.91,78.91,78.54,69.86,77.31
78.40,78.40,78.31,70.70,75.94
81.19,81.19,80.04,72.32,75.66
82.23,82.23,76.72,69.92,76.31
82.33,82.33,75.16,67.58,75.80
83.87,83.87,76.09,66.36,76.13
83.94,83.94,75.99,67.48,75.86
83.22,83.22,74.21,68.61,74.79
82.14,82.14,75.45,70.10,75.58
81.04,81.04,76.93,69.18,76.56
78.29,78.29,75.67,63.37,75.98
79.68,79.68,76.55,66.66,75.64
78.26,78.26,76.11,72.08,76.86
79.60,79.60,77.68,74.37,77.08
78.84,78.84,77.34,71.77,78.15
78.59,78.59,77.97,68.32,76.47
78.79,78.79,78.94,66.00,78.74
77.46,77.46,78.01,70.75,77.83
81.74,81.74,75.68,73.51,76.11
86.12,86.12,75.89,73.87,74.48
84.30,84.30,76.18,74.09,76.84
81.44,81.44,75.88,67.92,76.29
82.52,82.52,75.99,60.72,77.31
83.23,83.23,76.47,70.81,76.25
82.61,82.61,75.31,73.14,76.11
83.62,83.62,76.91,70.88,76.05
84.44,84.44,75.94,69.53,75.29
84.07,84.07,74.76,66.13,75.04
82.84,82.84,75.10,67.94,75.46
81.74,81.74,73.80,70.35,74.85
82.72,82.72,75.43,71.14,74.14
81.50,81.50,76.38,70.47,75.39
80.16,80.16,75.62,69.82,75.39
78.80,78.80,77.43,69.35,75.92
79.95,79.95,77.11,69.37,76.42
76.64,76.64,78.39,72.11,77.85
83.35,83.35,76.79,72.96,75.76
85.28,85.28,76.22,69.93,75.22
83.18,83.18,74.79,70.03,76.51
84.92,84.92,75.75,67.08,76.16
87.60,87.60,74.64,70.24,76.30
85.90,85.90,73.71,67.04,75.17
83.81,83.81,75.02,64.57,74.45
78.87,78.87,76.68,71.32,73.84
79.45,79.45,78.45,71.12,75.96
82.19,82.19,76.82,68.87,77.20
83.39,83.39,76.47,68.98,78.05
84.37,84.37,75.57,69.36,77.18
85.24,85.24,73.66,69.16,77.81
84.61,84.61,73.78,69.55,77.87
82.13,82.13,72.98,70.64,78.97
79.46,79.46,75.22,72.22,77.64
74.91,74.91,76.41,72.62,79.25
78.76,78.76,76.15,69.68,79.46
79.05,79.05,77.64,70.12,78.57
77.88,77.88,77.63,73.50,77.04
80.81,80.81,77.98,71.72,77.38
80.64,80.64,76.60,70.19,77.00
77.18,77.18,75.84,69.57,77.67
77.66,77.66,75.93,66.74,79.42
81.90,81.90,75.82,69.48,79.08
87.50,87.50,74.17,67.86,77.77
87.57,87.57,74.06,66.22,77.18
84.55,84.55,74.37,67.36,77.43
81.19,81.19,76.16,67.39,77.23
81.88,81.88,77.21,66.46,77.99
82.16,82.16,77.33,69.41,76.11
79.91,79.91,76.02,73.12,76.57
78.63,78.63,74.73,70.22,77.94
76.07,76.07,75.76,63.43,80.00
78.87,78.87,75.87,68.12,80.91
81.40,81.40,76.29,72.66,79.52
75.99,75.99,76.57,73.67,78.79
73.18,73.18,76.46,67.28,79.83
69.82,69.82,77.57,66.35,79.87
71.89,71.89,76.50,70.75,80.43
75.21,75.21,77.11,72.30,80.13
74.52,74.52,76.09,73.13,79.72
73.00,73.00,76.33,71.98,80.84
76.81,76.81,76.39,67.43,80.15
78.67,78.67,77.02,65.73,79.42
79.06,79.06,77.51,69.45,79.71
80.18,80.18,76.61,73.71,77.46
75.85,75.85,77.61,75.04,77.20
78.11,78.11,78.36,69.63,77.31
80.21,80.21,76.75,66.47,76.43
82.24,82.24,77.45,69.24,76.90
81.80,81.80,77.14,71.77,75.79
82.40,82.40,76.91,67.80,75.60
83.50,83.50,75.70,65.59,75.05
81.99,81.99,76.30,70.03,75.66
81.08,81.08,75.89,67.51,75.00
80.87,80.87,76.48,65.93,74.58
78.53,78.53,77.07,70.99,75.60
79.37,79.37,78.16,68.17,76.17
81.10,81.10,77.92,69.85,76.57
84.31,84.31,77.35,68.16,75.33
77.06,77.06,77.10,67.03,75.71
71.21,71.21,79.01,72.40,75.24
72.58,72.58,79.86,74.11,76.36
75.45,75.45,80.53,66.72,77.50
73.55,73.55,79.81,70.02,76.52
73.96,73.96,80.02,70.47,76.24
70.66,70.66,78.60,71.37,77.16
73.14,73.14,77.86,70.47,77.22
75.86,75.86,78.83,68.99,77.64
77.74,77.74,78.56,71.20,76.83
80.89,80.89,77.04,70.13,78.15
82.62,82.62,75.90,66.49,79.84
81.23,81.23,74.83,67.65,80.83
81.10,81.10,75.03,69.79,80.75
82.85,82.85,74.67,70.72,79.29
81.81,81.81,74.72,71.18,77.87
79.11,79.11,77.10,70.19,78.79
82.71,82.71,76.09,69.91,79.75
80.91,80.91,74.37,69.33,82.28
82.07,82.07,76.08,64.24,79.62
83.23,83.23,75.44,67.35,79.56
81.27,81.27,74.42,71.42,77.49
81.71,81.71,74.93,68.47,77.29
83.59,83.59,74.67,68.76,77.65
83.51,83.51,75.41,63.77,77.97
81.32,81.32,76.53,66.62,77.37
84.80,84.80,75.98,68.43,77.56
86.15,86.15,74.22,70.01,78.29
83.84,83.84,74.92,68.43,76.85
85.79,85.79,75.34,68.20,77.41
79.71,79.71,77.30,64.93,76.28
71.86,71.86,77.35,67.36,76.70
75.72,75.72,78.53,72.98,76.36
70.42,70.42,78.32,74.03,76.84
74.46,74.46,78.09,66.00,78.50
76.78,76.78,78.64,68.62,78.53
77.71,77.71,78.26,66.62,76.91
83.77,83.77,77.32,69.64,76.82
83.23,83.23,77.00,71.21,75.55
83.55,83.55,77.42,69.52,75.97
83.32,83.32,78.39,69.72,75.84
80.34,80.34,76.87,69.32,76.29
81.43,81.43,78.50,64.86,76.54
82.92,82.92,78.10,69.12,76.57
85.70,85.70,78.18,69.04,74.99
79.00,79.00,77.71,69.11,74.29
76.35,76.35,80.02,66.93,74.57
75.96,75.96,80.38,70.77,75.81
78.88,78.88,78.89,70.51,75.76
76.32,76.32,79.48,69.07,77.60
77.84,77.84,77.52,66.53,76.74
82.28,82.28,77.76,64.62,76.71
84.42,84.42,78.44,68.06,77.33
78.97,78.97,77.61,67.04,78.50
80.31,80.31,77.76,64.88,78.54
79.52,79.52,78.08,69.64,77.86
80.62,80.62,78.56,70.28,78.88
81.64,81.64,77.60,67.01,77.64
81.51,81.51,76.69,65.33,77.07
82.65,82.65,77.26,70.50,77.10
77.29,77.29,78.16,71.05,76.86
76.88,76.88,77.01,69.22,77.25
76.03,76.03,76.81,69.17,79.39
78.05,78.05,77.62,67.18,78.78
77.48,77.48,76.73,70.19,80.34
73.99,73.99,77.78,69.01,78.48
71.37,71.37,79.74,68.09,78.43
71.27,71.27,79.71,66.26,75.98
75.71,75.71,79.19,71.20,76.36
75.94,75.94,79.33,69.27,77.99
75.52,75.52,78.48,69.35,77.55
75.89,75.89,78.53,69.48,77.39
77.00,77.00,78.43,69.79,77.40
78.21,78.21,79.07,70.58,75.75
81.00,81.00,78.38,67.04,76.75
82.51,82.51,78.23,65.86,76.35
82.54,82.54,77.73,70.95,75.11
79.13,79.13,78.59,71.03,75.81
74.95,74.95,79.15,69.90,75.56
74.70,74.70,79.43,68.33,74.88
73.36,73.36,82.18,63.12,75.84
79.50,79.50,79.59,67.50,77.77
82.68,82.68,79.79,69.09,75.22
84.14,84.14,78.03,65.09,77.55
84.59,84.59,78.23,70.74,77.26
84.41,84.41,78.86,67.52,76.46
84.31,84.31,79.51,66.22,75.73
79.16,79.16,78.81,70.58,75.74
68.94,68.94,77.64,66.63,77.88
68.67,68.67,79.25,68.02,78.45
71.32,71.32,77.25,68.26,77.16
71.23,71.23,79.89,69.73,76.91
71.71,71.71,78.52,67.91,79.30
75.17,75.17,78.21,67.38,78.96
74.48,74.48,77.32,68.16,80.03
76.04,76.04,77.65,66.02,79.34
72.93,72.93,78.53,66.64,78.35
73.42,73.42,79.56,66.21,77.04
77.31,77.31,78.84,68.00,76.20
78.50,78.50,80.34,68.96,76.56
80.61,80.61,79.16,67.95,76.79
85.76,85.76,79.09,65.95,76.91
83.30,83.30,79.16,63.99,76.51
78.15,78.15,81.29,66.47,77.32
77.75,77.75,78.99,63.60,77.12
81.48,81.48,80.62,65.97,78.13
82.98,82.98,78.47,68.86,76.49
82.81,82.81,79.12,69.60,77.93
77.71,77.71,76.06,64.92,78.45
78.06,78.06,78.39,66.32,79.45
81.93,81.93,77.40,69.95,78.58
85.33,85.33,77.50,64.16,78.41
86.49,86.49,76.35,64.55,78.47
84.85,84.85,75.04,66.24,77.19
81.73,81.73,75.70,67.07,76.89
78.50,78.50,77.27,66.66,77.05
79.44,79.44,77.36,67.71,77.30
85.58,85.58,75.71,68.96,76.49
84.88,84.88,77.40,66.87,75.79
82.39,82.39,77.48,65.03,76.67
78.47,78.47,76.77,62.94,75.91
82.48,82.48,78.26,66.55,76.53
78.42,78.42,78.81,68.19,75.53
78.94,78.94,78.91,66.17,77.17
78.07,78.07,79.40,65.07,76.36
76.42,76.42,78.15,65.33,75.36
76.76,76.76,78.83,68.32,76.24
78.79,78.79,79.00,67.65,76.15
77.89,77.89,77.99,66.41,77.67
72.45,72.45,78.43,66.19,77.16
74.71,74.71,78.31,66.31,78.10
78.47,78.47,78.15,64.09,77.59
80.99,80.99,77.75,64.96,78.29
78.11,78.11,78.14,68.95,78.55
72.81,72.81,79.22,69.06,77.31
76.59,76.59,78.46,66.11,77.87
83.46,83.46,78.04,60.96,76.38
81.43,81.43,76.93,64.09,78.03
83.74,83.74,76.96,67.75,77.12
83.17,83.17,75.19,67.98,77.16
84.39,84.39,75.26,63.83,78.73
86.26,86.26,74.59,64.86,78.55
85.65,85.65,74.20,63.67,77.82
86.22,86.22,74.12,66.29,76.71
87.74,87.74,74.07,67.27,76.46
87.37,87.37,72.43,67.29,77.36
86.19,86.19,71.37,64.34,76.14
79.81,79.81,74.97,63.99,78.78
73.32,73.32,78.48,64.24,77.40
72.81,72.81,77.32,68.07,75.79
69.33,69.33,77.49,68.05,76.37
67.10,67.10,78.56,65.44,77.59
68.25,68.25,77.67,62.43,77.84
62.76,62.76,77.91,61.59,78.86
69.06,69.06,79.80,64.06,79.46
77.54,77.54,79.49,64.91,81.31
84.09,84.09,76.74,62.96,79.67
83.05,83.05,75.07,64.15,78.69
77.34,77.34,77.09,66.30,78.26
84.68,84.68,75.99,63.40,79.27
76.79,76.79,77.21,65.97,79.81
80.97,80.97,76.80,62.01,79.61
79.05,79.05,76.74,62.11,79.97
74.31,74.31,76.89,65.98,80.09
78.93,78.93,75.86,65.47,80.75
78.64,78.64,76.11,64.65,78.49
79.61,79.61,77.54,61.22,78.79
82.51,82.51,78.84,63.67,78.30
80.59,80.59,77.95,64.62,77.92
83.94,83.94,78.04,64.31,77.54
81.22,81.22,77.56,65.56,77.03
81.48,81.48,76.65,68.42,76.70
78.23,78.23,78.23,67.18,76.82
73.86,73.86,79.23,66.18,77.32
75.69,75.69,79.06,65.91,76.48
75.64,75.64,79.73,65.19,78.30
79.65,79.65,80.03,66.98,78.27
73.55,73.55,79.31,69.00,76.86
70.27,70.27,80.38,68.97,76.14
77.10,77.10,82.03,68.66,76.10
68.18,68.18,80.99,69.61,74.70
68.70,68.70,82.18,65.55,75.40
65.54,65.54,76.88,61.34,69.47
57.40,57.40,58.93,49.67,56.76
45.09,45.09,47.64,36.97,45.28
31.95,31.95,34.64,27.08,33.12
14.58,14.58,18.56,8.28,15.82
2.17,2.17,3.50,0.61,2.31
-0.00,-0.00,0.03,-0.00,-0.00
-0.00,-0.00,0.03,-0.00,-0.00
-0.00,-0.00,0.03,-0.00,-0.00
-0.00,-0.00,0.03,-0.00,-0.00
-0.00,-0.00,0.03,-0.00,-0.00
-0.00,-0.00,0.03,-0.00,-0.00
-0.00,-0.00,0.03,-0.00,-0.00
-0.00,-0.00,0.03,-0.00,-0.00
